-- MySQL dump 10.14  Distrib 5.5.35-MariaDB, for debian-linux-gnu (i686)
--
-- Host: localhost    Database: citep
-- ------------------------------------------------------
-- Server version	5.5.35-MariaDB-1~precise-log

/*!40101 SET @OLD_CHARACTER_SET_CLIENT=@@CHARACTER_SET_CLIENT */;
/*!40101 SET @OLD_CHARACTER_SET_RESULTS=@@CHARACTER_SET_RESULTS */;
/*!40101 SET @OLD_COLLATION_CONNECTION=@@COLLATION_CONNECTION */;
/*!40101 SET NAMES utf8 */;
/*!40103 SET @OLD_TIME_ZONE=@@TIME_ZONE */;
/*!40103 SET TIME_ZONE='+00:00' */;
/*!40014 SET @OLD_UNIQUE_CHECKS=@@UNIQUE_CHECKS, UNIQUE_CHECKS=0 */;
/*!40014 SET @OLD_FOREIGN_KEY_CHECKS=@@FOREIGN_KEY_CHECKS, FOREIGN_KEY_CHECKS=0 */;
/*!40101 SET @OLD_SQL_MODE=@@SQL_MODE, SQL_MODE='NO_AUTO_VALUE_ON_ZERO' */;
/*!40111 SET @OLD_SQL_NOTES=@@SQL_NOTES, SQL_NOTES=0 */;

--
-- Table structure for table `arquetipo_alumnos`
--

DROP TABLE IF EXISTS `arquetipo_alumnos`;
/*!40101 SET @saved_cs_client     = @@character_set_client */;
/*!40101 SET character_set_client = utf8 */;
CREATE TABLE `arquetipo_alumnos` (
  `id` int(10) unsigned NOT NULL AUTO_INCREMENT,
  `arquetipo_id` int(10) unsigned NOT NULL,
  `primer_nombre` varchar(255) DEFAULT NULL,
  `ultimo_nombre` varchar(255) DEFAULT NULL,
  `email` varchar(255) DEFAULT NULL,
  `hash` varchar(64) DEFAULT NULL,
  `created_at` timestamp NOT NULL DEFAULT CURRENT_TIMESTAMP ON UPDATE CURRENT_TIMESTAMP,
  `ocultar` tinyint(1) DEFAULT '0',
  PRIMARY KEY (`id`),
  UNIQUE KEY `email_2` (`email`,`arquetipo_id`),
  UNIQUE KEY `hash` (`hash`),
  KEY `email` (`email`)
) ENGINE=InnoDB AUTO_INCREMENT=90 DEFAULT CHARSET=latin1;
/*!40101 SET character_set_client = @saved_cs_client */;

--
-- Dumping data for table `arquetipo_alumnos`
--

LOCK TABLES `arquetipo_alumnos` WRITE;
/*!40000 ALTER TABLE `arquetipo_alumnos` DISABLE KEYS */;
INSERT INTO `arquetipo_alumnos` VALUES (2,1,'Eze2','Golub','ezequiel.golub+citep2@gmail.com',NULL,'0000-00-00 00:00:00',0),(3,1,'Juan alberto',' perez',' jp@gmail.com',NULL,'0000-00-00 00:00:00',0),(4,1,'pepe',' pepe',' pepep@pepepe.com',NULL,'0000-00-00 00:00:00',0),(5,2,'otro',' otro',' otro@gmail.com',NULL,'0000-00-00 00:00:00',0),(6,1,'eze',' eze',' asasas@aaaa.com',NULL,'0000-00-00 00:00:00',0),(7,1,'eze',' quiel',' ezequiel.golub@gmail.com',NULL,'0000-00-00 00:00:00',0),(12,2,'eze','gol','ezequiel.golub@gmail.com',NULL,'0000-00-00 00:00:00',0),(13,2,'eze','gol2','ezequiel.golub+2@gmail.com',NULL,'0000-00-00 00:00:00',0),(15,18,'eze','gol','ezequiel.golub@gmail.com',NULL,'0000-00-00 00:00:00',0),(16,18,'pedro','perez','ezequiel.golub+pedroperez@gmail.com',NULL,'0000-00-00 00:00:00',0),(17,18,'lara','vitalia','ezequiel.golub+laravitalia@gmail.com',NULL,'0000-00-00 00:00:00',0),(18,18,'eze','gol','ezequielgolub@gmail.com','8993ab73f848a69737d4f7c210c1eb74','0000-00-00 00:00:00',0),(19,18,'eze','gol','ezequielgolub+2@gmail.com','136efc6d8e89cc0059c44a4a1c4a2679','0000-00-00 00:00:00',0),(20,18,'eze','gol','ezequielgolub+alumno@gmail.com','8f880f6ecb5e4deb80edd709c7331de0','0000-00-00 00:00:00',0),(21,19,'eze','gol','ezequiel.golub@gmail.com','caeb528ef639cbb957e1943bf04b89fb','0000-00-00 00:00:00',0),(22,21,'eze','gol','ezequiel.golub+prod@gmail.com','77a59f1b28792e819ccb35abb3ed3e7d','0000-00-00 00:00:00',0),(23,20,'eze','gol','ezequiel.golub@gmail.com','a0664b7b667e25154100ffba5e563308','0000-00-00 00:00:00',0),(24,20,'Fernanda','Perosi','mfperosi@hotmail.com','845e1024f04ddf108a831bae75036f38','0000-00-00 00:00:00',0),(25,22,'Fernanda','Perosi','mfperosi@hotmail.com','e8265426200c570e68b3643d7df45c12','0000-00-00 00:00:00',0),(26,23,'Fernanda','Perosi','mfperosi@hotmail.com','d1d32739944d03022c05316dc5abf024','0000-00-00 00:00:00',0),(27,24,'Fernanda','Perosi','mfperosi@hotmail.com','0cab5ae407eb073c66cc79d68eb5c378','0000-00-00 00:00:00',0),(28,25,'Fernanda','Perosi','mfperosi@hotmail.com','07490e9beedc419b8b81a82511a62ed7','0000-00-00 00:00:00',0),(29,25,'Ezequiel','Golub','ezequiel.golub@gmail.com','664c3d70b2a7f30d644909880dffaa95','0000-00-00 00:00:00',0),(30,26,'Fernanda','Perosi','mfperosi@hotmail.com','13be4faef55756c6fc554c8a98ef5848','0000-00-00 00:00:00',0),(31,27,'eze','gol','ezequiel.golub@gmail.com','56240c85fb3c6d4e96bf7a4e7fea0064','0000-00-00 00:00:00',0),(32,28,'Fernanda','Perosi','mfperosi@hotmail.com','e6d980e544aee1d9e3f748bae20a023e','0000-00-00 00:00:00',0),(33,28,'eze','gol','ezequiel.golub@gmail.com','c41d995ec4ccc86401c73db0ea261d3d','0000-00-00 00:00:00',0),(34,29,'Fernanda','Perosi','mfperosi@hotmail.com','624046b4dac8493509395a9981b57db9','0000-00-00 00:00:00',0),(35,18,'eze','gol','ezequiel.golub+test_hora@gmail.com','e07b642328a3025423e7dfc161db9eb6','0000-00-00 00:00:00',0),(36,28,'eze','gol','ezequiel.golub+test_horas@gmail.com','206a901efcc6ea4a6eabdc8203f68f79','0000-00-00 00:00:00',0),(37,28,'eze','gol','ezequiel.golub+test_horas1293@gmail.com','d4b326618dd23e3a6a7220aa32608d6d','0000-00-00 00:00:00',0),(38,30,'Fernanda','Perosi','mfperosi@hotmail.com','16d77589e1365b13428ad5ad7f52cdeb','0000-00-00 00:00:00',0),(39,16,'Fernanda','Perosi','mfperosi@hotmail.com','c55cf3b332e5fba7ee2fdd2c33ee5cca','0000-00-00 00:00:00',0),(40,31,'Fernanda','Perosi','mfperosi@hotmail.com','93818f028e9b1c2bd107e10db3fdc8aa','0000-00-00 00:00:00',0),(41,31,'ezequiel','golub','ezequiel.golub@gmail.com','f88f56f3880808d335b30b08e19b854d','0000-00-00 00:00:00',0),(42,31,'eze','gol','ezequiel.golub+inv1@gmail.com','f375159a8e28b3a6e8dc9553a747e7da','0000-00-00 00:00:00',0),(43,31,'eze','gol','ezequiel.golub+inv2@gmail.com','dbb56eeb9d2fc15b929a5920cd21da49','0000-00-00 00:00:00',0),(44,31,'eze','gol','ezequiel.golub+inv3@gmail.com','6a43bea9b82bed834e830beda13fdc06','0000-00-00 00:00:00',0),(45,31,'eze','gol','ezequiel.golub+inv4@gmail.com','8262d34ee9e9a579ad27c14bd005dfd9','0000-00-00 00:00:00',0),(46,31,'eze','gol','ezequiel.golub+inv5@gmail.com','05ab15a1a453df9b5010307a341d00f3','0000-00-00 00:00:00',0),(47,31,'peca','morocha','pecamorocha@hotmail.com','466e57a4c48c1fc0edf82fcfae4a5b6b','0000-00-00 00:00:00',0),(48,31,'Fernanda','Perosi','ideored@gmail.com','c543cccb9cc31f3fb5186c406d26e8b0','0000-00-00 00:00:00',0),(49,31,'Fernanda','Perosi','fperosi@speedy.com.ar','4a7153dcc1c8110b8eee8cbbfac48a8c','0000-00-00 00:00:00',0),(50,32,'Fernanda','Perosi','ideored@gmail.com','58e1c99b497b02ddbfc2238aa48ec19a','0000-00-00 00:00:00',0),(51,32,'Fernanda','Hotmail','mfperosi@hotmail.com','aabdaf6c2b0339151bf2cacd0b95619a','0000-00-00 00:00:00',0),(52,33,'Fernanda','Perosi','mfperosi@hotmail.com','0d44c1452b5591949dd31a6f0cf64c2e','0000-00-00 00:00:00',0),(53,33,'Fer','Perosi','ideored@gmail.com','844f360eeeb022e3eaa06087e7c74507','0000-00-00 00:00:00',0),(54,33,'Fernanda','Ideored','fperosi@speedy.com.ar','197c2b6f3d329f116b225baeec353073','0000-00-00 00:00:00',0),(55,33,'ezequiel','golub','ezequiel.golub+2309@gmail.com','946a6cb7160f60cd645eea7fa3625097','0000-00-00 00:00:00',0),(56,33,'ezequiel','golub','ezegolub@yahoo.com','03c8f948ddd4a64ac571233e6bfb81d0','0000-00-00 00:00:00',0),(57,33,'ezequiel','golub','pecamorocha@hotmail.com','fb71c9a3309811579e5ee18b98cf89dd','0000-00-00 00:00:00',0),(58,33,'ezequiel','golub','ezequiel.golub+invcitep@gmail.com','ba3bf6c8db3bc438d9a0fe4eea42528c','0000-00-00 00:00:00',0),(59,33,'eze','gol','ezequiel.golub@gmail.com','3e96a9d354fd68529cd3725b28cb88d5','2013-09-23 18:56:24',0),(60,35,'Veronica','Perosi','vperosi@gmail.com','a56e9c41eccbc92515b6060cc182e72b','2013-09-24 18:59:29',0),(61,35,'Carina','Lion','carinalion@gmail.com','67e6d69ae2ee9c3785654605df1ba2ea','2013-09-24 18:59:30',0),(62,37,'Fernanda','Perosi','mfperosi@hotmail.com','5a4ce88e0c65fca2fd3bc9b289467a86','2013-09-25 12:45:24',0),(63,35,'Fernanda','Perosi','mfperosi@hotmail.com','3a61face0c026e4859b13e4c7d8de87e','2013-09-25 12:58:15',0),(64,35,'eze','gol','ezequiel.golub@gmail.com','d64fc862efa4767686a1eab1701f6537','2013-09-28 14:49:45',0),(65,41,'Fernanda','Perosi','mfperosi@hotmail.com','9db2551104fd390293e41734ef3ebd2d','2013-11-11 13:08:10',0),(66,50,'Fernanda','Perosi','mfperosi@hotmail.com','ea747333d62886eedb54f7dbb368db95','2013-11-17 17:16:58',0),(67,52,'Fernanda','Perosi','mfperosi@hotmail.com','d2399c72c0949141b6768d58273ab097','2013-11-21 23:24:53',0),(68,53,'Fernanda','Perosi','mfperosi@hotmail.com','b72d1aef0e4a4dc6f99776d2c36c4e13','2013-12-02 13:08:01',0),(69,58,'Carina','Lion','carinalion@gmail.com','10ff7ec9219b455eb5bd1a3e2dab62e2','2013-12-20 12:30:01',0),(70,58,'veronica','perosi','vperosi@gmail.com','ec1acc8d67a269227cf7791366da2d1a','2014-01-08 20:31:49',0),(71,58,'fernanda','perosi','mfperosi@hotmail.com','e8556fb8f86ea1a36ab38f8386a2bae2','2014-01-08 20:35:13',0),(72,60,'veronica','perosi','vperosi@gmail.com','11a3e955eaf5c550679966ccb4fc2f7b','2014-01-08 20:53:17',0),(73,64,'fernanda','perosi','mfperosi@hotmail.com','fdcd7e41fd44fc3860e6d17acaf7c9fa','2014-01-10 01:49:37',0),(74,64,'verónica','Perosi','vperosi@gmail.com','92cc97619d5d2d220e3f53646b4af3cc','2014-01-10 01:51:44',0),(75,68,'Fernanda','Perosi','mfperosi@hotmail.com','5e97c9cbff75ac157d2acb02a5d021c0','2014-03-04 14:48:24',0),(76,69,'Fernanda','Perosi','mfperosi@hotmail.com','cc9f9263370a01760280bef80d41c33f','2014-03-04 14:53:37',0),(77,70,'Fernanda','Perosi','mfperosi@hotmail.com','a0dcc25941dd61075bad938e1fb83607','2014-03-07 12:13:14',0),(78,71,'e','g','e@g.com','0176c68fc7423bfe72940d7302691607','2014-03-07 15:43:09',0),(79,74,'Fernanda','Perosi','mfperosi@hotmail.com','408f0de533827fcee0808bb41c7e9081','2014-03-12 15:43:17',0),(80,75,'Fernanda','Perosi','mfperosi@hotmail.com','f5ccc1cdd3cf291365991307444805f4','2014-03-12 17:01:42',0),(81,75,'Verónica','Perosi','vperosi@gmail.com','23207a10418308fd391710bb5a4336ee','2014-03-12 17:01:42',0),(82,78,'Fernanda Perosi','','mfperosi@hotmail.com','e95367a0dccc6e8b90f2ef8aa302f182','2014-03-22 01:23:55',1),(83,74,'Verónica Perosi','','vperosi@gmail.com','7f1f9b21c27365411680d94c30a73de9','2014-03-28 17:39:15',1),(84,80,'Verónica','Perosi','vperosi@gmail.com','e9c90c24e0783dcfab673861f55a04c6','2014-04-04 15:22:46',0),(85,80,'Fernanda','Perosi','mfperosi@hotmail.com','5bf1242c51b88749b4e74dce097c1577','2014-04-04 15:22:46',0),(86,81,'Verónica Perosi','','vperosi@gmail.com','09461070b829980bf23df5e1e933e391','2014-06-05 16:05:35',1),(87,84,'Verónica Perosi','','vperosi@gmail.com','fa3c8ef43da5db9ae01cfbcd0781ada3','2014-06-12 13:52:10',1),(88,60,'Fernanda Perosi','','mfperosi@hotmail.com','801de847cf4b2507704c391260bb1fce','2014-09-01 19:23:28',1),(89,35,'Angeles','Soletic','asoletic@webar.com','2deda21d3a5df2ac8672a438d9440967','2014-09-02 15:57:31',0);
/*!40000 ALTER TABLE `arquetipo_alumnos` ENABLE KEYS */;
UNLOCK TABLES;

--
-- Table structure for table `arquetipo_imagenes`
--

DROP TABLE IF EXISTS `arquetipo_imagenes`;
/*!40101 SET @saved_cs_client     = @@character_set_client */;
/*!40101 SET character_set_client = utf8 */;
CREATE TABLE `arquetipo_imagenes` (
  `arquetipo_id` int(10) unsigned NOT NULL,
  `imagen_ubicacion` varchar(255) DEFAULT NULL,
  `id` int(10) unsigned NOT NULL AUTO_INCREMENT,
  `titulo` varchar(255) NOT NULL,
  PRIMARY KEY (`id`)
) ENGINE=InnoDB AUTO_INCREMENT=210 DEFAULT CHARSET=latin1;
/*!40101 SET character_set_client = @saved_cs_client */;

--
-- Dumping data for table `arquetipo_imagenes`
--

LOCK TABLES `arquetipo_imagenes` WRITE;
/*!40000 ALTER TABLE `arquetipo_imagenes` DISABLE KEYS */;
INSERT INTO `arquetipo_imagenes` VALUES (18,'http://assets.citep.local//img/stock_arquetipos/150x150&text=imagen_1',1,''),(18,'http://assets.citep.local//img/stock_arquetipos/150x150&text=imagen_10',2,''),(18,'http://assets.citep.local//img/stock_arquetipos/150x150&text=imagen_2',3,''),(18,'http://assets.citep.local//img/stock_arquetipos/150x150&text=imagen_3',4,''),(18,'http://assets.citep.local//img/stock_arquetipos/150x150&text=imagen_4',5,''),(18,'http://assets.citep.local//img/stock_arquetipos/150x150&text=imagen_5',6,''),(19,'http://assets.citep.local//img/stock_arquetipos/ancianidad.jpg',7,''),(19,'http://assets.citep.local//img/stock_arquetipos/juventud.jpg',8,''),(19,'http://assets.citep.local//img/stock_arquetipos/legalidad.jpg',9,''),(19,'http://assets.citep.local//img/stock_arquetipos/mujer.jpg',10,''),(19,'http://assets.citep.local//img/stock_arquetipos/rural.jpg',11,''),(19,'http://assets.citep.local//img/stock_arquetipos/varon.jpg',12,''),(20,'http://assets.citep.fastbox.co//img/stock_arquetipos/discapacidad.jpg',13,''),(20,'http://assets.citep.fastbox.co//img/stock_arquetipos/juventud.jpg',14,''),(20,'http://assets.citep.fastbox.co//img/stock_arquetipos/legalidad.jpg',15,''),(20,'http://assets.citep.fastbox.co//img/stock_arquetipos/mujer.jpg',16,''),(20,'http://assets.citep.fastbox.co//img/stock_arquetipos/ninez.jpg',17,''),(21,'http://assets.citep.fastbox.co//img/stock_arquetipos/discapacidad.jpg',18,''),(21,'http://assets.citep.fastbox.co//img/stock_arquetipos/juventud.jpg',19,''),(21,'http://assets.citep.fastbox.co//img/stock_arquetipos/legalidad.jpg',20,''),(21,'http://assets.citep.fastbox.co//img/stock_arquetipos/mujer.jpg',21,''),(21,'http://assets.citep.fastbox.co//img/stock_arquetipos/ninez.jpg',22,''),(22,'http://assets.citep.fastbox.co//img/stock_arquetipos/ancianidad.jpg',25,'Ancianidad'),(22,'http://assets.citep.fastbox.co//img/stock_arquetipos/discapacidad.jpg',26,'Discapacidad'),(22,'http://assets.citep.fastbox.co//img/stock_arquetipos/juventud.jpg',27,'Juventud'),(23,'http://assets.citep.fastbox.co//img/stock_arquetipos/ancianidad.jpg',28,''),(23,'http://assets.citep.fastbox.co//img/stock_arquetipos/discapacidad.jpg',29,''),(23,'http://assets.citep.fastbox.co//img/stock_arquetipos/juventud.jpg',30,''),(24,'http://assets.citep.fastbox.co//img/stock_arquetipos/ancianidad.jpg',31,'Ancianidad'),(24,'http://assets.citep.fastbox.co//img/stock_arquetipos/discapacidad.jpg',32,'Discapacidad'),(25,'http://assets.citep.fastbox.co//img/stock_arquetipos/juventud.jpg',33,'Juventud'),(25,'http://assets.citep.fastbox.co//img/stock_arquetipos/legalidad.jpg',34,'Legalidad'),(25,'http://assets.citep.fastbox.co//img/stock_arquetipos/mujer.jpg',35,'Mujer'),(25,'http://assets.citep.fastbox.co//img/stock_arquetipos/ninez.jpg',36,'Niñez'),(25,'http://assets.citep.fastbox.co//img/stock_arquetipos/pobreza.jpg',37,'Pobreza'),(25,'http://assets.citep.fastbox.co//img/stock_arquetipos/religion.jpg',38,'Religión'),(26,'http://assets.citep.fastbox.co//img/stock_arquetipos/ancianidad.jpg',39,'Ancianidad'),(26,'http://assets.citep.fastbox.co//img/stock_arquetipos/discapacidad.jpg',40,'Discapacidad'),(26,'http://assets.citep.fastbox.co//img/stock_arquetipos/juventud.jpg',41,'Juventud'),(27,'http://assets.citep.fastbox.co//img/stock_arquetipos/discapacidad.jpg',42,'Discapacidad'),(27,'http://assets.citep.fastbox.co//img/stock_arquetipos/juventud.jpg',43,'Juventud'),(27,'http://assets.citep.fastbox.co//img/stock_arquetipos/legalidad.jpg',44,'Legalidad'),(27,'http://assets.citep.fastbox.co//uploads/arquetipos/70x70.JPG',45,'costas'),(28,'http://assets.citep.fastbox.co//img/stock_arquetipos/ancianidad.jpg',46,'Ancianidad'),(28,'http://assets.citep.fastbox.co//img/stock_arquetipos/discapacidad.jpg',47,'Discapacidad'),(29,'http://assets.citep.fastbox.co//img/stock_arquetipos/ancianidad.jpg',48,'Ancianidad'),(29,'http://assets.citep.fastbox.co//img/stock_arquetipos/discapacidad.jpg',49,'Discapacidad'),(29,'http://assets.citep.fastbox.co//uploads/arquetipos/nueva.jpg',50,'nombre custom'),(30,'http://assets.citep.fastbox.co//img/stock_arquetipos/ancianidad.jpg',51,''),(30,'http://assets.citep.fastbox.co//img/stock_arquetipos/discapacidad.jpg',52,''),(30,'http://assets.citep.fastbox.co//uploads/arquetipos/nueva.jpg',53,''),(31,'http://assets.citep.fastbox.co//img/stock_arquetipos/rural.jpg',54,'Rural'),(31,'http://assets.citep.fastbox.co//img/stock_arquetipos/varon.jpg',55,'Varon'),(31,'http://assets.citep.fastbox.co//uploads/arquetipos/nueva1.jpg',56,'nueva tit'),(32,'http://assets.citep.fastbox.co//img/stock_arquetipos/ancianidad.jpg',57,'Ancianidad'),(32,'http://assets.citep.fastbox.co//img/stock_arquetipos/discapacidad.jpg',58,'Discapacidad'),(32,'http://assets.citep.fastbox.co//img/stock_arquetipos/juventud.jpg',59,'Juventud'),(32,'http://assets.citep.fastbox.co//img/stock_arquetipos/rural.jpg',60,'Rural'),(32,'http://assets.citep.fastbox.co//uploads/arquetipos/nueva2.jpg',61,'prueba'),(33,'http://assets.citep.fastbox.co//img/stock_arquetipos/ancianidad.jpg',62,'Ancianidad'),(33,'http://assets.citep.fastbox.co//img/stock_arquetipos/discapacidad.jpg',63,'Discapacidad'),(34,'http://assets.citep.fastbox.co//img/stock_arquetipos/ancianidad.jpg',64,''),(34,'http://assets.citep.fastbox.co//img/stock_arquetipos/discapacidad.jpg',65,''),(35,'http://assets.citep.fastbox.co//img/stock_arquetipos/discapacidad.jpg',67,'Discapacidad'),(35,'http://assets.citep.fastbox.co//img/stock_arquetipos/ninez.jpg',68,'Niñez'),(35,'http://assets.citep.fastbox.co//img/stock_arquetipos/pobreza.jpg',69,'Pobreza'),(36,'http://assets.citep.fastbox.co//img/stock_arquetipos/discapacidad.jpg',70,''),(36,'http://assets.citep.fastbox.co//img/stock_arquetipos/ninez.jpg',71,''),(36,'http://assets.citep.fastbox.co//img/stock_arquetipos/pobreza.jpg',72,''),(37,'http://assets.citep.fastbox.co//img/stock_arquetipos/discapacidad.jpg',73,''),(37,'http://assets.citep.fastbox.co//img/stock_arquetipos/ninez.jpg',74,''),(37,'http://assets.citep.fastbox.co//img/stock_arquetipos/pobreza.jpg',75,''),(38,'http://assets.citep.fastbox.co//img/stock_arquetipos/discapacidad.jpg',76,''),(38,'http://assets.citep.fastbox.co//img/stock_arquetipos/ninez.jpg',77,''),(38,'http://assets.citep.fastbox.co//img/stock_arquetipos/pobreza.jpg',78,''),(39,'http://assets.citep.fastbox.co//img/stock_arquetipos/discapacidad.jpg',79,''),(39,'http://assets.citep.fastbox.co//img/stock_arquetipos/ninez.jpg',80,''),(39,'http://assets.citep.fastbox.co//img/stock_arquetipos/pobreza.jpg',81,''),(40,'http://assets.citep.fastbox.co//img/stock_arquetipos/discapacidad.jpg',82,''),(40,'http://assets.citep.fastbox.co//img/stock_arquetipos/ninez.jpg',83,''),(40,'http://assets.citep.fastbox.co//img/stock_arquetipos/pobreza.jpg',84,''),(41,'http://assets.citep.fastbox.co//img/stock_arquetipos/discapacidad.jpg',85,''),(41,'http://assets.citep.fastbox.co//img/stock_arquetipos/ninez.jpg',86,''),(41,'http://assets.citep.fastbox.co//img/stock_arquetipos/pobreza.jpg',87,''),(42,'http://assets.citep.fastbox.co//img/stock_arquetipos/discapacidad.jpg',88,''),(42,'http://assets.citep.fastbox.co//img/stock_arquetipos/ninez.jpg',89,''),(42,'http://assets.citep.fastbox.co//img/stock_arquetipos/pobreza.jpg',90,''),(43,'http://assets.citep.fastbox.co//img/stock_arquetipos/discapacidad.jpg',91,''),(43,'http://assets.citep.fastbox.co//img/stock_arquetipos/ninez.jpg',92,''),(43,'http://assets.citep.fastbox.co//img/stock_arquetipos/pobreza.jpg',93,''),(44,'http://assets.citep.fastbox.co//img/stock_arquetipos/discapacidad.jpg',94,''),(44,'http://assets.citep.fastbox.co//img/stock_arquetipos/ninez.jpg',95,''),(44,'http://assets.citep.fastbox.co//img/stock_arquetipos/pobreza.jpg',96,''),(45,'http://assets.citep.fastbox.co//img/stock_arquetipos/discapacidad.jpg',97,''),(45,'http://assets.citep.fastbox.co//img/stock_arquetipos/ninez.jpg',98,''),(45,'http://assets.citep.fastbox.co//img/stock_arquetipos/pobreza.jpg',99,''),(46,'http://assets.citep.fastbox.co//img/stock_arquetipos/discapacidad.jpg',100,''),(46,'http://assets.citep.fastbox.co//img/stock_arquetipos/ninez.jpg',101,''),(46,'http://assets.citep.fastbox.co//img/stock_arquetipos/pobreza.jpg',102,''),(47,'http://assets.citep.fastbox.co//img/stock_arquetipos/discapacidad.jpg',103,''),(47,'http://assets.citep.fastbox.co//img/stock_arquetipos/ninez.jpg',104,''),(47,'http://assets.citep.fastbox.co//img/stock_arquetipos/pobreza.jpg',105,''),(48,'http://assets.citep.fastbox.co//img/stock_arquetipos/discapacidad.jpg',106,''),(48,'http://assets.citep.fastbox.co//img/stock_arquetipos/ninez.jpg',107,''),(48,'http://assets.citep.fastbox.co//img/stock_arquetipos/pobreza.jpg',108,''),(49,'http://assets.citep.fastbox.co//img/stock_arquetipos/discapacidad.jpg',109,''),(49,'http://assets.citep.fastbox.co//img/stock_arquetipos/ninez.jpg',110,''),(49,'http://assets.citep.fastbox.co//img/stock_arquetipos/pobreza.jpg',111,''),(50,'http://assets.citep.fastbox.co//img/stock_arquetipos/ancianidad.jpg',112,'Ancianidad'),(50,'http://assets.citep.fastbox.co//img/stock_arquetipos/discapacidad.jpg',113,'Necesidades especiales'),(51,'http://assets.citep.fastbox.co//img/stock_arquetipos/ancianidad.jpg',114,'Ancianidad'),(51,'http://assets.citep.fastbox.co//img/stock_arquetipos/discapacidad.jpg',115,'Necesidades especiales'),(52,'http://assets.citep.fastbox.co//img/stock_arquetipos/ancianidad.jpg',116,'Ancianidad'),(52,'http://assets.citep.fastbox.co//img/stock_arquetipos/discapacidad.jpg',117,'Necesidades especiales'),(52,'http://assets.citep.fastbox.co//img/stock_arquetipos/juventud.jpg',118,'Juventud'),(52,'http://assets.citep.fastbox.co//img/stock_arquetipos/legalidad.jpg',119,'Legalidad'),(52,'http://assets.citep.fastbox.co//img/stock_arquetipos/mujer.jpg',120,'Mujer'),(52,'http://assets.citep.fastbox.co//img/stock_arquetipos/ninez.jpg',121,'Niñez'),(53,'http://assets.citep.fastbox.co//img/stock_arquetipos/discapacidad.jpg',122,''),(53,'http://assets.citep.fastbox.co//img/stock_arquetipos/ninez.jpg',123,''),(53,'http://assets.citep.fastbox.co//img/stock_arquetipos/pobreza.jpg',124,''),(54,'http://assets.citep.fastbox.co//img/stock_arquetipos/discapacidad.jpg',125,''),(54,'http://assets.citep.fastbox.co//img/stock_arquetipos/ninez.jpg',126,''),(54,'http://assets.citep.fastbox.co//img/stock_arquetipos/pobreza.jpg',127,''),(55,'http://assets.citep.fastbox.co//img/stock_arquetipos/discapacidad.jpg',128,''),(55,'http://assets.citep.fastbox.co//img/stock_arquetipos/ninez.jpg',129,''),(55,'http://assets.citep.fastbox.co//img/stock_arquetipos/pobreza.jpg',130,''),(56,'http://assets.citep.fastbox.co//img/stock_arquetipos/discapacidad.jpg',131,''),(56,'http://assets.citep.fastbox.co//img/stock_arquetipos/ninez.jpg',132,''),(56,'http://assets.citep.fastbox.co//img/stock_arquetipos/pobreza.jpg',133,''),(57,'http://assets.citep.fastbox.co//img/stock_arquetipos/discapacidad.jpg',134,''),(57,'http://assets.citep.fastbox.co//img/stock_arquetipos/ninez.jpg',135,''),(57,'http://assets.citep.fastbox.co//img/stock_arquetipos/pobreza.jpg',136,''),(58,'http://assets.citep.fastbox.co//img/stock_arquetipos/discapacidad.jpg',137,''),(58,'http://assets.citep.fastbox.co//img/stock_arquetipos/ninez.jpg',138,''),(58,'http://assets.citep.fastbox.co//img/stock_arquetipos/pobreza.jpg',139,''),(59,'http://assets.citep.fastbox.co//img/stock_arquetipos/discapacidad.jpg',140,''),(59,'http://assets.citep.fastbox.co//img/stock_arquetipos/ninez.jpg',141,''),(59,'http://assets.citep.fastbox.co//img/stock_arquetipos/pobreza.jpg',142,''),(60,'http://assets.citep.fastbox.co//img/stock_arquetipos/discapacidad.jpg',143,''),(60,'http://assets.citep.fastbox.co//img/stock_arquetipos/ninez.jpg',144,''),(60,'http://assets.citep.fastbox.co//img/stock_arquetipos/pobreza.jpg',145,''),(61,'http://assets.citep.fastbox.co//img/stock_arquetipos/discapacidad.jpg',146,''),(61,'http://assets.citep.fastbox.co//img/stock_arquetipos/ninez.jpg',147,''),(61,'http://assets.citep.fastbox.co//img/stock_arquetipos/pobreza.jpg',148,''),(62,'http://assets.citep.fastbox.co//img/stock_arquetipos/discapacidad.jpg',149,''),(62,'http://assets.citep.fastbox.co//img/stock_arquetipos/ninez.jpg',150,''),(62,'http://assets.citep.fastbox.co//img/stock_arquetipos/pobreza.jpg',151,''),(63,'http://assets.citep.fastbox.co//img/stock_arquetipos/discapacidad.jpg',152,''),(63,'http://assets.citep.fastbox.co//img/stock_arquetipos/ninez.jpg',153,''),(63,'http://assets.citep.fastbox.co//img/stock_arquetipos/pobreza.jpg',154,''),(64,'http://assets.citep.fastbox.co//img/stock_arquetipos/ancianidad.jpg',155,'Ancianidad'),(65,'http://assets.citep.fastbox.co//img/stock_arquetipos/discapacidad.jpg',156,''),(65,'http://assets.citep.fastbox.co//img/stock_arquetipos/ninez.jpg',157,''),(65,'http://assets.citep.fastbox.co//img/stock_arquetipos/pobreza.jpg',158,''),(66,'http://assets.citep.fastbox.co//img/stock_arquetipos/discapacidad.jpg',159,''),(66,'http://assets.citep.fastbox.co//img/stock_arquetipos/ninez.jpg',160,''),(66,'http://assets.citep.fastbox.co//img/stock_arquetipos/pobreza.jpg',161,''),(67,'http://assets.citep.fastbox.co//img/stock_arquetipos/discapacidad.jpg',162,''),(67,'http://assets.citep.fastbox.co//img/stock_arquetipos/ninez.jpg',163,''),(67,'http://assets.citep.fastbox.co//img/stock_arquetipos/pobreza.jpg',164,''),(68,'http://assets.citep.fastbox.co//uploads/arquetipos/curador.jpg',165,'curador'),(69,'http://assets.citep.fastbox.co//img/stock_arquetipos/ancianidad.jpg',166,'Ancianidad'),(69,'http://assets.citep.fastbox.co//img/stock_arquetipos/discapacidad.jpg',167,'Necesidades especiales'),(69,'http://assets.citep.fastbox.co//img/stock_arquetipos/juventud.jpg',168,'Juventud'),(70,'http://assets.citep.fastbox.co//img/stock_arquetipos/ancianidad.jpg',169,'Ancianidad'),(70,'http://assets.citep.fastbox.co//img/stock_arquetipos/discapacidad.jpg',170,'Necesidades especiales'),(71,'http://assets.citep.fastbox.co//img/stock_arquetipos/ancianidad.jpg',171,'Ancianidad'),(72,'http://assets.citep.fastbox.co//img/stock_arquetipos/ancianidad.jpg',172,''),(73,'http://assets.citep.fastbox.co//img/stock_arquetipos/ancianidad.jpg',173,'Ancianidad'),(73,'http://assets.citep.fastbox.co//img/stock_arquetipos/discapacidad.jpg',174,'Necesidades especiales'),(74,'http://assets.citep.fastbox.co//img/stock_arquetipos/discapacidad.jpg',175,''),(74,'http://assets.citep.fastbox.co//img/stock_arquetipos/ninez.jpg',176,''),(74,'http://assets.citep.fastbox.co//img/stock_arquetipos/pobreza.jpg',177,''),(75,'http://assets.citep.fastbox.co//img/stock_arquetipos/ancianidad.jpg',178,'Ancianidad'),(75,'http://assets.citep.fastbox.co//img/stock_arquetipos/juventud.jpg',179,'Juventud'),(75,'http://assets.citep.fastbox.co//img/stock_arquetipos/legalidad.jpg',180,'Legalidad'),(75,'http://assets.citep.fastbox.co//img/stock_arquetipos/mujer.jpg',181,'Mujer'),(76,'http://assets.citep.fastbox.co//img/stock_arquetipos/ancianidad.jpg',182,''),(76,'http://assets.citep.fastbox.co//img/stock_arquetipos/juventud.jpg',183,''),(76,'http://assets.citep.fastbox.co//img/stock_arquetipos/legalidad.jpg',184,''),(76,'http://assets.citep.fastbox.co//img/stock_arquetipos/mujer.jpg',185,''),(77,'http://assets.citep.fastbox.co//img/stock_arquetipos/ancianidad.jpg',189,'Ancianidad'),(77,'http://assets.citep.fastbox.co//img/stock_arquetipos/discapacidad.jpg',190,'Necesidades especiales'),(78,'http://assets.citep.fastbox.co//img/stock_arquetipos/ancianidad.jpg',191,'Ancianidad'),(78,'http://assets.citep.fastbox.co//img/stock_arquetipos/discapacidad.jpg',192,'Necesidades especiales'),(79,'http://assets.citep.fastbox.co//img/stock_arquetipos/ancianidad.jpg',193,'Ancianidad'),(79,'http://assets.citep.fastbox.co//img/stock_arquetipos/juventud.jpg',194,'Juventud'),(79,'http://assets.citep.fastbox.co//img/stock_arquetipos/legalidad.jpg',195,'Legalidad'),(80,'http://assets.citep.fastbox.co//img/stock_arquetipos/ancianidad.jpg',196,'Ancianidad'),(80,'http://assets.citep.fastbox.co//img/stock_arquetipos/juventud.jpg',197,'Juventud'),(81,'http://assets.citep.fastbox.co//img/stock_arquetipos/discapacidad.jpg',198,''),(81,'http://assets.citep.fastbox.co//img/stock_arquetipos/ninez.jpg',199,''),(81,'http://assets.citep.fastbox.co//img/stock_arquetipos/pobreza.jpg',200,''),(82,'http://assets.citep.fastbox.co//img/stock_arquetipos/discapacidad.jpg',201,''),(82,'http://assets.citep.fastbox.co//img/stock_arquetipos/ninez.jpg',202,''),(82,'http://assets.citep.fastbox.co//img/stock_arquetipos/pobreza.jpg',203,''),(83,'http://assets.citep.fastbox.co//img/stock_arquetipos/discapacidad.jpg',204,''),(83,'http://assets.citep.fastbox.co//img/stock_arquetipos/ninez.jpg',205,''),(83,'http://assets.citep.fastbox.co//img/stock_arquetipos/pobreza.jpg',206,''),(84,'http://assets.citep.fastbox.co//img/stock_arquetipos/discapacidad.jpg',207,''),(84,'http://assets.citep.fastbox.co//img/stock_arquetipos/ninez.jpg',208,''),(84,'http://assets.citep.fastbox.co//img/stock_arquetipos/pobreza.jpg',209,'');
/*!40000 ALTER TABLE `arquetipo_imagenes` ENABLE KEYS */;
UNLOCK TABLES;

--
-- Table structure for table `arquetipo_preguntas`
--

DROP TABLE IF EXISTS `arquetipo_preguntas`;
/*!40101 SET @saved_cs_client     = @@character_set_client */;
/*!40101 SET character_set_client = utf8 */;
CREATE TABLE `arquetipo_preguntas` (
  `id` int(10) unsigned NOT NULL AUTO_INCREMENT,
  `arquetipo_id` int(10) unsigned NOT NULL,
  `pregunta` varchar(255) NOT NULL,
  PRIMARY KEY (`id`),
  KEY `arquetipo_id` (`arquetipo_id`)
) ENGINE=InnoDB AUTO_INCREMENT=232 DEFAULT CHARSET=latin1;
/*!40101 SET character_set_client = @saved_cs_client */;

--
-- Dumping data for table `arquetipo_preguntas`
--

LOCK TABLES `arquetipo_preguntas` WRITE;
/*!40000 ALTER TABLE `arquetipo_preguntas` DISABLE KEYS */;
INSERT INTO `arquetipo_preguntas` VALUES (1,1,'Anda esto?'),(2,1,'En serio?'),(3,1,'Seguro seguro seguro?'),(4,4,'Anda esto?'),(5,4,'En serio?'),(6,4,'Seguro seguro seguro?'),(7,5,'Anda esto?'),(8,5,'En serio?'),(9,5,'Seguro seguro seguro?'),(10,11,'aaaaaaaaaaaaa'),(11,11,'bbbbbbbbbbb'),(12,11,'cccccccccc'),(13,12,'aaaaaaaaaaaaa'),(14,12,'bbbbbbbbbbb'),(15,12,'cccccccccc'),(16,13,'aaaaaaaaaaaaa'),(17,13,'bbbbbbbbbbb'),(18,13,'cccccccccc'),(19,14,'aaaaaaaaaaaaa'),(20,14,'bbbbbbbbbbb'),(21,14,'cccccccccc'),(22,15,'aaaaaaaaaaaaa'),(23,15,'bbbbbbbbbbb'),(24,15,'cccccccccc'),(25,16,'aaaaaaaaaaaaa'),(26,16,'bbbbbbbbbbb'),(27,16,'cccccccccc'),(28,17,'aaaaaaaaaaaaa'),(29,17,'bbbbbbbbbbb'),(30,17,'cccccccccc'),(31,18,'pregunta 1? '),(32,18,'pregunta 2? '),(33,18,'pregunta 3? '),(34,19,'Cómo?'),(35,19,'Cuando?'),(36,19,'Donde?'),(37,20,'Preg 1'),(38,20,'Preg 2'),(39,20,'Preg 3'),(40,21,'Preg 1'),(41,21,'Preg 2'),(42,21,'Preg 3'),(43,22,'preg 1'),(44,22,'preg 2'),(45,22,'preg 3'),(46,23,'preg 1'),(47,23,'preg 2'),(48,23,'preg 3'),(49,24,'Pregunta ?'),(50,24,'Pregunta ?'),(51,24,'Pregunta ?'),(52,25,'Usás protector solar?'),(53,25,'Usás protector solar?'),(54,25,'Usás protector solar?'),(55,26,'Prueba Fer II'),(56,26,'Prueba Fer II'),(57,26,'Prueba Fer II'),(58,27,'Como?'),(59,27,'cuando'),(60,27,'donde'),(61,28,'pregunta 1?'),(62,28,'pregunta 2?'),(63,28,'pregunta 3?'),(64,29,'pregunta 1?'),(65,29,'pregunta 2?'),(66,29,'pregunta3?'),(67,30,'pregunta 1?'),(68,30,'pregunta 2?'),(69,30,'pregunta3?'),(70,31,'pregunta 1?'),(71,31,'pregunta 2?'),(72,31,'pregunta 3?'),(73,32,'pregunta 1?'),(74,32,'pregunta 2?'),(75,32,'pregunta 3?'),(76,33,'pregunta1?'),(77,33,'pregunta2?'),(78,33,'pregunta3?'),(79,34,'pregunta1?'),(80,34,'pregunta2?'),(81,34,'pregunta3?'),(82,35,'¿En qué beneficia la inclusión de tecnologías el abordaje de la diversidad?'),(83,35,'¿Qué sucede si los niños dedican tanto tiempo a la conexión con la computadora?'),(84,35,'¿Qué sucede con la brecha digital?'),(85,36,'¿En qué beneficia la inclusión de tecnologías el abordaje de la diversidad?'),(86,36,'¿Qué sucede si los niños dedican tanto tiempo a la conexión con la computadora?'),(87,36,'¿Qué sucede con la brecha digital?'),(88,37,'¿En qué beneficia la inclusión de tecnologías el abordaje de la diversidad?'),(89,37,'¿Qué sucede si los niños dedican tanto tiempo a la conexión con la computadora?'),(90,37,'¿Qué sucede con la brecha digital?'),(91,38,'¿En qué beneficia la inclusión de tecnologías el abordaje de la diversidad?'),(92,38,'¿Qué sucede si los niños dedican tanto tiempo a la conexión con la computadora?'),(93,38,'¿Qué sucede con la brecha digital?'),(94,39,'¿En qué beneficia la inclusión de tecnologías el abordaje de la diversidad?'),(95,39,'¿Qué sucede si los niños dedican tanto tiempo a la conexión con la computadora?'),(96,39,'¿Qué sucede con la brecha digital?'),(97,40,'¿En qué beneficia la inclusión de tecnologías el abordaje de la diversidad?'),(98,40,'¿Qué sucede si los niños dedican tanto tiempo a la conexión con la computadora?'),(99,40,'¿Qué sucede con la brecha digital?'),(100,41,'¿En qué beneficia la inclusión de tecnologías el abordaje de la diversidad?'),(101,41,'¿Qué sucede si los niños dedican tanto tiempo a la conexión con la computadora?'),(102,41,'¿Qué sucede con la brecha digital?'),(103,42,'¿En qué beneficia la inclusión de tecnologías el abordaje de la diversidad?'),(104,42,'¿Qué sucede si los niños dedican tanto tiempo a la conexión con la computadora?'),(105,42,'¿Qué sucede con la brecha digital?'),(106,43,'¿En qué beneficia la inclusión de tecnologías el abordaje de la diversidad?'),(107,43,'¿Qué sucede si los niños dedican tanto tiempo a la conexión con la computadora?'),(108,43,'¿Qué sucede con la brecha digital?'),(109,44,'¿En qué beneficia la inclusión de tecnologías el abordaje de la diversidad?'),(110,44,'¿Qué sucede si los niños dedican tanto tiempo a la conexión con la computadora?'),(111,44,'¿Qué sucede con la brecha digital?'),(112,45,'¿En qué beneficia la inclusión de tecnologías el abordaje de la diversidad?'),(113,45,'¿Qué sucede si los niños dedican tanto tiempo a la conexión con la computadora?'),(114,45,'¿Qué sucede con la brecha digital?'),(115,46,'¿En qué beneficia la inclusión de tecnologías el abordaje de la diversidad?'),(116,46,'¿Qué sucede si los niños dedican tanto tiempo a la conexión con la computadora?'),(117,46,'¿Qué sucede con la brecha digital?'),(118,47,'¿En qué beneficia la inclusión de tecnologías el abordaje de la diversidad?'),(119,47,'¿Qué sucede si los niños dedican tanto tiempo a la conexión con la computadora?'),(120,47,'¿Qué sucede con la brecha digital?'),(121,48,'¿En qué beneficia la inclusión de tecnologías el abordaje de la diversidad?'),(122,48,'¿Qué sucede si los niños dedican tanto tiempo a la conexión con la computadora?'),(123,48,'¿Qué sucede con la brecha digital?'),(124,49,'¿En qué beneficia la inclusión de tecnologías el abordaje de la diversidad?'),(125,49,'¿Qué sucede si los niños dedican tanto tiempo a la conexión con la computadora?'),(126,49,'¿Qué sucede con la brecha digital?'),(127,50,'aadddddddddddddddd'),(128,50,'dddddddddddddddddddddd'),(129,50,'dddddddddddddddddddddddddddd'),(130,51,'aadddddddddddddddd'),(131,51,'dddddddddddddddddddddd'),(132,51,'dddddddddddddddddddddddddddd'),(133,52,'pregunta 1?'),(134,52,'pregunta 1?'),(135,52,'pregunta 1?'),(136,53,'¿En qué beneficia la inclusión de tecnologías el abordaje de la diversidad?'),(137,53,'¿Qué sucede si los niños dedican tanto tiempo a la conexión con la computadora?'),(138,53,'¿Qué sucede con la brecha digital?'),(139,54,'¿En qué beneficia la inclusión de tecnologías el abordaje de la diversidad?'),(140,54,'¿Qué sucede si los niños dedican tanto tiempo a la conexión con la computadora?'),(141,54,'¿Qué sucede con la brecha digital?'),(142,55,'¿En qué beneficia la inclusión de tecnologías el abordaje de la diversidad?'),(143,55,'¿Qué sucede si los niños dedican tanto tiempo a la conexión con la computadora?'),(144,55,'¿Qué sucede con la brecha digital?'),(145,56,'¿En qué beneficia la inclusión de tecnologías el abordaje de la diversidad?'),(146,56,'¿Qué sucede si los niños dedican tanto tiempo a la conexión con la computadora?'),(147,56,'¿Qué sucede con la brecha digital?'),(148,57,'¿En qué beneficia la inclusión de tecnologías el abordaje de la diversidad?'),(149,57,'¿Qué sucede si los niños dedican tanto tiempo a la conexión con la computadora?'),(150,57,'¿Qué sucede con la brecha digital?'),(151,58,'¿En qué beneficia la inclusión de tecnologías el abordaje de la diversidad?'),(152,58,'¿Qué sucede si los niños dedican tanto tiempo a la conexión con la computadora?'),(153,58,'¿Qué sucede con la brecha digital?'),(154,59,'¿En qué beneficia la inclusión de tecnologías el abordaje de la diversidad?'),(155,59,'¿Qué sucede si los niños dedican tanto tiempo a la conexión con la computadora?'),(156,59,'¿Qué sucede con la brecha digital?'),(157,60,'¿En qué beneficia la inclusión de tecnologías el abordaje de la diversidad?'),(158,60,'¿Qué sucede si los niños dedican tanto tiempo a la conexión con la computadora?'),(159,60,'¿Qué sucede con la brecha digital?'),(160,61,'¿En qué beneficia la inclusión de tecnologías el abordaje de la diversidad?'),(161,61,'¿Qué sucede si los niños dedican tanto tiempo a la conexión con la computadora?'),(162,61,'¿Qué sucede con la brecha digital?'),(163,62,'¿En qué beneficia la inclusión de tecnologías el abordaje de la diversidad?'),(164,62,'¿Qué sucede si los niños dedican tanto tiempo a la conexión con la computadora?'),(165,62,'¿Qué sucede con la brecha digital?'),(166,63,'¿En qué beneficia la inclusión de tecnologías el abordaje de la diversidad?'),(167,63,'¿Qué sucede si los niños dedican tanto tiempo a la conexión con la computadora?'),(168,63,'¿Qué sucede con la brecha digital?'),(169,64,'Preg 1'),(170,64,'preg 2'),(171,64,'preg 3'),(172,65,'¿En qué beneficia la inclusión de tecnologías el abordaje de la diversidad?'),(173,65,'¿Qué sucede si los niños dedican tanto tiempo a la conexión con la computadora?'),(174,65,'¿Qué sucede con la brecha digital?'),(175,66,'¿En qué beneficia la inclusión de tecnologías el abordaje de la diversidad?'),(176,66,'¿Qué sucede si los niños dedican tanto tiempo a la conexión con la computadora?'),(177,66,'¿Qué sucede con la brecha digital?'),(178,67,'¿En qué beneficia la inclusión de tecnologías el abordaje de la diversidad?'),(179,67,'¿Qué sucede si los niños dedican tanto tiempo a la conexión con la computadora?'),(180,67,'¿Qué sucede con la brecha digital?'),(181,68,'uno bueno'),(182,68,'dos bueno'),(183,68,'tres bueno'),(184,69,'NuevoNuevo'),(185,69,'NuevoNuevo'),(186,69,'NuevoNuevo'),(187,70,'Probando 7mar'),(188,70,'Probando 7mar'),(189,70,'Probando 7mar'),(190,71,'Prueba Fer 7 marzo'),(191,71,'Prueba Fer 7 marzo'),(192,71,'Prueba Fer 7 marzo'),(193,72,'Prueba Fer 7 marzo'),(194,72,'Prueba Fer 7 marzo'),(195,72,'Prueba Fer 7 marzo'),(196,73,'ffffffffffff'),(197,73,'ffffffffffffffff'),(198,73,'ffffffffffffffffff'),(199,74,'¿En qué beneficia la inclusión de tecnologías el abordaje de la diversidad?'),(200,74,'¿Qué sucede si los niños dedican tanto tiempo a la conexión con la computadora?'),(201,74,'¿Qué sucede con la brecha digital?'),(202,75,'pregunta hecha'),(203,75,'pregunta hecha'),(204,75,'pregunta hecha'),(205,76,'pregunta hecha'),(206,76,'pregunta hecha'),(207,76,'pregunta hecha'),(208,77,'ssssssssssssssssss'),(209,77,'sssssssssssssssssssssssssssss'),(210,77,'ssssssssssssssssssssssssssssssss'),(211,78,'Nuevo hoy'),(212,78,'Nuevo hoy'),(213,78,'Nuevo hoy'),(214,79,'Ejemplo de pregunta 1?'),(215,79,'Ejemplo de pregunta 2?'),(216,79,'Ejemplo de pregunta 3?'),(217,80,'Ejemplo de pregunta 1?'),(218,80,'Ejemplo de pregunta 2?'),(219,80,'Ejemplo de pregunta 3?'),(220,81,'¿En qué beneficia la inclusión de tecnologías el abordaje de la diversidad?'),(221,81,'¿Qué sucede si los niños dedican tanto tiempo a la conexión con la computadora?'),(222,81,'¿Qué sucede con la brecha digital?'),(223,82,'¿En qué beneficia la inclusión de tecnologías el abordaje de la diversidad?'),(224,82,'¿Qué sucede si los niños dedican tanto tiempo a la conexión con la computadora?'),(225,82,'¿Qué sucede con la brecha digital?'),(226,83,'¿En qué beneficia la inclusión de tecnologías el abordaje de la diversidad?'),(227,83,'¿Qué sucede si los niños dedican tanto tiempo a la conexión con la computadora?'),(228,83,'¿Qué sucede con la brecha digital?'),(229,84,'¿En qué beneficia la inclusión de tecnologías el abordaje de la diversidad?'),(230,84,'¿Qué sucede si los niños dedican tanto tiempo a la conexión con la computadora?'),(231,84,'¿Qué sucede con la brecha digital?');
/*!40000 ALTER TABLE `arquetipo_preguntas` ENABLE KEYS */;
UNLOCK TABLES;

--
-- Table structure for table `arquetipo_respuestas`
--

DROP TABLE IF EXISTS `arquetipo_respuestas`;
/*!40101 SET @saved_cs_client     = @@character_set_client */;
/*!40101 SET character_set_client = utf8 */;
CREATE TABLE `arquetipo_respuestas` (
  `id` int(10) unsigned NOT NULL AUTO_INCREMENT,
  `arquetipo_alumno_id` int(10) unsigned NOT NULL,
  `arquetipo_pregunta_id` int(10) unsigned NOT NULL,
  `arquetipo_id` int(10) unsigned NOT NULL,
  `respuesta` varchar(255) NOT NULL,
  `created_at` timestamp NOT NULL DEFAULT CURRENT_TIMESTAMP ON UPDATE CURRENT_TIMESTAMP,
  `arquetipo_imagen_id` int(10) unsigned NOT NULL,
  PRIMARY KEY (`id`),
  UNIQUE KEY `arquetipo_alumno_id` (`arquetipo_alumno_id`,`arquetipo_pregunta_id`,`arquetipo_id`,`arquetipo_imagen_id`),
  KEY `arquetipo_id` (`arquetipo_id`)
) ENGINE=InnoDB AUTO_INCREMENT=155 DEFAULT CHARSET=latin1;
/*!40101 SET character_set_client = @saved_cs_client */;

--
-- Dumping data for table `arquetipo_respuestas`
--

LOCK TABLES `arquetipo_respuestas` WRITE;
/*!40000 ALTER TABLE `arquetipo_respuestas` DISABLE KEYS */;
INSERT INTO `arquetipo_respuestas` VALUES (1,2,1,1,'Si','2013-08-24 10:03:41',0),(2,2,2,1,'no','2013-08-24 10:03:41',0),(3,2,3,1,'puede ser','2013-08-24 10:03:41',0),(4,3,1,1,'No','2013-08-24 10:39:28',0),(5,3,2,1,'No','2013-08-24 10:39:38',0),(6,3,3,1,'No','2013-08-24 10:39:42',0),(7,15,31,18,'testing 123','2013-08-28 19:43:07',1),(8,15,32,18,'testing 123','2013-08-28 19:43:07',1),(9,15,33,18,'testing 123','2013-08-28 19:43:07',1),(10,15,31,18,'testing 123','2013-08-28 19:43:07',2),(11,15,32,18,'testing 123','2013-08-28 19:43:07',2),(13,15,31,18,'testing 123','2013-08-28 19:43:07',3),(14,15,32,18,'testing 123','2013-08-28 19:43:07',3),(16,16,31,18,'testing 123','2013-08-28 19:58:45',1),(17,16,32,18,'testing 123','2013-08-28 19:58:45',1),(18,16,33,18,'testing 123','2013-08-28 19:58:45',1),(19,16,31,18,'testing 123','2013-08-28 19:58:45',2),(20,16,32,18,'testing 123','2013-08-28 19:58:45',2),(21,16,33,18,'testing 123','2013-08-28 19:58:45',2),(22,16,31,18,'testing 123','2013-08-28 19:58:45',3),(23,16,32,18,'testing 123','2013-08-28 19:58:45',3),(24,16,33,18,'testing 123','2013-08-28 19:58:45',3),(25,21,34,19,'asdasdasdasdasdasdasdasdasd','2013-09-02 09:42:22',8),(26,21,35,19,'asdasdasdasdasdasdasdasdasd','2013-09-02 09:42:22',8),(27,21,36,19,'asdasdasdasdasdasdasdasdasd','2013-09-02 09:42:22',8),(29,21,34,19,'Cómo Cómo Cómo Cómo ','2013-09-02 10:10:58',7),(30,21,35,19,'CuádnoCuádnoCuádnoCuádno','2013-09-02 10:10:58',7),(31,21,36,19,'DONDEDONDEDONDEDEONE','2013-09-02 10:10:58',7),(32,21,34,19,'Como COmo Cmom','2013-09-02 10:11:20',9),(33,21,35,19,'cuando cuando cuando','2013-09-02 10:11:20',9),(34,21,36,19,'donde doen dededonomnde','2013-09-02 10:11:20',9),(35,23,37,20,'Si si si si si si sis','2013-09-04 00:24:30',13),(36,23,38,20,'Si si si si si si sis','2013-09-04 00:24:30',13),(37,23,39,20,'Si si si si si si sis','2013-09-04 00:24:30',13),(38,23,37,20,'Si si si si si si sis','2013-09-04 00:24:37',14),(39,23,38,20,'Si si si si si si sis','2013-09-04 00:24:37',14),(40,23,39,20,'Si si si si si si sis','2013-09-04 00:24:37',14),(41,23,37,20,'Si si si si si si sis','2013-09-04 00:24:46',15),(42,23,38,20,'Si si si si si si sis','2013-09-04 00:24:46',15),(43,23,39,20,'Si si si si si si sis','2013-09-04 00:24:46',15),(44,23,37,20,'Si si si si si si sis','2013-09-04 00:24:52',16),(45,23,38,20,'Si si si si si si sis','2013-09-04 00:24:52',16),(46,23,39,20,'Si si si si si si sis','2013-09-04 00:24:52',16),(47,23,37,20,'Si si si si si si sis','2013-09-04 00:24:56',17),(48,23,38,20,'Si si si si si si sis','2013-09-04 00:24:56',17),(49,23,39,20,'Si si si si si si sis','2013-09-04 00:24:56',17),(50,28,52,25,'Respuesta 1','2013-09-12 01:24:31',33),(51,28,53,25,'Respuesta 2','2013-09-12 01:24:31',33),(52,28,54,25,'Respuesta 3','2013-09-12 01:24:31',33),(53,28,52,25,'Respuesta 1','2013-09-12 01:24:44',34),(54,28,53,25,'Respuesta 2','2013-09-12 01:24:44',34),(55,28,54,25,'Respuesta 3','2013-09-12 01:24:44',34),(56,28,52,25,'Respuesta 1','2013-09-12 01:24:55',35),(57,28,53,25,'Respuesta 2','2013-09-12 01:24:55',35),(58,28,54,25,'Respuesta 3','2013-09-12 01:24:55',35),(59,28,52,25,'Respuesta 1','2013-09-12 01:25:06',36),(60,28,53,25,'Respuesta 2','2013-09-12 01:25:06',36),(61,28,54,25,'Respuesta 3','2013-09-12 01:25:06',36),(62,28,52,25,'Respuesta 1','2013-09-12 01:25:18',37),(63,28,53,25,'Respuesta 2','2013-09-12 01:25:18',37),(64,28,54,25,'Respuesta 3','2013-09-12 01:25:18',37),(65,28,52,25,'Respuesta 1','2013-09-12 01:25:34',38),(66,28,53,25,'Respuesta 2','2013-09-12 01:25:34',38),(67,28,54,25,'Respuesta 3','2013-09-12 01:25:34',38),(68,32,61,28,'resp fernanda','2013-09-17 16:53:01',46),(69,32,62,28,'resp fernanda','2013-09-17 16:53:01',46),(70,32,63,28,'resp fernanda','2013-09-17 16:53:01',46),(71,32,61,28,'resp fernanda','2013-09-17 16:53:09',47),(72,32,62,28,'resp fernanda','2013-09-17 16:53:09',47),(73,32,63,28,'resp fernanda','2013-09-17 16:53:09',47),(74,37,61,28,'nueva respuesta 18:30','2013-09-19 21:30:44',46),(75,37,62,28,'nueva respuesta 18:30','2013-09-19 21:30:44',46),(76,37,63,28,'nueva respuesta 18:30','2013-09-19 21:30:44',46),(77,37,61,28,'nueva respuesta 18:30','2013-09-19 18:33:04',47),(78,37,62,28,'nueva respuesta 18:30','2013-09-19 18:33:04',47),(79,37,63,28,'nueva respuesta 18:30','2013-09-19 18:33:04',47),(80,40,70,31,'respuesta breve','2013-09-20 13:18:17',54),(81,40,71,31,'respuesta breve','2013-09-20 13:18:17',54),(82,40,72,31,'respuesta breve','2013-09-20 13:18:17',54),(83,40,70,31,'respuesta breve','2013-09-20 13:18:24',55),(84,40,71,31,'respuesta breve','2013-09-20 13:18:24',55),(85,40,72,31,'respuesta breve','2013-09-20 13:18:24',55),(86,40,70,31,'respuesta breve','2013-09-20 13:18:33',56),(87,40,71,31,'respuesta breve','2013-09-20 13:18:33',56),(88,40,72,31,'respuesta breve','2013-09-20 13:18:33',56),(89,41,70,31,'Fer a mi me funca','2013-09-22 14:21:56',54),(90,41,71,31,'Fer a mi me funca','2013-09-22 14:21:56',54),(91,41,72,31,'Fer a mi me funca','2013-09-22 14:21:56',54),(92,41,70,31,'Fer a mi me funca','2013-09-22 14:22:01',55),(93,41,71,31,'Fer a mi me funca','2013-09-22 14:22:01',55),(94,41,72,31,'Fer a mi me funca','2013-09-22 14:22:01',55),(95,41,70,31,'Fer a mi me funca','2013-09-22 14:22:07',56),(96,41,71,31,'Fer a mi me funca','2013-09-22 14:22:07',56),(97,41,72,31,'Fer a mi me funca','2013-09-22 14:22:07',56),(98,52,76,33,'respuestas    respuestas    ','2013-09-23 12:50:33',62),(99,52,77,33,'respuestas    respuestas    ','2013-09-23 12:50:33',62),(100,52,78,33,'respuestas    respuestas    respuestas    respuestas    respuestas    respuestas    respuestas    respuestas    respuestas    respuestas    respuestas    respuestas    respuestas    respuestas    respuestas    respuestas    respuestas    respuestas    res','2013-09-23 12:50:33',62),(101,52,76,33,'respuestas    respuestas    respuestas    respuestas    respuestas    respuestas    ','2013-09-23 12:50:42',63),(102,52,77,33,'respuestas    respuestas    respuestas    respuestas    respuestas    respuestas    respuestas    respuestas    ','2013-09-23 12:50:42',63),(103,52,78,33,'respuestas    respuestas    respuestas    respuestas    respuestas    respuestas    respuestas    respuestas    respuestas    ','2013-09-23 12:50:42',63),(104,57,76,33,'hotmailhotmail','2013-09-23 13:43:12',62),(105,57,77,33,'hotmailhotmail','2013-09-23 13:43:12',62),(106,57,78,33,'hotmailhotmail','2013-09-23 13:43:12',62),(107,57,76,33,'hotmailhotmail','2013-09-23 13:43:18',63),(108,57,77,33,'hotmailhotmail','2013-09-23 13:43:18',63),(109,57,78,33,'hotmailhotmail','2013-09-23 13:43:18',63),(110,56,76,33,'yahoo mail yahoo mail','2013-09-23 13:43:50',62),(111,56,77,33,'yahoo mail yahoo mail','2013-09-23 13:43:50',62),(112,56,78,33,'yahoo mail yahoo mail','2013-09-23 13:43:50',62),(113,56,76,33,'yahoo mail yahoo mail','2013-09-23 13:43:56',63),(114,56,77,33,'yahoo mail yahoo mail','2013-09-23 13:43:56',63),(115,56,78,33,'yahoo mail yahoo mail','2013-09-23 13:43:56',63),(116,63,82,35,'Gfhjffcvcgggvhgvb','2013-09-28 11:52:22',68),(117,63,83,35,'Ggtvcfccccvvb','2013-09-28 11:52:22',68),(118,63,84,35,'Ytgfgfgfghhhhh','2013-09-28 11:52:22',68),(119,63,82,35,'Fgfggghhbhhh','2013-09-28 11:53:34',67),(120,63,83,35,'Ggvfghbghjggfgh','2013-09-28 11:53:34',67),(121,63,84,35,'Hffghffhhhjghgfgh','2013-09-28 11:53:34',67),(122,63,82,35,'Frffghhggfgggghhh','2013-09-28 11:54:47',69),(123,63,83,35,'Cggfgggggggggggggggggg','2013-09-28 11:54:47',69),(124,63,84,35,'Gggggfffggggggggg','2013-09-28 11:54:47',69),(125,60,82,35,'prueba prueba','2013-11-11 12:54:23',68),(126,60,83,35,'prueba prueba','2013-11-11 12:54:23',68),(127,60,84,35,'prueba prueba','2013-11-11 12:54:23',68),(128,65,100,41,'Ferfdfsfsfsfsfsf','2013-11-11 13:09:49',85),(129,65,101,41,'Ferssfsfsfsfsfsfsf','2013-11-11 13:09:49',85),(130,65,102,41,'Ferssfsfsfsssfsfsfsfs','2013-11-11 13:09:49',85),(131,65,100,41,'Nofh ch xhchfhdhcjfjf','2013-11-21 16:51:51',87),(132,65,101,41,'Bk Hola xgxhxhxhchct','2013-11-21 16:51:51',87),(133,65,102,41,'Gsgdhdhfhdhdhdhdhd','2013-11-21 16:51:51',87),(134,65,100,41,'Es mejor mucho mejor','2013-11-21 18:55:58',86),(135,65,101,41,'Nos gusta mas muxh','2013-11-21 18:55:58',86),(136,65,102,41,'Bshsgshshshsshshshsns','2013-11-21 18:55:58',86),(137,67,133,52,'Ggt hh','2013-11-22 01:27:28',116),(138,67,134,52,'Getafe','2013-11-22 01:27:28',116),(139,67,135,52,'Ggctjn','2013-11-22 01:27:28',116),(140,67,133,52,'Trecho','2013-11-22 01:27:46',117),(141,67,134,52,'Ghana','2013-11-22 01:27:46',117),(142,67,135,52,'Ghghj','2013-11-22 01:27:46',117),(143,80,202,75,'respuesta Fer respuesta Fer','2014-03-13 15:50:00',178),(144,80,203,75,'respuesta Fer respuesta Fer','2014-03-13 15:50:00',178),(145,80,204,75,'respuesta Fer respuesta Fer','2014-03-13 15:50:00',178),(146,82,211,78,'dsdaadadadad','2014-03-22 01:24:38',192),(147,82,212,78,'dadadaadadadad','2014-03-22 01:24:38',192),(148,82,213,78,'adadadadadadadad','2014-03-22 01:24:38',192),(149,85,217,80,'Respuesta hhhhhhhhhhhhhhhhhhh','2014-04-04 15:27:51',196),(150,85,218,80,'Resouesta hhhhhhhh','2014-04-04 15:27:51',196),(151,85,219,80,'Respuesta bbbbbbbb','2014-04-04 15:27:51',196),(152,85,217,80,'Respuesta respuesta','2014-04-04 15:28:12',197),(153,85,218,80,'Respuesta respuesta','2014-04-04 15:28:12',197),(154,85,219,80,'Respuesta respuesta','2014-04-04 15:28:12',197);
/*!40000 ALTER TABLE `arquetipo_respuestas` ENABLE KEYS */;
UNLOCK TABLES;

--
-- Table structure for table `arquetipos`
--

DROP TABLE IF EXISTS `arquetipos`;
/*!40101 SET @saved_cs_client     = @@character_set_client */;
/*!40101 SET character_set_client = utf8 */;
CREATE TABLE `arquetipos` (
  `id` int(10) unsigned NOT NULL AUTO_INCREMENT,
  `nombre` varchar(500) NOT NULL,
  `consigna` varchar(500) NOT NULL,
  `desarrollo` text NOT NULL,
  `id_user` int(10) unsigned NOT NULL,
  `created_at` timestamp NOT NULL DEFAULT CURRENT_TIMESTAMP ON UPDATE CURRENT_TIMESTAMP,
  `updated_at` timestamp NOT NULL DEFAULT '0000-00-00 00:00:00',
  `deleted` tinyint(4) DEFAULT '0',
  `status` enum('habilitado','deshabilitado') DEFAULT 'deshabilitado',
  `public_id` varchar(255) NOT NULL,
  `public_id_enabled` tinyint(1) NOT NULL DEFAULT '0',
  PRIMARY KEY (`id`),
  UNIQUE KEY `public_id` (`public_id`)
) ENGINE=InnoDB AUTO_INCREMENT=85 DEFAULT CHARSET=latin1;
/*!40101 SET character_set_client = @saved_cs_client */;

--
-- Dumping data for table `arquetipos`
--

LOCK TABLES `arquetipos` WRITE;
/*!40000 ALTER TABLE `arquetipos` DISABLE KEYS */;
INSERT INTO `arquetipos` VALUES (1,'test eze','consignaaaa cambiada','<p>desarrollooooo cambiado</p>',1,'2013-11-20 17:13:57','2013-08-29 18:45:06',1,'habilitado','1',0),(2,'test eze 2','consigna','desarrollo',1,'2013-11-20 17:13:57','2013-08-07 11:34:33',1,'deshabilitado','2',0),(3,'Copia de test eze','consignaaaa cambiada','<p>desarrollooooo cambiado</p>',1,'2013-11-20 17:13:57','2013-08-23 19:33:47',1,'deshabilitado','3',0),(4,'Copia de test eze','consignaaaa cambiada','<p>desarrollooooo cambiado</p>',1,'2013-11-20 17:13:57','2013-08-23 19:51:10',1,'deshabilitado','4',0),(5,'Copia de test eze','consignaaaa cambiada','<p>desarrollooooo cambiado</p>',1,'2013-11-20 17:13:57','2013-08-23 19:55:40',1,'deshabilitado','5',0),(6,'Nombre del ejercicio','Consigna del ejercicio','<p>El desarrollo del ejercicio. Elegimos 2 imagenes stock y una custom.</p>',1,'2013-11-20 17:13:57','2013-08-23 20:05:55',1,'deshabilitado','6',0),(7,'test agregar preguntas','con sig na','<p>lkajsdlkjasd</p>',1,'2013-11-20 17:13:57','2013-08-23 20:10:48',1,'deshabilitado','7',0),(8,'test agregar preguntas 2','con sig na 2','<p>lkajsdlkjasd</p>',1,'2013-11-20 17:13:57','2013-08-23 20:11:26',1,'deshabilitado','8',0),(9,'test agregar preguntas 2','con sig na 2','<p>lkajsdlkjasd</p>',1,'2013-11-20 17:13:57','2013-08-24 02:30:38',1,'deshabilitado','9',0),(10,'test agregar preguntas 2','con sig na 2','<p>lkajsdlkjasd</p>',1,'2013-11-20 17:13:57','2013-08-23 20:11:56',1,'deshabilitado','10',0),(11,'test agregar preguntas 2','con sig na 2','<p>lkajsdlkjasd</p>',1,'2013-11-20 17:13:57','2013-08-23 20:12:18',1,'deshabilitado','11',0),(12,'test agregar preguntas 2','con sig na 2','<p>lkajsdlkjasd</p>',1,'2013-11-20 17:13:57','2013-08-23 20:12:49',1,'deshabilitado','12',0),(13,'test agregar preguntas 2','con sig na 2','<p>lkajsdlkjasd</p>',1,'2013-11-20 17:13:57','2013-08-23 20:15:08',1,'deshabilitado','13',0),(14,'test agregar preguntas 2','con sig na 2','<p>lkajsdlkjasd</p>',1,'2013-11-20 17:13:57','2013-08-23 20:15:23',1,'deshabilitado','14',0),(15,'test agregar preguntas 2','con sig na 2','<p>lkajsdlkjasd</p>',1,'2013-11-20 17:13:57','2013-08-23 20:15:41',1,'deshabilitado','15',0),(16,'Copia de test agregar preguntas 2','con sig na 2','<p>lkajsdlkjasd</p>',1,'2013-11-20 17:13:57','2013-08-23 20:15:52',1,'deshabilitado','16',0),(17,'Copia de test agregar preguntas 2','con sig na 2','<p>lkajsdlkjasd</p>',1,'2013-11-20 17:13:57','2013-08-23 20:16:04',1,'deshabilitado','17',0),(18,'Testeando imagenes','Testeando imagenes','<p>Testeando&nbsp;</p>',1,'2013-11-20 17:13:57','2013-08-28 19:22:35',1,'deshabilitado','18',0),(19,'Nuevo con imagenes','Aca va la consigna','<p>Descripcion</p>',1,'2013-11-20 17:13:57','2013-09-01 04:37:57',1,'deshabilitado','19',0),(20,'Nuevo probando interfaz alumnos','Nuevo probando interfaz alumnos','<p><strong>Nuevo probando interfaz alumnos</strong></p>',1,'2013-11-20 17:13:57','2013-09-04 00:23:57',1,'deshabilitado','20',0),(21,'Copia de Nuevo probando interfaz alumnos','Nuevo probando interfaz alumnos','<p><strong>Nuevo probando interfaz alumnos</strong></p>',1,'2013-11-20 17:13:57','2013-09-09 14:45:16',1,'deshabilitado','21',0),(22,'Nuevo Fernanda','Consigna Usar protector solar','<p><iframe src=\"http://www.youtube.com/embed/YDRId6QmNTA?rel=0\" width=\"420\" height=\"315\" frameborder=\"0\" allowfullscreen=\"allowfullscreen\"></iframe></p>',2,'2013-11-20 17:13:57','2013-09-10 01:50:32',1,'deshabilitado','22',0),(23,'Prueba Fernanda','Usar protector solar','<p><iframe src=\"http://www.youtube.com/embed/YDRId6QmNTA?rel=0\" width=\"420\" height=\"315\" frameborder=\"0\" allowfullscreen=\"allowfullscreen\"></iframe></p>',2,'2013-11-20 17:13:57','2013-09-10 01:54:35',1,'deshabilitado','23',0),(24,'Prueba Fernanda','Hacer x cosa','<p>Hola</p>',2,'2013-11-20 17:13:57','2013-09-11 21:40:55',1,'deshabilitado','24',0),(25,'Ejercicio Fernanda','Usar protector solar','<h1><span style=\"color: #00ccff;\">Desarrollo</span></h1>\n<p><iframe src=\"http://www.youtube.com/embed/YDRId6QmNTA?rel=0\" width=\"640\" height=\"480\" frameborder=\"0\" allowfullscreen=\"allowfullscreen\"></iframe></p>\n<p>&nbsp;</p>',2,'2013-11-20 17:13:57','2013-09-12 01:15:30',1,'deshabilitado','25',0),(26,'Prueba Fer II','Prueba Fer II','<p>Prueba Fer II</p>',2,'2013-11-20 17:13:57','2013-09-14 01:03:06',1,'deshabilitado','26',0),(27,'probando ezequiel lunes 16-9','cooonsigna','<p><img alt=\"\" src=\"http://assets.citep.fastbox.co//uploads/from_editor/70x70.JPG\" style=\"height:70px; width:70px\" /></p>\n',1,'2013-11-20 17:13:57','2013-09-16 13:51:31',1,'deshabilitado','27',0),(28,'Usar protector solar CBC','Usar protector solar','<h1 style=\"font-style: italic;\"><big><span style=\"font-size:12px\"><span style=\"font-family:arial,helvetica,sans-serif\">Como usar protector solar </span></span></big></h1>\n\n<p><img alt=\"\" src=\"http://assets.citep.fastbox.co//uploads/from_editor/nueva1.jpg\" style=\"height:280px; width:280px\" /></p>\n\n<p><iframe allowfullscreen=\"\" frameborder=\"0\" height=\"480\" src=\"//www.youtube.com/embed/YDRId6QmNTA?rel=0\" width=\"640\"></iframe></p>\n',9,'2013-11-20 17:13:57','2013-09-17 16:44:04',1,'deshabilitado','28',0),(29,'Probando Fer jueves','Probando Fer jueves','<p><a href=\"http://assets.citep.fastbox.co//uploads/from_editor/Texto_de_word.docx\">Word</a></p>\n',9,'2013-11-20 17:13:57','2013-09-19 19:39:22',1,'deshabilitado','29',0),(30,'Copia de Probando Fer viernes','Probando Fer viernes','<p><a href=\"http://assets.citep.fastbox.co//uploads/from_editor/Texto_de_word.docx\">Word</a></p>\n',9,'2013-11-20 17:13:57','2013-09-20 11:03:53',1,'deshabilitado','30',0),(31,'Fer viernes','Fer viernes','<p>hola</p>\n',9,'2013-11-20 17:13:57','2013-09-20 12:14:20',1,'deshabilitado','31',0),(32,'Prueba Ideored','Prueba Ideored','<p>prueba</p>\n',14,'2013-11-20 17:13:57','2013-09-23 12:09:03',1,'deshabilitado','32',0),(33,'Nuevo Fernanda 23-9','Nuevo Fernanda 23-9','<p><img alt=\"\" src=\"http://assets.citep.fastbox.co//uploads/from_editor/nueva2.jpg\" style=\"height:280px; width:280px\" /></p>\n',9,'2013-11-20 17:13:57','2013-09-23 12:48:31',1,'deshabilitado','33',0),(34,'Copia de Nuevo Fernanda 23-9','Nuevo Fernanda 23-9','<p><img alt=\"\" src=\"http://assets.citep.fastbox.co//uploads/from_editor/nueva2.jpg\" style=\"height:280px; width:280px\" /></p>\n',9,'2013-11-20 17:13:57','2013-09-23 16:18:27',1,'deshabilitado','34',0),(35,'Tecnologías que abren las mentes','Miradas cruzadas','<p>Sos directora de un establecimiento educativo de gesti&oacute;n privada. Ten&eacute;s que decidir si incluir o no tecnolog&iacute;as en tu escuela. Los docentes est&aacute;n reacios a cambiar sus clases y repensarlas en funci&oacute;n de la incorporaci&oacute;n de computadoras en sus aulas. Se niegan a seguir la tendencia que consideran modernista y pol&iacute;tica de crear escenarios con alta dotaci&oacute;n tecnol&oacute;gica para pr&aacute;cticas que no son imaginativas ni favorecen aprendizajes nuevos. La comisi&oacute;n directiva de la escuela no quiere invertir m&aacute;s dinero. Tuvieron que realizar refacciones el a&ntilde;o anterior y no consideran que esta inversi&oacute;n les revistar&aacute; beneficio alguno. Los padres amenazan con retirar a los ni&ntilde;os de la escuela por tener poca inform&aacute;tica. Plantea tres perpectivas que tendr&iacute;as en cuenta para el an&aacute;lisis y para la toma de decisiones.&nbsp;</p>\n\n<p>Pod&eacute;s enriquecer tu an&aacute;lisis con los siguientes videos.</p>\n\n<p>&nbsp;</p>\n\n<p><iframe allowfullscreen=\"\" frameborder=\"0\" height=\"360\" src=\"//www.youtube.com/embed/zDZFcDGpL4U\" width=\"640\"></iframe></p>\n',15,'2013-12-19 13:00:21','2013-12-19 13:00:21',0,'habilitado','35',1),(36,'Copia de Tecnologías que abren las mentes','Miradas cruzadas','<p>Sos directora de un establecimiento educativo de gesti&oacute;n privada. Ten&eacute;s que decidir si incluir o no tecnolog&iacute;as en tu escuela. Los docentes est&aacute;n reacios a cambiar sus clases y repensarlas en funci&oacute;n de la incorporaci&oacute;n de computadoras en sus aulas. Se niegan a seguir la tendencia que consideran modernista y pol&iacute;tica de crear escenarios con alta dotaci&oacute;n tecnol&oacute;gica para pr&aacute;cticas que no son imaginativas ni favorecen aprendizajes nuevos. La comisi&oacute;n directiva de la escuela no quiere invertir m&aacute;s dinero. Tuvieron que realizar refacciones el a&ntilde;o anterior y no consideran que esta inversi&oacute;n les revistar&aacute; beneficio alguno. Los padres amenazan con retirar a los ni&ntilde;os de la escuela por tener poca inform&aacute;tica. Plantea tres perpectivas que tendr&iacute;as en cuenta para el an&aacute;lisis y para la toma de decisiones.&nbsp;</p>\n\n<p>Pod&eacute;s enriquecer tu an&aacute;lisis con los siguientes videos.</p>\n\n<p>&nbsp;</p>\n\n<p><iframe allowfullscreen=\"\" frameborder=\"0\" height=\"360\" src=\"//www.youtube.com/embed/zDZFcDGpL4U\" width=\"640\"></iframe></p>\n',15,'2013-11-20 17:13:57','2013-09-24 20:59:35',1,'habilitado','36',0),(37,'Copia de Tecnologías que abren las mentes','Miradas cruzadas','<p>Sos directora de un establecimiento educativo de gesti&oacute;n privada. Ten&eacute;s que decidir si incluir o no tecnolog&iacute;as en tu escuela. Los docentes est&aacute;n reacios a cambiar sus clases y repensarlas en funci&oacute;n de la incorporaci&oacute;n de computadoras en sus aulas. Se niegan a seguir la tendencia que consideran modernista y pol&iacute;tica de crear escenarios con alta dotaci&oacute;n tecnol&oacute;gica para pr&aacute;cticas que no son imaginativas ni favorecen aprendizajes nuevos. La comisi&oacute;n directiva de la escuela no quiere invertir m&aacute;s dinero. Tuvieron que realizar refacciones el a&ntilde;o anterior y no consideran que esta inversi&oacute;n les revistar&aacute; beneficio alguno. Los padres amenazan con retirar a los ni&ntilde;os de la escuela por tener poca inform&aacute;tica. Plantea tres perpectivas que tendr&iacute;as en cuenta para el an&aacute;lisis y para la toma de decisiones.&nbsp;</p>\n\n<p>Pod&eacute;s enriquecer tu an&aacute;lisis con los siguientes videos.</p>\n\n<p>&nbsp;</p>\n\n<p><iframe allowfullscreen=\"\" frameborder=\"0\" height=\"360\" src=\"//www.youtube.com/embed/zDZFcDGpL4U\" width=\"640\"></iframe></p>\n',15,'2013-11-20 17:13:57','2013-09-24 21:05:34',1,'habilitado','37',0),(38,'Copia de Tecnologías que abren las mentes','Miradas cruzadas','<p>Sos directora de un establecimiento educativo de gesti&oacute;n privada. Ten&eacute;s que decidir si incluir o no tecnolog&iacute;as en tu escuela. Los docentes est&aacute;n reacios a cambiar sus clases y repensarlas en funci&oacute;n de la incorporaci&oacute;n de computadoras en sus aulas. Se niegan a seguir la tendencia que consideran modernista y pol&iacute;tica de crear escenarios con alta dotaci&oacute;n tecnol&oacute;gica para pr&aacute;cticas que no son imaginativas ni favorecen aprendizajes nuevos. La comisi&oacute;n directiva de la escuela no quiere invertir m&aacute;s dinero. Tuvieron que realizar refacciones el a&ntilde;o anterior y no consideran que esta inversi&oacute;n les revistar&aacute; beneficio alguno. Los padres amenazan con retirar a los ni&ntilde;os de la escuela por tener poca inform&aacute;tica. Plantea tres perpectivas que tendr&iacute;as en cuenta para el an&aacute;lisis y para la toma de decisiones.&nbsp;</p>\n\n<p>Pod&eacute;s enriquecer tu an&aacute;lisis con los siguientes videos.</p>\n\n<p>&nbsp;</p>\n\n<p><iframe allowfullscreen=\"\" frameborder=\"0\" height=\"360\" src=\"//www.youtube.com/embed/zDZFcDGpL4U\" width=\"640\"></iframe></p>\n',15,'2013-11-20 17:13:57','2013-09-25 16:22:42',1,'habilitado','38',0),(39,'Copia de Copia de Tecnologías que abren las mentes','Miradas cruzadas','<p>Sos directora de un establecimiento educativo de gesti&oacute;n privada. Ten&eacute;s que decidir si incluir o no tecnolog&iacute;as en tu escuela. Los docentes est&aacute;n reacios a cambiar sus clases y repensarlas en funci&oacute;n de la incorporaci&oacute;n de computadoras en sus aulas. Se niegan a seguir la tendencia que consideran modernista y pol&iacute;tica de crear escenarios con alta dotaci&oacute;n tecnol&oacute;gica para pr&aacute;cticas que no son imaginativas ni favorecen aprendizajes nuevos. La comisi&oacute;n directiva de la escuela no quiere invertir m&aacute;s dinero. Tuvieron que realizar refacciones el a&ntilde;o anterior y no consideran que esta inversi&oacute;n les revistar&aacute; beneficio alguno. Los padres amenazan con retirar a los ni&ntilde;os de la escuela por tener poca inform&aacute;tica. Plantea tres perpectivas que tendr&iacute;as en cuenta para el an&aacute;lisis y para la toma de decisiones.&nbsp;</p>\n\n<p>Pod&eacute;s enriquecer tu an&aacute;lisis con los siguientes videos.</p>\n\n<p>&nbsp;</p>\n\n<p><iframe allowfullscreen=\"\" frameborder=\"0\" height=\"360\" src=\"//www.youtube.com/embed/zDZFcDGpL4U\" width=\"640\"></iframe></p>\n',15,'2013-11-20 17:13:57','2013-09-27 00:53:30',1,'habilitado','39',0),(40,'Copia de Tecnologías que abren las mentes','Miradas cruzadas','<p>Sos directora de un establecimiento educativo de gesti&oacute;n privada. Ten&eacute;s que decidir si incluir o no tecnolog&iacute;as en tu escuela. Los docentes est&aacute;n reacios a cambiar sus clases y repensarlas en funci&oacute;n de la incorporaci&oacute;n de computadoras en sus aulas. Se niegan a seguir la tendencia que consideran modernista y pol&iacute;tica de crear escenarios con alta dotaci&oacute;n tecnol&oacute;gica para pr&aacute;cticas que no son imaginativas ni favorecen aprendizajes nuevos. La comisi&oacute;n directiva de la escuela no quiere invertir m&aacute;s dinero. Tuvieron que realizar refacciones el a&ntilde;o anterior y no consideran que esta inversi&oacute;n les revistar&aacute; beneficio alguno. Los padres amenazan con retirar a los ni&ntilde;os de la escuela por tener poca inform&aacute;tica. Plantea tres perpectivas que tendr&iacute;as en cuenta para el an&aacute;lisis y para la toma de decisiones.&nbsp;</p>\n\n<p>Pod&eacute;s enriquecer tu an&aacute;lisis con los siguientes videos.</p>\n\n<p>&nbsp;</p>\n\n<p><iframe allowfullscreen=\"\" frameborder=\"0\" height=\"360\" src=\"//www.youtube.com/embed/zDZFcDGpL4U\" width=\"640\"></iframe></p>\n',15,'2013-11-20 17:13:57','2013-10-10 12:45:45',1,'habilitado','40',0),(41,'Copia de Copia de Tecnologías que abren las mentes','Miradas cruzadas','<p>Sos directora de un establecimiento educativo de gesti&oacute;n privada. Ten&eacute;s que decidir si incluir o no tecnolog&iacute;as en tu escuela. Los docentes est&aacute;n reacios a cambiar sus clases y repensarlas en funci&oacute;n de la incorporaci&oacute;n de computadoras en sus aulas. Se niegan a seguir la tendencia que consideran modernista y pol&iacute;tica de crear escenarios con alta dotaci&oacute;n tecnol&oacute;gica para pr&aacute;cticas que no son imaginativas ni favorecen aprendizajes nuevos. La comisi&oacute;n directiva de la escuela no quiere invertir m&aacute;s dinero. Tuvieron que realizar refacciones el a&ntilde;o anterior y no consideran que esta inversi&oacute;n les revistar&aacute; beneficio alguno. Los padres amenazan con retirar a los ni&ntilde;os de la escuela por tener poca inform&aacute;tica. Plantea tres perpectivas que tendr&iacute;as en cuenta para el an&aacute;lisis y para la toma de decisiones.&nbsp;</p>\n\n<p>Pod&eacute;s enriquecer tu an&aacute;lisis con los siguientes videos.</p>\n\n<p>&nbsp;</p>\n\n<p><iframe allowfullscreen=\"\" frameborder=\"0\" height=\"360\" src=\"//www.youtube.com/embed/zDZFcDGpL4U\" width=\"640\"></iframe></p>\n',15,'2013-12-19 13:07:39','2013-12-19 13:06:24',1,'habilitado','41',1),(42,'Copia de Tecnologías que abren las mentes','Miradas cruzadas','<p>Sos directora de un establecimiento educativo de gesti&oacute;n privada. Ten&eacute;s que decidir si incluir o no tecnolog&iacute;as en tu escuela. Los docentes est&aacute;n reacios a cambiar sus clases y repensarlas en funci&oacute;n de la incorporaci&oacute;n de computadoras en sus aulas. Se niegan a seguir la tendencia que consideran modernista y pol&iacute;tica de crear escenarios con alta dotaci&oacute;n tecnol&oacute;gica para pr&aacute;cticas que no son imaginativas ni favorecen aprendizajes nuevos. La comisi&oacute;n directiva de la escuela no quiere invertir m&aacute;s dinero. Tuvieron que realizar refacciones el a&ntilde;o anterior y no consideran que esta inversi&oacute;n les revistar&aacute; beneficio alguno. Los padres amenazan con retirar a los ni&ntilde;os de la escuela por tener poca inform&aacute;tica. Plantea tres perpectivas que tendr&iacute;as en cuenta para el an&aacute;lisis y para la toma de decisiones.&nbsp;</p>\n\n<p>Pod&eacute;s enriquecer tu an&aacute;lisis con los siguientes videos.</p>\n\n<p>&nbsp;</p>\n\n<p><iframe allowfullscreen=\"\" frameborder=\"0\" height=\"360\" src=\"//www.youtube.com/embed/zDZFcDGpL4U\" width=\"640\"></iframe></p>\n',15,'2013-11-20 17:13:57','2013-10-10 15:03:14',1,'habilitado','42',0),(43,'Copia de Tecnologías que abren las mentes','Miradas cruzadas','<p>Sos directora de un establecimiento educativo de gesti&oacute;n privada. Ten&eacute;s que decidir si incluir o no tecnolog&iacute;as en tu escuela. Los docentes est&aacute;n reacios a cambiar sus clases y repensarlas en funci&oacute;n de la incorporaci&oacute;n de computadoras en sus aulas. Se niegan a seguir la tendencia que consideran modernista y pol&iacute;tica de crear escenarios con alta dotaci&oacute;n tecnol&oacute;gica para pr&aacute;cticas que no son imaginativas ni favorecen aprendizajes nuevos. La comisi&oacute;n directiva de la escuela no quiere invertir m&aacute;s dinero. Tuvieron que realizar refacciones el a&ntilde;o anterior y no consideran que esta inversi&oacute;n les revistar&aacute; beneficio alguno. Los padres amenazan con retirar a los ni&ntilde;os de la escuela por tener poca inform&aacute;tica. Plantea tres perpectivas que tendr&iacute;as en cuenta para el an&aacute;lisis y para la toma de decisiones.&nbsp;</p>\n\n<p>Pod&eacute;s enriquecer tu an&aacute;lisis con los siguientes videos.</p>\n\n<p>&nbsp;</p>\n\n<p><iframe allowfullscreen=\"\" frameborder=\"0\" height=\"360\" src=\"//www.youtube.com/embed/zDZFcDGpL4U\" width=\"640\"></iframe></p>\n',15,'2013-11-20 17:13:57','2013-10-24 14:37:07',1,'habilitado','43',0),(44,'Copia de Tecnologías que abren las mentes','Miradas cruzadas','<p>Sos directora de un establecimiento educativo de gesti&oacute;n privada. Ten&eacute;s que decidir si incluir o no tecnolog&iacute;as en tu escuela. Los docentes est&aacute;n reacios a cambiar sus clases y repensarlas en funci&oacute;n de la incorporaci&oacute;n de computadoras en sus aulas. Se niegan a seguir la tendencia que consideran modernista y pol&iacute;tica de crear escenarios con alta dotaci&oacute;n tecnol&oacute;gica para pr&aacute;cticas que no son imaginativas ni favorecen aprendizajes nuevos. La comisi&oacute;n directiva de la escuela no quiere invertir m&aacute;s dinero. Tuvieron que realizar refacciones el a&ntilde;o anterior y no consideran que esta inversi&oacute;n les revistar&aacute; beneficio alguno. Los padres amenazan con retirar a los ni&ntilde;os de la escuela por tener poca inform&aacute;tica. Plantea tres perpectivas que tendr&iacute;as en cuenta para el an&aacute;lisis y para la toma de decisiones.&nbsp;</p>\n\n<p>Pod&eacute;s enriquecer tu an&aacute;lisis con los siguientes videos.</p>\n\n<p>&nbsp;</p>\n\n<p><iframe allowfullscreen=\"\" frameborder=\"0\" height=\"360\" src=\"//www.youtube.com/embed/zDZFcDGpL4U\" width=\"640\"></iframe></p>\n',15,'2013-11-20 17:13:57','2013-10-29 14:10:43',1,'habilitado','44',0),(45,'Copia de Copia de Copia de Tecnologías que abren las mentes','Miradas cruzadas','<p>Sos directora de un establecimiento educativo de gesti&oacute;n privada. Ten&eacute;s que decidir si incluir o no tecnolog&iacute;as en tu escuela. Los docentes est&aacute;n reacios a cambiar sus clases y repensarlas en funci&oacute;n de la incorporaci&oacute;n de computadoras en sus aulas. Se niegan a seguir la tendencia que consideran modernista y pol&iacute;tica de crear escenarios con alta dotaci&oacute;n tecnol&oacute;gica para pr&aacute;cticas que no son imaginativas ni favorecen aprendizajes nuevos. La comisi&oacute;n directiva de la escuela no quiere invertir m&aacute;s dinero. Tuvieron que realizar refacciones el a&ntilde;o anterior y no consideran que esta inversi&oacute;n les revistar&aacute; beneficio alguno. Los padres amenazan con retirar a los ni&ntilde;os de la escuela por tener poca inform&aacute;tica. Plantea tres perpectivas que tendr&iacute;as en cuenta para el an&aacute;lisis y para la toma de decisiones.&nbsp;</p>\n\n<p>Pod&eacute;s enriquecer tu an&aacute;lisis con los siguientes videos.</p>\n\n<p>&nbsp;</p>\n\n<p><iframe allowfullscreen=\"\" frameborder=\"0\" height=\"360\" src=\"//www.youtube.com/embed/zDZFcDGpL4U\" width=\"640\"></iframe></p>\n',15,'2013-11-20 17:13:57','2013-11-05 15:16:46',1,'habilitado','45',0),(46,'Copia de Copia de Tecnologías que abren las mentes','Miradas cruzadas','<p>Sos directora de un establecimiento educativo de gesti&oacute;n privada. Ten&eacute;s que decidir si incluir o no tecnolog&iacute;as en tu escuela. Los docentes est&aacute;n reacios a cambiar sus clases y repensarlas en funci&oacute;n de la incorporaci&oacute;n de computadoras en sus aulas. Se niegan a seguir la tendencia que consideran modernista y pol&iacute;tica de crear escenarios con alta dotaci&oacute;n tecnol&oacute;gica para pr&aacute;cticas que no son imaginativas ni favorecen aprendizajes nuevos. La comisi&oacute;n directiva de la escuela no quiere invertir m&aacute;s dinero. Tuvieron que realizar refacciones el a&ntilde;o anterior y no consideran que esta inversi&oacute;n les revistar&aacute; beneficio alguno. Los padres amenazan con retirar a los ni&ntilde;os de la escuela por tener poca inform&aacute;tica. Plantea tres perpectivas que tendr&iacute;as en cuenta para el an&aacute;lisis y para la toma de decisiones.&nbsp;</p>\n\n<p>Pod&eacute;s enriquecer tu an&aacute;lisis con los siguientes videos.</p>\n\n<p>&nbsp;</p>\n\n<p><iframe allowfullscreen=\"\" frameborder=\"0\" height=\"360\" src=\"//www.youtube.com/embed/zDZFcDGpL4U\" width=\"640\"></iframe></p>\n',15,'2013-11-20 17:13:57','2013-11-11 12:40:07',1,'habilitado','46',0),(47,'Copia de Copia de Copia de Tecnologías que abren las mentes','Miradas cruzadas','<p>Sos directora de un establecimiento educativo de gesti&oacute;n privada. Ten&eacute;s que decidir si incluir o no tecnolog&iacute;as en tu escuela. Los docentes est&aacute;n reacios a cambiar sus clases y repensarlas en funci&oacute;n de la incorporaci&oacute;n de computadoras en sus aulas. Se niegan a seguir la tendencia que consideran modernista y pol&iacute;tica de crear escenarios con alta dotaci&oacute;n tecnol&oacute;gica para pr&aacute;cticas que no son imaginativas ni favorecen aprendizajes nuevos. La comisi&oacute;n directiva de la escuela no quiere invertir m&aacute;s dinero. Tuvieron que realizar refacciones el a&ntilde;o anterior y no consideran que esta inversi&oacute;n les revistar&aacute; beneficio alguno. Los padres amenazan con retirar a los ni&ntilde;os de la escuela por tener poca inform&aacute;tica. Plantea tres perpectivas que tendr&iacute;as en cuenta para el an&aacute;lisis y para la toma de decisiones.&nbsp;</p>\n\n<p>Pod&eacute;s enriquecer tu an&aacute;lisis con los siguientes videos.</p>\n\n<p>&nbsp;</p>\n\n<p><iframe allowfullscreen=\"\" frameborder=\"0\" height=\"360\" src=\"//www.youtube.com/embed/zDZFcDGpL4U\" width=\"640\"></iframe></p>\n',15,'2013-11-20 17:13:57','2013-11-11 20:18:51',1,'habilitado','47',0),(48,'Copia de Copia de Copia de Copia de Tecnologías que abren las mentes','Miradas cruzadas','<p>Sos directora de un establecimiento educativo de gesti&oacute;n privada. Ten&eacute;s que decidir si incluir o no tecnolog&iacute;as en tu escuela. Los docentes est&aacute;n reacios a cambiar sus clases y repensarlas en funci&oacute;n de la incorporaci&oacute;n de computadoras en sus aulas. Se niegan a seguir la tendencia que consideran modernista y pol&iacute;tica de crear escenarios con alta dotaci&oacute;n tecnol&oacute;gica para pr&aacute;cticas que no son imaginativas ni favorecen aprendizajes nuevos. La comisi&oacute;n directiva de la escuela no quiere invertir m&aacute;s dinero. Tuvieron que realizar refacciones el a&ntilde;o anterior y no consideran que esta inversi&oacute;n les revistar&aacute; beneficio alguno. Los padres amenazan con retirar a los ni&ntilde;os de la escuela por tener poca inform&aacute;tica. Plantea tres perpectivas que tendr&iacute;as en cuenta para el an&aacute;lisis y para la toma de decisiones.&nbsp;</p>\n\n<p>Pod&eacute;s enriquecer tu an&aacute;lisis con los siguientes videos.</p>\n\n<p>&nbsp;</p>\n\n<p><iframe allowfullscreen=\"\" frameborder=\"0\" height=\"360\" src=\"//www.youtube.com/embed/zDZFcDGpL4U\" width=\"640\"></iframe></p>\n',15,'2013-11-20 17:13:57','2013-11-11 20:23:36',1,'habilitado','48',0),(49,'Copia de Copia de Copia de Tecnologías que abren las mentes','Miradas cruzadas','<p>Sos directora de un establecimiento educativo de gesti&oacute;n privada. Ten&eacute;s que decidir si incluir o no tecnolog&iacute;as en tu escuela. Los docentes est&aacute;n reacios a cambiar sus clases y repensarlas en funci&oacute;n de la incorporaci&oacute;n de computadoras en sus aulas. Se niegan a seguir la tendencia que consideran modernista y pol&iacute;tica de crear escenarios con alta dotaci&oacute;n tecnol&oacute;gica para pr&aacute;cticas que no son imaginativas ni favorecen aprendizajes nuevos. La comisi&oacute;n directiva de la escuela no quiere invertir m&aacute;s dinero. Tuvieron que realizar refacciones el a&ntilde;o anterior y no consideran que esta inversi&oacute;n les revistar&aacute; beneficio alguno. Los padres amenazan con retirar a los ni&ntilde;os de la escuela por tener poca inform&aacute;tica. Plantea tres perpectivas que tendr&iacute;as en cuenta para el an&aacute;lisis y para la toma de decisiones.&nbsp;</p>\n\n<p>Pod&eacute;s enriquecer tu an&aacute;lisis con los siguientes videos.</p>\n\n<p>&nbsp;</p>\n\n<p><iframe allowfullscreen=\"\" frameborder=\"0\" height=\"360\" src=\"//www.youtube.com/embed/zDZFcDGpL4U\" width=\"640\"></iframe></p>\n',15,'2013-11-20 17:13:57','2013-11-13 19:44:57',1,'habilitado','49',0),(50,'prueba fer','consgina prueba fer','<p>desarrollo</p>\n',9,'2013-11-20 17:13:57','2013-11-17 17:16:28',1,'deshabilitado','50',0),(51,'prueba fer','consgina prueba fer','<p>desarrollo</p>\n',9,'2013-11-20 17:13:57','2013-11-17 17:15:53',1,'deshabilitado','51',0),(52,'Nuevo ejercicio','Probando probando','<p>Este campo describe bla bla</p>\n',9,'2013-11-22 01:37:52','2013-11-21 23:27:26',1,'deshabilitado','528e9636654cb',1),(53,'Copia de Copia de Copia de Tecnologías que abren las mentes','Miradas cruzadas','<p>Sos directora de un establecimiento educativo de gesti&oacute;n privada. Ten&eacute;s que decidir si incluir o no tecnolog&iacute;as en tu escuela. Los docentes est&aacute;n reacios a cambiar sus clases y repensarlas en funci&oacute;n de la incorporaci&oacute;n de computadoras en sus aulas. Se niegan a seguir la tendencia que consideran modernista y pol&iacute;tica de crear escenarios con alta dotaci&oacute;n tecnol&oacute;gica para pr&aacute;cticas que no son imaginativas ni favorecen aprendizajes nuevos. La comisi&oacute;n directiva de la escuela no quiere invertir m&aacute;s dinero. Tuvieron que realizar refacciones el a&ntilde;o anterior y no consideran que esta inversi&oacute;n les revistar&aacute; beneficio alguno. Los padres amenazan con retirar a los ni&ntilde;os de la escuela por tener poca inform&aacute;tica. Plantea tres perpectivas que tendr&iacute;as en cuenta para el an&aacute;lisis y para la toma de decisiones.&nbsp;</p>\n\n<p>Pod&eacute;s enriquecer tu an&aacute;lisis con los siguientes videos.</p>\n\n<p>&nbsp;</p>\n\n<p><iframe allowfullscreen=\"\" frameborder=\"0\" height=\"360\" src=\"//www.youtube.com/embed/zDZFcDGpL4U\" width=\"640\"></iframe></p>\n',15,'2013-12-19 13:06:52','2013-12-19 13:06:41',1,'habilitado','5297caa428959',1),(54,'Copia de Tecnologías que abren las mentes','Miradas cruzadas','<p>Sos directora de un establecimiento educativo de gesti&oacute;n privada. Ten&eacute;s que decidir si incluir o no tecnolog&iacute;as en tu escuela. Los docentes est&aacute;n reacios a cambiar sus clases y repensarlas en funci&oacute;n de la incorporaci&oacute;n de computadoras en sus aulas. Se niegan a seguir la tendencia que consideran modernista y pol&iacute;tica de crear escenarios con alta dotaci&oacute;n tecnol&oacute;gica para pr&aacute;cticas que no son imaginativas ni favorecen aprendizajes nuevos. La comisi&oacute;n directiva de la escuela no quiere invertir m&aacute;s dinero. Tuvieron que realizar refacciones el a&ntilde;o anterior y no consideran que esta inversi&oacute;n les revistar&aacute; beneficio alguno. Los padres amenazan con retirar a los ni&ntilde;os de la escuela por tener poca inform&aacute;tica. Plantea tres perpectivas que tendr&iacute;as en cuenta para el an&aacute;lisis y para la toma de decisiones.&nbsp;</p>\n\n<p>Pod&eacute;s enriquecer tu an&aacute;lisis con los siguientes videos.</p>\n\n<p>&nbsp;</p>\n\n<p><iframe allowfullscreen=\"\" frameborder=\"0\" height=\"360\" src=\"//www.youtube.com/embed/zDZFcDGpL4U\" width=\"640\"></iframe></p>\n',15,'2013-12-19 13:06:20','2013-12-19 13:06:05',1,'habilitado','5297d35e6809f',1),(55,'Copia de Tecnologías que abren las mentes','Miradas cruzadas','<p>Sos directora de un establecimiento educativo de gesti&oacute;n privada. Ten&eacute;s que decidir si incluir o no tecnolog&iacute;as en tu escuela. Los docentes est&aacute;n reacios a cambiar sus clases y repensarlas en funci&oacute;n de la incorporaci&oacute;n de computadoras en sus aulas. Se niegan a seguir la tendencia que consideran modernista y pol&iacute;tica de crear escenarios con alta dotaci&oacute;n tecnol&oacute;gica para pr&aacute;cticas que no son imaginativas ni favorecen aprendizajes nuevos. La comisi&oacute;n directiva de la escuela no quiere invertir m&aacute;s dinero. Tuvieron que realizar refacciones el a&ntilde;o anterior y no consideran que esta inversi&oacute;n les revistar&aacute; beneficio alguno. Los padres amenazan con retirar a los ni&ntilde;os de la escuela por tener poca inform&aacute;tica. Plantea tres perpectivas que tendr&iacute;as en cuenta para el an&aacute;lisis y para la toma de decisiones.&nbsp;</p>\n\n<p>Pod&eacute;s enriquecer tu an&aacute;lisis con los siguientes videos.</p>\n\n<p>&nbsp;</p>\n\n<p><iframe allowfullscreen=\"\" frameborder=\"0\" height=\"360\" src=\"//www.youtube.com/embed/zDZFcDGpL4U\" width=\"640\"></iframe></p>\n',15,'2014-01-03 15:15:34','2013-12-19 14:36:37',1,'habilitado','52b3037d55f66',1),(56,'Copia de Tecnologías que abren las mentes','Miradas cruzadas','<p>Sos directora de un establecimiento educativo de gesti&oacute;n privada. Ten&eacute;s que decidir si incluir o no tecnolog&iacute;as en tu escuela. Los docentes est&aacute;n reacios a cambiar sus clases y repensarlas en funci&oacute;n de la incorporaci&oacute;n de computadoras en sus aulas. Se niegan a seguir la tendencia que consideran modernista y pol&iacute;tica de crear escenarios con alta dotaci&oacute;n tecnol&oacute;gica para pr&aacute;cticas que no son imaginativas ni favorecen aprendizajes nuevos. La comisi&oacute;n directiva de la escuela no quiere invertir m&aacute;s dinero. Tuvieron que realizar refacciones el a&ntilde;o anterior y no consideran que esta inversi&oacute;n les revistar&aacute; beneficio alguno. Los padres amenazan con retirar a los ni&ntilde;os de la escuela por tener poca inform&aacute;tica. Plantea tres perpectivas que tendr&iacute;as en cuenta para el an&aacute;lisis y para la toma de decisiones.&nbsp;</p>\n\n<p>Pod&eacute;s enriquecer tu an&aacute;lisis con los siguientes videos.</p>\n\n<p>&nbsp;</p>\n\n<p><iframe allowfullscreen=\"\" frameborder=\"0\" height=\"360\" src=\"//www.youtube.com/embed/zDZFcDGpL4U\" width=\"640\"></iframe></p>\n',15,'2014-01-03 15:15:21','2013-12-19 14:35:08',1,'habilitado','52b303f9c6764',0),(57,'Copia de Copia de Tecnologías que abren las mentes','Miradas cruzadas','<p>Sos directora de un establecimiento educativo de gesti&oacute;n privada. Ten&eacute;s que decidir si incluir o no tecnolog&iacute;as en tu escuela. Los docentes est&aacute;n reacios a cambiar sus clases y repensarlas en funci&oacute;n de la incorporaci&oacute;n de computadoras en sus aulas. Se niegan a seguir la tendencia que consideran modernista y pol&iacute;tica de crear escenarios con alta dotaci&oacute;n tecnol&oacute;gica para pr&aacute;cticas que no son imaginativas ni favorecen aprendizajes nuevos. La comisi&oacute;n directiva de la escuela no quiere invertir m&aacute;s dinero. Tuvieron que realizar refacciones el a&ntilde;o anterior y no consideran que esta inversi&oacute;n les revistar&aacute; beneficio alguno. Los padres amenazan con retirar a los ni&ntilde;os de la escuela por tener poca inform&aacute;tica. Plantea tres perpectivas que tendr&iacute;as en cuenta para el an&aacute;lisis y para la toma de decisiones.&nbsp;</p>\n\n<p>Pod&eacute;s enriquecer tu an&aacute;lisis con los siguientes videos.</p>\n\n<p>&nbsp;</p>\n\n<p><iframe allowfullscreen=\"\" frameborder=\"0\" height=\"360\" src=\"//www.youtube.com/embed/zDZFcDGpL4U\" width=\"640\"></iframe></p>\n',15,'2014-01-03 15:15:26','2013-12-19 14:36:40',1,'habilitado','52b3042d99e4e',1),(58,'Copia de Tecnologías que abren las mentes','Miradas cruzadas','<p>Sos directora de un establecimiento educativo de gesti&oacute;n privada. Ten&eacute;s que decidir si incluir o no tecnolog&iacute;as en tu escuela. Los docentes est&aacute;n reacios a cambiar sus clases y repensarlas en funci&oacute;n de la incorporaci&oacute;n de computadoras en sus aulas. Se niegan a seguir la tendencia que consideran modernista y pol&iacute;tica de crear escenarios con alta dotaci&oacute;n tecnol&oacute;gica para pr&aacute;cticas que no son imaginativas ni favorecen aprendizajes nuevos. La comisi&oacute;n directiva de la escuela no quiere invertir m&aacute;s dinero. Tuvieron que realizar refacciones el a&ntilde;o anterior y no consideran que esta inversi&oacute;n les revistar&aacute; beneficio alguno. Los padres amenazan con retirar a los ni&ntilde;os de la escuela por tener poca inform&aacute;tica. Plantea tres perpectivas que tendr&iacute;as en cuenta para el an&aacute;lisis y para la toma de decisiones.&nbsp;</p>\n\n<p>Pod&eacute;s enriquecer tu an&aacute;lisis con los siguientes videos.</p>\n\n<p><iframe allowfullscreen=\"\" frameborder=\"0\" height=\"360\" src=\"//www.youtube.com/embed/-W9PZ_T0yf8\" width=\"640\"></iframe></p>\n',15,'2014-01-10 01:45:01','2013-12-20 12:29:16',1,'habilitado','52b437bc39a69',0),(59,'Copia de Tecnologías que abren las mentes','Miradas cruzadas','<p>Sos directora de un establecimiento educativo de gesti&oacute;n privada. Ten&eacute;s que decidir si incluir o no tecnolog&iacute;as en tu escuela. Los docentes est&aacute;n reacios a cambiar sus clases y repensarlas en funci&oacute;n de la incorporaci&oacute;n de computadoras en sus aulas. Se niegan a seguir la tendencia que consideran modernista y pol&iacute;tica de crear escenarios con alta dotaci&oacute;n tecnol&oacute;gica para pr&aacute;cticas que no son imaginativas ni favorecen aprendizajes nuevos. La comisi&oacute;n directiva de la escuela no quiere invertir m&aacute;s dinero. Tuvieron que realizar refacciones el a&ntilde;o anterior y no consideran que esta inversi&oacute;n les revistar&aacute; beneficio alguno. Los padres amenazan con retirar a los ni&ntilde;os de la escuela por tener poca inform&aacute;tica. Plantea tres perpectivas que tendr&iacute;as en cuenta para el an&aacute;lisis y para la toma de decisiones.&nbsp;</p>\n\n<p>Pod&eacute;s enriquecer tu an&aacute;lisis con los siguientes videos.</p>\n\n<p>&nbsp;</p>\n\n<p><iframe allowfullscreen=\"\" frameborder=\"0\" height=\"360\" src=\"//www.youtube.com/embed/zDZFcDGpL4U\" width=\"640\"></iframe></p>\n',15,'2014-01-10 01:45:09','2014-01-03 15:14:28',1,'habilitado','52c6d3d4ba6a7',0),(60,'Consigna de hoy','Miradas cruzadas','<p>Sos <a href=\"http://www.buber.esc.edu.ar\">directora de un establecimiento educativo de gesti&oacute;n privada</a>. Ten&eacute;s que decidir si incluir o no tecnolog&iacute;as en tu escuela. Los docentes est&aacute;n reacios a cambiar sus clases y repensarlas en funci&oacute;n de la incorporaci&oacute;n de computadoras en sus aulas. Se niegan a seguir la tendencia que consideran modernista y pol&iacute;tica de crear escenarios con alta dotaci&oacute;n tecnol&oacute;gica para pr&aacute;cticas que no son imaginativas ni favorecen aprendizajes nuevos. La comisi&oacute;n directiva de la escuela no quiere invertir m&aacute;s dinero. Tuvieron que realizar refacciones el a&ntilde;o anterior y no consideran que esta inversi&oacute;n les revistar&aacute; beneficio alguno. Los padres amenazan con retirar a los ni&ntilde;os de la escuela por tener poca inform&aacute;tica. Plantea tres perpectivas que tendr&iacute;as en cuenta para el an&aacute;lisis y para la toma de decisiones.&nbsp;</p>\n\n<p>Pod&eacute;s enriquecer tu an&aacute;lisis con los siguientes videos.</p>\n\n<p><iframe allowfullscreen=\"\" frameborder=\"0\" height=\"360\" src=\"//www.youtube.com/embed/-W9PZ_T0yf8\" width=\"640\"></iframe></p>\n\n<p>&nbsp;</p>\n',15,'2014-01-08 21:11:46','2014-01-08 21:11:46',0,'habilitado','52cdb985560a1',1),(61,'Copia de Consigna de hoy','Miradas cruzadas','<p>Sos <a href=\"http://www.buber.esc.edu.ar\">directora de un establecimiento educativo de gesti&oacute;n privada</a>. Ten&eacute;s que decidir si incluir o no tecnolog&iacute;as en tu escuela. Los docentes est&aacute;n reacios a cambiar sus clases y repensarlas en funci&oacute;n de la incorporaci&oacute;n de computadoras en sus aulas. Se niegan a seguir la tendencia que consideran modernista y pol&iacute;tica de crear escenarios con alta dotaci&oacute;n tecnol&oacute;gica para pr&aacute;cticas que no son imaginativas ni favorecen aprendizajes nuevos. La comisi&oacute;n directiva de la escuela no quiere invertir m&aacute;s dinero. Tuvieron que realizar refacciones el a&ntilde;o anterior y no consideran que esta inversi&oacute;n les revistar&aacute; beneficio alguno. Los padres amenazan con retirar a los ni&ntilde;os de la escuela por tener poca inform&aacute;tica. Plantea tres perpectivas que tendr&iacute;as en cuenta para el an&aacute;lisis y para la toma de decisiones.&nbsp;</p>\n\n<p>Pod&eacute;s enriquecer tu an&aacute;lisis con los siguientes videos.</p>\n\n<p><iframe allowfullscreen=\"\" frameborder=\"0\" height=\"360\" src=\"//www.youtube.com/embed/-W9PZ_T0yf8\" width=\"640\"></iframe></p>\n\n<p>&nbsp;</p>\n',15,'2014-01-10 01:44:48','2014-01-08 21:00:24',1,'habilitado','52cdbc68f0ee9',0),(62,'Copia de Consigna de hoy','Miradas cruzadas','<p>Sos <a href=\"http://www.buber.esc.edu.ar\">directora de un establecimiento educativo de gesti&oacute;n privada</a>. Ten&eacute;s que decidir si incluir o no tecnolog&iacute;as en tu escuela. Los docentes est&aacute;n reacios a cambiar sus clases y repensarlas en funci&oacute;n de la incorporaci&oacute;n de computadoras en sus aulas. Se niegan a seguir la tendencia que consideran modernista y pol&iacute;tica de crear escenarios con alta dotaci&oacute;n tecnol&oacute;gica para pr&aacute;cticas que no son imaginativas ni favorecen aprendizajes nuevos. La comisi&oacute;n directiva de la escuela no quiere invertir m&aacute;s dinero. Tuvieron que realizar refacciones el a&ntilde;o anterior y no consideran que esta inversi&oacute;n les revistar&aacute; beneficio alguno. Los padres amenazan con retirar a los ni&ntilde;os de la escuela por tener poca inform&aacute;tica. Plantea tres perpectivas que tendr&iacute;as en cuenta para el an&aacute;lisis y para la toma de decisiones.&nbsp;</p>\n\n<p>Pod&eacute;s enriquecer tu an&aacute;lisis con los siguientes videos.</p>\n\n<p><iframe allowfullscreen=\"\" frameborder=\"0\" height=\"360\" src=\"//www.youtube.com/embed/-W9PZ_T0yf8\" width=\"640\"></iframe></p>\n\n<p>&nbsp;</p>\n',15,'2014-01-10 01:44:53','2014-01-08 21:07:39',1,'habilitado','52cdbe1b28940',0),(63,'Copia de Tecnologías que abren las mentes','Miradas cruzadas','<p>Sos directora de un establecimiento educativo de gesti&oacute;n privada. Ten&eacute;s que decidir si incluir o no tecnolog&iacute;as en tu escuela. Los docentes est&aacute;n reacios a cambiar sus clases y repensarlas en funci&oacute;n de la incorporaci&oacute;n de computadoras en sus aulas. Se niegan a seguir la tendencia que consideran modernista y pol&iacute;tica de crear escenarios con alta dotaci&oacute;n tecnol&oacute;gica para pr&aacute;cticas que no son imaginativas ni favorecen aprendizajes nuevos. La comisi&oacute;n directiva de la escuela no quiere invertir m&aacute;s dinero. Tuvieron que realizar refacciones el a&ntilde;o anterior y no consideran que esta inversi&oacute;n les revistar&aacute; beneficio alguno. Los padres amenazan con retirar a los ni&ntilde;os de la escuela por tener poca inform&aacute;tica. Plantea tres perpectivas que tendr&iacute;as en cuenta para el an&aacute;lisis y para la toma de decisiones</p>\n\n<p>&nbsp;</p>\n\n<p><iframe allowfullscreen=\"\" frameborder=\"0\" height=\"360\" src=\"//www.youtube.com/embed/zDZFcDGpL4U\" width=\"640\"></iframe></p>\n',15,'2014-02-06 11:40:49','2014-02-06 00:21:22',1,'habilitado','52cece6851f89',1),(64,'Probando editor de texto','probando','<p style=\"text-align:center\"><img alt=\"\" src=\"http://assets.citep.fastbox.co//uploads/from_editor/Deborah_se_va_deborah_leaves_-_40x50_-_Tecnica_mixta_-_Mixed_Technique_-_Ana_Stenneikker_-_Cod5505.jpg\" style=\"height:443px; width:351px\" /></p>\n',9,'2014-03-04 14:44:50','2014-01-10 01:50:19',1,'habilitado','52cf519e2e638',0),(65,'Copia de Tecnologías que abren las mentes','Miradas cruzadas','<p>Sos directora de un establecimiento educativo de gesti&oacute;n privada. Ten&eacute;s que decidir si incluir o no tecnolog&iacute;as en tu escuela. Los docentes est&aacute;n reacios a cambiar sus clases y repensarlas en funci&oacute;n de la incorporaci&oacute;n de computadoras en sus aulas. Se niegan a seguir la tendencia que consideran modernista y pol&iacute;tica de crear escenarios con alta dotaci&oacute;n tecnol&oacute;gica para pr&aacute;cticas que no son imaginativas ni favorecen aprendizajes nuevos. La comisi&oacute;n directiva de la escuela no quiere invertir m&aacute;s dinero. Tuvieron que realizar refacciones el a&ntilde;o anterior y no consideran que esta inversi&oacute;n les revistar&aacute; beneficio alguno. Los padres amenazan con retirar a los ni&ntilde;os de la escuela por tener poca inform&aacute;tica. Plantea tres perpectivas que tendr&iacute;as en cuenta para el an&aacute;lisis y para la toma de decisiones.&nbsp;</p>\n\n<p>Pod&eacute;s enriquecer tu an&aacute;lisis con los siguientes videos.</p>\n\n<p>&nbsp;</p>\n\n<p><iframe allowfullscreen=\"\" frameborder=\"0\" height=\"360\" src=\"//www.youtube.com/embed/zDZFcDGpL4U\" width=\"640\"></iframe></p>\n',15,'2014-02-06 11:40:36','2014-02-06 00:20:48',1,'habilitado','52f2d560943bf',0),(66,'Copia de Tecnologías que abren las mentes','Miradas cruzadas','<p>Sos directora de un establecimiento educativo de gesti&oacute;n privada. Ten&eacute;s que decidir si incluir o no tecnolog&iacute;as en tu escuela. Los docentes est&aacute;n reacios a cambiar sus clases y repensarlas en funci&oacute;n de la incorporaci&oacute;n de computadoras en sus aulas. Se niegan a seguir la tendencia que consideran modernista y pol&iacute;tica de crear escenarios con alta dotaci&oacute;n tecnol&oacute;gica para pr&aacute;cticas que no son imaginativas ni favorecen aprendizajes nuevos. La comisi&oacute;n directiva de la escuela no quiere invertir m&aacute;s dinero. Tuvieron que realizar refacciones el a&ntilde;o anterior y no consideran que esta inversi&oacute;n les revistar&aacute; beneficio alguno. Los padres amenazan con retirar a los ni&ntilde;os de la escuela por tener poca inform&aacute;tica. Plantea tres perpectivas que tendr&iacute;as en cuenta para el an&aacute;lisis y para la toma de decisiones.&nbsp;</p>\n\n<p>Pod&eacute;s enriquecer tu an&aacute;lisis con los siguientes videos.</p>\n\n<p>&nbsp;</p>\n\n<p><iframe allowfullscreen=\"\" frameborder=\"0\" height=\"360\" src=\"//www.youtube.com/embed/zDZFcDGpL4U\" width=\"640\"></iframe></p>\n',15,'2014-02-06 11:40:24','2014-02-06 00:26:07',1,'habilitado','52f2d69f1b0a7',0),(67,'Copia de Tecnologías que abren las mentes','Miradas cruzadas','<p>Sos directora de un establecimiento educativo de gesti&oacute;n privada. Ten&eacute;s que decidir si incluir o no tecnolog&iacute;as en tu escuela. Los docentes est&aacute;n reacios a cambiar sus clases y repensarlas en funci&oacute;n de la incorporaci&oacute;n de computadoras en sus aulas. Se niegan a seguir la tendencia que consideran modernista y pol&iacute;tica de crear escenarios con alta dotaci&oacute;n tecnol&oacute;gica para pr&aacute;cticas que no son imaginativas ni favorecen aprendizajes nuevos. La comisi&oacute;n directiva de la escuela no quiere invertir m&aacute;s dinero. Tuvieron que realizar refacciones el a&ntilde;o anterior y no consideran que esta inversi&oacute;n les revistar&aacute; beneficio alguno. Los padres amenazan con retirar a los ni&ntilde;os de la escuela por tener poca inform&aacute;tica. Plantea tres perpectivas que tendr&iacute;as en cuenta para el an&aacute;lisis y para la toma de decisiones.&nbsp;</p>\n\n<p>Pod&eacute;s enriquecer tu an&aacute;lisis con los siguientes videos.</p>\n\n<p>&nbsp;</p>\n\n<p><iframe allowfullscreen=\"\" frameborder=\"0\" height=\"360\" src=\"//www.youtube.com/embed/zDZFcDGpL4U\" width=\"640\"></iframe></p>\n',15,'2014-03-07 15:20:18','2014-02-21 17:13:57',1,'habilitado','52f2d6c01c1c1',0),(68,'Testing pantalla alumno','probando','<p>Descripci&oacute;n</p>\n',9,'2014-03-07 12:12:15','2014-03-04 14:48:33',1,'habilitado','5315e7a86976f',0),(69,'Nuevo Nuevo','Nuevo Nuevo','<p>Nuevo Nuevo</p>\n',9,'2014-03-04 15:09:30','2014-03-04 14:53:05',1,'habilitado','5315e8b571f31',0),(70,'Probando 7mar','Probando 7mar','<p>Probando 7mar</p>\n',9,'2014-03-07 12:46:17','2014-03-07 12:12:59',1,'habilitado','5319b7cbf1084',0),(71,'Prueba Fer 7 marzo','Prueba Fer 7 marzo','<p>Prueba Fer 7 marzo</p>\n',9,'2014-03-12 16:57:08','2014-03-07 15:09:43',1,'habilitado','5319dbf9d0534',0),(72,'Copia de Prueba Fer 7 marzo','Prueba Fer 7 marzo','<p>Prueba Fer 7 marzo</p>\n',9,'2014-03-07 15:19:57','2014-03-07 15:19:44',1,'habilitado','5319e390e52e3',0),(73,'fffffffffffffffffffffffffffffff','ffffffffffffffffffffffffffffff','<p>fffffffffffffffffffffffffffffffffffffffffffffffffffff</p>\n',9,'2014-03-07 16:25:52','2014-03-07 16:25:37',1,'habilitado','5319f3019bcf4',0),(74,'Copia de Tecnologías que abren las mentes','Miradas cruzadas','<p>Sos directora de un establecimiento educativo de gesti&oacute;n privada. Ten&eacute;s que decidir si incluir o no tecnolog&iacute;as en tu escuela. Los docentes est&aacute;n reacios a cambiar sus clases y repensarlas en funci&oacute;n de la incorporaci&oacute;n de computadoras en sus aulas. Se niegan a seguir la tendencia que consideran modernista y pol&iacute;tica de crear escenarios con alta dotaci&oacute;n tecnol&oacute;gica para pr&aacute;cticas que no son imaginativas ni favorecen aprendizajes nuevos. La comisi&oacute;n directiva de la escuela no quiere invertir m&aacute;s dinero. Tuvieron que realizar refacciones el a&ntilde;o anterior y no consideran que esta inversi&oacute;n les revistar&aacute; beneficio alguno. Los padres amenazan con retirar a los ni&ntilde;os de la escuela por tener poca inform&aacute;tica. Plantea tres perpectivas que tendr&iacute;as en cuenta para el an&aacute;lisis y para la toma de decisiones.&nbsp;</p>\n\n<p>Pod&eacute;s enriquecer tu an&aacute;lisis con los siguientes videos.</p>\n\n<p>&nbsp;</p>\n\n<p><iframe allowfullscreen=\"\" frameborder=\"0\" height=\"360\" src=\"//www.youtube.com/embed/zDZFcDGpL4U\" width=\"640\"></iframe></p>\n',15,'2014-06-09 15:39:42','2014-06-03 19:33:32',1,'habilitado','531a0763a7166',1),(75,'Probando parte del alumno','Probando parte del alumno','<p><iframe allowfullscreen=\"\" frameborder=\"0\" height=\"315\" src=\"//www.youtube.com/embed/fGFHO02KPzs\" width=\"560\"></iframe>)</p>\n\n<p>&nbsp;</p>\n',9,'2014-04-04 21:04:10','2014-03-18 14:04:44',1,'habilitado','532092d39f2a9',1),(76,'Copia de Probando parte del alumno','Probando parte del alumno','<p><iframe allowfullscreen=\"\" frameborder=\"0\" height=\"315\" src=\"//www.youtube.com/embed/fGFHO02KPzs\" width=\"560\"></iframe>)</p>\n\n<p>&nbsp;</p>\n',9,'2014-03-13 15:49:03','2014-03-13 15:48:49',1,'habilitado','5321d3566d22a',0),(77,'sssssssssssssssssssssssssss','sssssssssssssssssssssssss','<p>sssssssssssssssssssss</p>\n',9,'2014-03-20 23:21:31','2014-03-20 23:21:22',1,'habilitado','532b77f20dda7',0),(78,'Nuevo hoy','Nuevo hoy','<p>Nuevo hoy</p>\n',9,'2014-04-04 21:04:04','2014-03-22 01:23:40',1,'habilitado','532ce61c44bdb',0),(79,'Prueba nuevo','Consigna del ejercicio','<p>Texto, img, video, etc</p>\n',1,'2014-04-04 21:03:59','2014-04-04 15:18:17',1,'habilitado','533ecd39cf2fb',0),(80,'Prueba nuevo','Consigna del ejercicio','<p>Texto, img, video, etc</p>\n',1,'2014-04-04 21:03:53','2014-04-04 15:32:57',1,'habilitado','533ecd849899e',1),(81,'Copia de Tecnologías que abren las mentes','Miradas cruzadas','<p>Sos directora de un establecimiento educativo de gesti&oacute;n privada. Ten&eacute;s que decidir si incluir o no tecnolog&iacute;as en tu escuela. Los docentes est&aacute;n reacios a cambiar sus clases y repensarlas en funci&oacute;n de la incorporaci&oacute;n de computadoras en sus aulas. Se niegan a seguir la tendencia que consideran modernista y pol&iacute;tica de crear escenarios con alta dotaci&oacute;n tecnol&oacute;gica para pr&aacute;cticas que no son imaginativas ni favorecen aprendizajes nuevos. La comisi&oacute;n directiva de la escuela no quiere invertir m&aacute;s dinero. Tuvieron que realizar refacciones el a&ntilde;o anterior y no consideran que esta inversi&oacute;n les revistar&aacute; beneficio alguno. Los padres amenazan con retirar a los ni&ntilde;os de la escuela por tener poca inform&aacute;tica. Plantea tres perpectivas que tendr&iacute;as en cuenta para el an&aacute;lisis y para la toma de decisiones.&nbsp;</p>\n\n<p>Pod&eacute;s enriquecer tu an&aacute;lisis con los siguientes videos.</p>\n\n<p>&nbsp;</p>\n\n<p><iframe allowfullscreen=\"\" frameborder=\"0\" height=\"360\" src=\"//www.youtube.com/embed/zDZFcDGpL4U\" width=\"640\"></iframe></p>\n',15,'2014-06-09 15:39:25','2014-06-05 15:47:47',1,'habilitado','539091230adf3',0),(82,'Copia de Tecnologías que abren las mentes','Miradas cruzadas','<p>Sos directora de un establecimiento educativo de gesti&oacute;n privada. Ten&eacute;s que decidir si incluir o no tecnolog&iacute;as en tu escuela. Los docentes est&aacute;n reacios a cambiar sus clases y repensarlas en funci&oacute;n de la incorporaci&oacute;n de computadoras en sus aulas. Se niegan a seguir la tendencia que consideran modernista y pol&iacute;tica de crear escenarios con alta dotaci&oacute;n tecnol&oacute;gica para pr&aacute;cticas que no son imaginativas ni favorecen aprendizajes nuevos. La comisi&oacute;n directiva de la escuela no quiere invertir m&aacute;s dinero. Tuvieron que realizar refacciones el a&ntilde;o anterior y no consideran que esta inversi&oacute;n les revistar&aacute; beneficio alguno. Los padres amenazan con retirar a los ni&ntilde;os de la escuela por tener poca inform&aacute;tica. Plantea tres perpectivas que tendr&iacute;as en cuenta para el an&aacute;lisis y para la toma de decisiones.&nbsp;</p>\n\n<p>Pod&eacute;s enriquecer tu an&aacute;lisis con los siguientes videos.</p>\n\n<p>&nbsp;</p>\n\n<p><iframe allowfullscreen=\"\" frameborder=\"0\" height=\"360\" src=\"//www.youtube.com/embed/zDZFcDGpL4U\" width=\"640\"></iframe></p>\n',15,'2014-06-09 15:39:33','2014-06-05 18:46:27',1,'habilitado','5390bb03f40da',0),(83,'Copia de Consigna de hoy','Miradas cruzadas','<p>Sos <a href=\"http://www.buber.esc.edu.ar\">directora de un establecimiento educativo de gesti&oacute;n privada</a>. Ten&eacute;s que decidir si incluir o no tecnolog&iacute;as en tu escuela. Los docentes est&aacute;n reacios a cambiar sus clases y repensarlas en funci&oacute;n de la incorporaci&oacute;n de computadoras en sus aulas. Se niegan a seguir la tendencia que consideran modernista y pol&iacute;tica de crear escenarios con alta dotaci&oacute;n tecnol&oacute;gica para pr&aacute;cticas que no son imaginativas ni favorecen aprendizajes nuevos. La comisi&oacute;n directiva de la escuela no quiere invertir m&aacute;s dinero. Tuvieron que realizar refacciones el a&ntilde;o anterior y no consideran que esta inversi&oacute;n les revistar&aacute; beneficio alguno. Los padres amenazan con retirar a los ni&ntilde;os de la escuela por tener poca inform&aacute;tica. Plantea tres perpectivas que tendr&iacute;as en cuenta para el an&aacute;lisis y para la toma de decisiones.&nbsp;</p>\n\n<p>Pod&eacute;s enriquecer tu an&aacute;lisis con los siguientes videos.</p>\n\n<p><iframe allowfullscreen=\"\" frameborder=\"0\" height=\"360\" src=\"//www.youtube.com/embed/-W9PZ_T0yf8\" width=\"640\"></iframe></p>\n\n<p>&nbsp;</p>\n',15,'2014-08-28 23:11:41','2014-06-09 17:08:17',1,'habilitado','5395ea01e292f',0),(84,'Copia de Tecnologías que abren las mentes','Miradas cruzadas','<p>Sos directora de un establecimiento educativo de gesti&oacute;n privada. Ten&eacute;s que decidir si incluir o no tecnolog&iacute;as en tu escuela. Los docentes est&aacute;n reacios a cambiar sus clases y repensarlas en funci&oacute;n de la incorporaci&oacute;n de computadoras en sus aulas. Se niegan a seguir la tendencia que consideran modernista y pol&iacute;tica de crear escenarios con alta dotaci&oacute;n tecnol&oacute;gica para pr&aacute;cticas que no son imaginativas ni favorecen aprendizajes nuevos. La comisi&oacute;n directiva de la escuela no quiere invertir m&aacute;s dinero. Tuvieron que realizar refacciones el a&ntilde;o anterior y no consideran que esta inversi&oacute;n les revistar&aacute; beneficio alguno. Los padres amenazan con retirar a los ni&ntilde;os de la escuela por tener poca inform&aacute;tica. Plantea tres perpectivas que tendr&iacute;as en cuenta para el an&aacute;lisis y para la toma de decisiones.&nbsp;</p>\n\n<p>Pod&eacute;s enriquecer tu an&aacute;lisis con los siguientes videos.</p>\n\n<p>&nbsp;</p>\n\n<p><iframe allowfullscreen=\"\" frameborder=\"0\" height=\"360\" src=\"//www.youtube.com/embed/zDZFcDGpL4U\" width=\"640\"></iframe></p>\n',15,'2014-08-28 23:11:32','2014-06-12 13:52:14',1,'habilitado','5398d5092bb68',1);
/*!40000 ALTER TABLE `arquetipos` ENABLE KEYS */;
UNLOCK TABLES;

--
-- Table structure for table `dialogo_alumnos`
--

DROP TABLE IF EXISTS `dialogo_alumnos`;
/*!40101 SET @saved_cs_client     = @@character_set_client */;
/*!40101 SET character_set_client = utf8 */;
CREATE TABLE `dialogo_alumnos` (
  `id` int(10) unsigned NOT NULL AUTO_INCREMENT,
  `dialogo_id` int(10) unsigned NOT NULL,
  `primer_nombre` varchar(255) DEFAULT NULL,
  `ultimo_nombre` varchar(255) DEFAULT NULL,
  `status` enum('abierto','cerrado') NOT NULL DEFAULT 'abierto',
  `email` varchar(255) DEFAULT NULL,
  `hash` varchar(64) DEFAULT NULL,
  `created_at` timestamp NOT NULL DEFAULT '0000-00-00 00:00:00',
  `updated_at` timestamp NOT NULL DEFAULT CURRENT_TIMESTAMP ON UPDATE CURRENT_TIMESTAMP,
  PRIMARY KEY (`id`),
  UNIQUE KEY `email_2` (`email`,`dialogo_id`),
  UNIQUE KEY `hash` (`hash`),
  KEY `email` (`email`)
) ENGINE=InnoDB AUTO_INCREMENT=32 DEFAULT CHARSET=latin1;
/*!40101 SET character_set_client = @saved_cs_client */;

--
-- Dumping data for table `dialogo_alumnos`
--

LOCK TABLES `dialogo_alumnos` WRITE;
/*!40000 ALTER TABLE `dialogo_alumnos` DISABLE KEYS */;
INSERT INTO `dialogo_alumnos` VALUES (1,1,'eze','gol','abierto','ezequiel.golub@gmail.com','47c93acdb9d94001ad1d6d218f7ecff4','0000-00-00 00:00:00','2013-10-30 23:09:48'),(2,1,'eze','#2','abierto','ezequiel.golub+2@gmail.com','c680fe1f30e3f0be162a2dadfeb3c69c','0000-00-00 00:00:00','2013-10-30 23:15:45'),(3,2,'Fernanda','Perosi','abierto','mfperosi@hotmail.com','e2fab4815ed41f63165c018ec2a1b6b8','0000-00-00 00:00:00','2013-10-30 23:34:48'),(4,3,'Fernanda','Perosi','abierto','mfperosi@hotmail.com','fc915b5b9fde6e89bc7831ec65be6a14','0000-00-00 00:00:00','2013-11-03 19:48:22'),(5,3,'Ideored','Ideored','abierto','ideored@gmail.com','ebc16b9fbdc98d4d44bdbf1a64e24fcc','0000-00-00 00:00:00','2013-11-03 21:40:42'),(6,3,'eze','gol','abierto','ezequiel.golub+6am@gmail.com','7c0e9c20d5264ce31635982cccf421fe','0000-00-00 00:00:00','2013-11-11 09:09:54'),(7,3,'otro','gol','abierto','ezequiel.golub+613@gmail.com','9494bf83c2ead6b4a47d1948854cc2bc','0000-00-00 00:00:00','2013-11-11 09:13:36'),(8,4,'Fernanda','Perosi','abierto','mfperosi@hotmail.com','57127110a5d14ac8ccd6c13ce243c3e5','0000-00-00 00:00:00','2013-11-11 12:17:33'),(9,5,'veronica','perosi','abierto','vperosi@gmail.com','1d6cc4e3d3593cbeb581f862c2ed764a','0000-00-00 00:00:00','2013-11-11 13:35:07'),(10,6,'Fernanda','Perosi','abierto','mfperosi@hotmail.com','6ee0b5127ae059db20091c9086124b39','0000-00-00 00:00:00','2013-11-11 15:38:33'),(11,5,'fernanda','perosi','cerrado','mfperosi@hotmail.com','cf19bf12f27f4fd2f3509cb9e33388c8','0000-00-00 00:00:00','2013-11-18 01:55:53'),(12,5,'eze','gol','abierto','ezequiel.golub@gmail.com','320d277da8ff0cca8c45cb6981d517ca','0000-00-00 00:00:00','2013-11-17 00:42:28'),(13,14,'Fernanda','Perosi','abierto','mfperosi@hotmail.com','22d4a900677039dae5e1d3f528a448c5','0000-00-00 00:00:00','2013-11-17 16:37:20'),(14,15,'Fernanda','Perosi','cerrado','mfperosi@hotmail.com','5caa90e3b41f5df282b462612da9db81','0000-00-00 00:00:00','2013-11-17 17:04:55'),(15,16,'Fernanda','Perosi','abierto','mfperosi@hotmail.com','13c226aa70dd6c960008462c734cdf2c','0000-00-00 00:00:00','2013-11-22 01:38:44'),(16,17,'Fernanda','Perosi','abierto','mfperosi@hotmail.com','9bc9ee16af5e89488b591d5e08056097','0000-00-00 00:00:00','2013-12-19 12:50:22'),(17,17,'Verónica','Perosi','abierto','vperosi@gmail.com','95b4c73670296ba6f133f94d81e483af','0000-00-00 00:00:00','2013-12-19 12:52:20'),(18,20,'Verónica','Perosi','cerrado','vperosi@gmail.com','71b29add0aa02915ffd3811d5d9e58f5','0000-00-00 00:00:00','2014-01-03 15:33:25'),(19,27,'veronica','perosi','abierto','vperosi@gmail.com','d68d4bab3b272d585ed6d691ad5c3aa7','0000-00-00 00:00:00','2014-01-08 21:49:54'),(20,5,'Carina','Lion','abierto','carinalion@gmail.com','ee94a6e076a8c4d46cddc8593eae6464','0000-00-00 00:00:00','2014-01-09 16:30:23'),(21,27,'Fernanda','Perosi','cerrado','mfperosi@hotmail.com','904eedc80b5d6c344417e6d2de75723c','0000-00-00 00:00:00','2014-07-05 13:29:40'),(22,30,'eze','gol','abierto','eg@gmail.com','0f7d5788f4e07ea9f58add83089e3dac','0000-00-00 00:00:00','2014-01-29 13:55:07'),(23,41,'Fernanda','Perosi','abierto','mfperosi@hotmail.com','a3e37ce7bbcd076e46004a337c6257db','0000-00-00 00:00:00','2014-03-07 12:31:55'),(24,44,'Fernanda','Perosi','cerrado','mfperosi@hotmail.com','0c81ea039b02cfce01ee6fd041458ecb','0000-00-00 00:00:00','2014-03-18 14:05:59'),(25,52,'Fernanda','Perosi','cerrado','mfperosi@hotmail.com','9f659dd1c696974fa4298781bb444ff1','0000-00-00 00:00:00','2014-03-22 01:17:34'),(26,55,'Fernanda','Perosi','cerrado','mfperosi@hotmail.com','77780befbec24316952fa7d703ad057a','0000-00-00 00:00:00','2014-04-04 15:45:03'),(27,56,'veronica','perosi','abierto','vperosi@gmail.com','b14f07a5071f7715428531f634224639','0000-00-00 00:00:00','2014-04-16 15:08:48'),(28,56,'carina','lion','cerrado','carinalion@gmail.com','1ad976bafbecec17dd6478285f21b4e0','0000-00-00 00:00:00','2014-06-09 15:52:25'),(29,57,'Fernanda','Perosi','abierto','mfperosi@hotmail.com','2b042c425d0b0094207e4899a22179ad','0000-00-00 00:00:00','2014-04-16 15:50:20'),(30,56,'angeles','soletic','abierto','asoletic@webar.com','7a894c57cf9093a7fa616112fa1ca37c','0000-00-00 00:00:00','2014-09-02 16:02:07'),(31,27,'angeles','soletic','abierto','asoletic@webar.com','94c40bc0d2b5d822412076bdf0e0da79','0000-00-00 00:00:00','2014-09-02 16:19:29');
/*!40000 ALTER TABLE `dialogo_alumnos` ENABLE KEYS */;
UNLOCK TABLES;

--
-- Table structure for table `dialogo_respuestas`
--

DROP TABLE IF EXISTS `dialogo_respuestas`;
/*!40101 SET @saved_cs_client     = @@character_set_client */;
/*!40101 SET character_set_client = utf8 */;
CREATE TABLE `dialogo_respuestas` (
  `id` int(10) unsigned NOT NULL AUTO_INCREMENT,
  `dialogo_alumno_id` int(10) unsigned NOT NULL,
  `dialogo_id` int(10) unsigned NOT NULL,
  `campo_1` text NOT NULL,
  `calificacion` enum('verde','rojo','amarillo') DEFAULT NULL,
  `calificacion_cuando` datetime DEFAULT NULL,
  `calificacion_text` text,
  `created_at` timestamp NOT NULL DEFAULT '0000-00-00 00:00:00',
  `updated_at` timestamp NOT NULL DEFAULT CURRENT_TIMESTAMP ON UPDATE CURRENT_TIMESTAMP,
  PRIMARY KEY (`id`),
  KEY `dialogo_id` (`dialogo_id`)
) ENGINE=InnoDB AUTO_INCREMENT=31 DEFAULT CHARSET=latin1;
/*!40101 SET character_set_client = @saved_cs_client */;

--
-- Dumping data for table `dialogo_respuestas`
--

LOCK TABLES `dialogo_respuestas` WRITE;
/*!40000 ALTER TABLE `dialogo_respuestas` DISABLE KEYS */;
INSERT INTO `dialogo_respuestas` VALUES (1,1,1,'Planteo','verde','2013-10-30 20:15:28','Perfecto!','2013-10-30 23:15:01','2013-10-30 23:15:28'),(2,3,2,'Texto planteo','rojo','2013-10-30 20:38:39','','2013-10-30 23:36:47','2013-10-30 23:38:39'),(3,4,3,'Planteo Fer','rojo','2013-11-03 18:37:23','','2013-11-03 20:36:03','2013-11-03 21:37:23'),(4,5,3,'ideo respuesta 1','verde','2013-11-11 06:09:24','excelente!','2013-11-03 21:42:48','2013-11-11 09:09:24'),(5,4,3,'segundo intento','rojo','2013-11-03 20:47:56','segunda calificación','2013-11-03 23:25:21','2013-11-03 23:47:56'),(6,6,3,'planteo','verde','2013-11-11 06:13:10','','2013-11-11 09:12:47','2013-11-11 09:13:10'),(7,7,3,'','verde','2013-11-11 06:16:31','','2013-11-11 09:16:12','2013-11-11 09:16:31'),(8,8,4,'xxffff','amarillo','2013-11-11 09:21:55','','2013-11-11 12:20:41','2013-11-11 12:21:55'),(9,9,5,'PRUEBITA','rojo','2013-11-11 18:46:51','bla ','2013-11-11 13:51:20','2013-11-11 21:46:51'),(10,9,5,'prueba 2 ','amarillo','2013-11-11 18:49:33','muy bien ','2013-11-11 21:49:13','2013-11-11 21:49:33'),(11,11,5,'fffff','','2013-11-17 22:55:53','','2013-11-11 21:54:29','2013-11-18 01:55:53'),(12,11,5,'ggfgh','amarillo','2013-11-11 18:56:07','revisar','2013-11-11 21:55:26','2013-11-11 21:56:07'),(13,14,15,'palnteo esta respuesta',NULL,NULL,NULL,'2013-11-17 16:57:37','2013-11-17 16:57:37'),(14,16,17,'Respuesta del alumno','verde','2013-12-19 09:56:29','Calificación docente','2013-12-19 12:54:44','2013-12-19 12:56:29'),(15,18,20,'¿Por qué le interesa este trabajo?','rojo','2014-01-03 12:26:39','revisar','2014-01-03 15:25:07','2014-01-03 15:26:39'),(16,18,20,'¿Cuál su primera experiencia laboral?','verde','2014-01-03 12:32:26','muy bien','2014-01-03 15:32:07','2014-01-03 15:32:26'),(17,18,20,'¿Cuál es su remuneración pretendida?','verde','2014-01-03 12:33:25','','2014-01-03 15:33:13','2014-01-03 15:33:25'),(18,19,27,'Relatame por qué comenzaste a trabajar como maestra.','rojo','2014-01-08 18:56:07','Es necesario no ir directamente a la pregunta sino inducirla','2014-01-08 21:54:00','2014-01-08 21:56:07'),(19,19,27,'Me gustaría que me comentaras desde cuando te dedicas a la docencia y por qué te dedicás a ella','amarillo','2014-01-08 18:58:14','mejor.','2014-01-08 21:57:33','2014-01-08 21:58:14'),(20,20,5,'Sra, por favor puede indicarme cuáles son los problemas que cuenta su hija acerca de Facebook?',NULL,NULL,NULL,'2014-01-09 16:32:32','2014-01-09 16:32:32'),(21,21,27,'',NULL,NULL,NULL,'2014-01-10 19:11:05','2014-01-10 19:11:05'),(22,24,44,'Prueba Fer 7 marzoPrueba Fer 7 marzoPrueba Fer 7 marzoPrueba Fer 7 marzoPrueba Fer 7 marzo','amarillo','2014-03-13 13:12:33','no está tan bien','2014-03-07 14:52:22','2014-03-13 16:12:33'),(23,25,52,'ddddddddddddddddddddddddddddddddddddd',NULL,NULL,NULL,'2014-03-22 01:16:39','2014-03-22 01:16:39'),(24,26,55,'Primer texto alumno','amarillo','2014-04-04 12:42:28','Bueno tal tal','2014-04-04 15:40:45','2014-04-04 15:42:28'),(25,26,55,'Segunda respuesta alumno','rojo','2014-04-04 12:44:07','Segunda devolución prof','2014-04-04 15:43:05','2014-04-04 15:44:07'),(26,27,56,'Buenos días, has sido preseleccionada para esta entrevista. Contame un poquito en qué proyectos de innovación educativa participaste','amarillo','2014-04-16 12:14:44','Antes de comenzar a hablar sobre la innovación educativa que implica poner en juego algunos criterios respecto a qué significa innovar, sería deseable que se obtuvieran elementos más significativos de su trayectoria. ','2014-04-16 15:12:11','2014-04-16 15:14:44'),(27,27,56,'Buenos días, me gustaría que me cometaras cuáles son tus experiencias en la docencia, hace cuántos años trabajas en ella, dónde lo hecho?','amarillo','2014-04-16 12:18:17','Esa información es probable que la tengas disponible en el CV en mano. Aunque estás más orientada, pensá qué es lo que te interesa saber de la persona en relación con la docencia para comenzar a conversar','2014-04-16 15:16:57','2014-04-16 15:18:17'),(28,27,56,'Buenos días, has sido preseleccionada para esta entrevista conmigo por tus antecendentes. En unos minutos pondremos foco en algunos de ellos pero ahora me gustaría que me comentaras por qué te has dedicado a la docencia, qué es lo que más te gusta de ella.','verde','2014-04-16 12:20:14','Interesante propuesta para poder conocer a la persona, sus intereses y visiones respeto de la docencia. buena manera de comenzar! ','2014-04-16 15:19:28','2014-04-16 15:20:14'),(29,29,57,'Nuevo ejercicioNuevo ejercicioNuevo ejercicioNuevo ejercicioNuevo ejercicioNuevo ejercicio',NULL,NULL,NULL,'2014-04-16 15:51:50','2014-04-16 15:51:50'),(30,30,56,'',NULL,NULL,NULL,'2014-09-02 16:04:53','2014-09-02 16:04:53');
/*!40000 ALTER TABLE `dialogo_respuestas` ENABLE KEYS */;
UNLOCK TABLES;

--
-- Table structure for table `dialogos`
--

DROP TABLE IF EXISTS `dialogos`;
/*!40101 SET @saved_cs_client     = @@character_set_client */;
/*!40101 SET character_set_client = utf8 */;
CREATE TABLE `dialogos` (
  `id` int(10) unsigned NOT NULL AUTO_INCREMENT,
  `nombre` varchar(500) NOT NULL,
  `consigna` varchar(500) NOT NULL,
  `desarrollo` text NOT NULL,
  `id_user` int(10) unsigned NOT NULL,
  `pregunta_1` varchar(255) NOT NULL,
  `pregunta_2` varchar(255) NOT NULL,
  `pregunta_3` varchar(255) NOT NULL,
  `created_at` timestamp NOT NULL DEFAULT '0000-00-00 00:00:00',
  `updated_at` timestamp NOT NULL DEFAULT CURRENT_TIMESTAMP ON UPDATE CURRENT_TIMESTAMP,
  `deleted` tinyint(4) DEFAULT '0',
  `status` enum('habilitado','deshabilitado') DEFAULT 'deshabilitado',
  `public_id` varchar(255) NOT NULL,
  `public_id_enabled` tinyint(1) NOT NULL DEFAULT '0',
  PRIMARY KEY (`id`),
  UNIQUE KEY `public_id` (`public_id`)
) ENGINE=InnoDB AUTO_INCREMENT=64 DEFAULT CHARSET=latin1;
/*!40101 SET character_set_client = @saved_cs_client */;

--
-- Dumping data for table `dialogos`
--

LOCK TABLES `dialogos` WRITE;
/*!40000 ALTER TABLE `dialogos` DISABLE KEYS */;
INSERT INTO `dialogos` VALUES (1,'Prueba #1','Prueba #1','<p>Prueba #1</p>\n',1,'Prueba #1 - Pregunta 1 ','Prueba #1 - Pregunta 2','Prueba #1 - Pregunta 3','2013-10-31 02:08:41','2013-11-20 17:13:57',1,'deshabilitado','1',0),(2,'Primero Fernanda','Cosigna primero Fernanda','<h2 style=\"font-style:italic;\">Desarrollo</h2>\n',9,'Preg 1','Preg 2','Preg 3','2013-10-30 23:34:21','2013-11-20 17:13:57',1,'deshabilitado','2',0),(3,'Segundo Fernanda','Título del ejercicio','<p>Hola</p>\n',9,'preg 1 preg 1preg 1preg 1preg 1preg 1preg 1preg 1preg 1preg 1preg 1preg 1','preg 2 preg 1preg 1preg 1preg 1preg 1preg 1preg 1preg 1preg 1preg 1preg 1','preg 3 preg 1preg 1preg 1preg 1preg 1preg 1preg 1preg 1preg 1preg 1preg 1','2013-11-03 19:48:04','2013-11-20 17:13:57',1,'deshabilitado','3',0),(4,'Probando F','Consigna x','<h2 style=\"font-style:italic;\">Desarollo</h2>\n',9,'preg 1 bla bla bla','preg 2 bla bla bla','preg 3 bla bla bla','2013-11-11 12:17:18','2013-11-20 17:13:57',1,'deshabilitado','4',0),(5,'Prueba','Planteo original','<p>Una madre llega a su instituci&oacute;n educativa y le pide una entrevista porque dice que su hija est&aacute; siendo acosada en Facebook por sus compa&ntilde;eras del aula.&nbsp;</p>\n\n<p>&nbsp;</p>\n',15,'pruebaprueba','pruebaprueba','pruebaprueba','2013-11-11 13:34:51','2014-04-04 21:03:12',1,'habilitado','5',1),(6,'Copia de Prueba','Planteo original','<p>Una madre llega a su instituci&oacute;n educativa y le pide una entrevista porque dice que su hija est&aacute; siendo acosada en Facebook por sus compa&ntilde;eras del aula.&nbsp;</p>\n\n<p>&nbsp;</p>\n',15,'pruebaprueba','pruebaprueba','pruebaprueba','2013-11-11 13:38:58','2013-11-20 17:13:57',1,'deshabilitado','6',0),(7,'Copia de Prueba','Planteo original','<p>Una madre llega a su instituci&oacute;n educativa y le pide una entrevista porque dice que su hija est&aacute; siendo acosada en Facebook por sus compa&ntilde;eras del aula.&nbsp;</p>\n\n<p>&nbsp;</p>\n',15,'pruebaprueba','pruebaprueba','pruebaprueba','2013-11-11 20:22:19','2013-11-20 17:13:57',1,'deshabilitado','7',0),(8,'Copia de Copia de Prueba','Planteo original','<p>Una madre llega a su instituci&oacute;n educativa y le pide una entrevista porque dice que su hija est&aacute; siendo acosada en Facebook por sus compa&ntilde;eras del aula.&nbsp;</p>\n\n<p>&nbsp;</p>\n',15,'pruebaprueba','pruebaprueba','pruebaprueba','2013-11-11 20:22:27','2013-11-20 17:13:57',1,'deshabilitado','8',0),(9,'Copia de Copia de Prueba','Planteo original','<p>Una madre llega a su instituci&oacute;n educativa y le pide una entrevista porque dice que su hija est&aacute; siendo acosada en Facebook por sus compa&ntilde;eras del aula.&nbsp;</p>\n\n<p>&nbsp;</p>\n',15,'pruebaprueba','pruebaprueba','pruebaprueba','2013-11-11 20:22:46','2013-11-20 17:13:57',1,'deshabilitado','9',0),(10,'Copia de Prueba','Planteo original','<p>Una madre llega a su instituci&oacute;n educativa y le pide una entrevista porque dice que su hija est&aacute; siendo acosada en Facebook por sus compa&ntilde;eras del aula.&nbsp;</p>\n\n<p>&nbsp;</p>\n',15,'pruebaprueba','pruebaprueba','pruebaprueba','2013-11-11 21:39:50','2013-11-20 17:13:57',1,'deshabilitado','10',0),(11,'Copia de Prueba','Planteo original','<p>Una madre llega a su instituci&oacute;n educativa y le pide una entrevista porque dice que su hija est&aacute; siendo acosada en Facebook por sus compa&ntilde;eras del aula.&nbsp;</p>\n\n<p>&nbsp;</p>\n',15,'pruebaprueba','pruebaprueba','pruebaprueba','2013-11-11 21:39:52','2013-11-20 17:13:57',1,'deshabilitado','11',0),(12,'Copia de Prueba','Planteo original','<p>Una madre llega a su instituci&oacute;n educativa y le pide una entrevista porque dice que su hija est&aacute; siendo acosada en Facebook por sus compa&ntilde;eras del aula.&nbsp;</p>\n\n<p>&nbsp;</p>\n',15,'pruebaprueba','pruebaprueba','pruebaprueba','2013-11-11 21:42:11','2013-11-20 17:13:57',1,'deshabilitado','12',0),(13,'Copia de Prueba','Planteo original','<p>Una madre llega a su instituci&oacute;n educativa y le pide una entrevista porque dice que su hija est&aacute; siendo acosada en Facebook por sus compa&ntilde;eras del aula.&nbsp;</p>\n\n<p>&nbsp;</p>\n',15,'pruebaprueba','pruebaprueba','pruebaprueba','2013-11-11 21:43:37','2013-11-20 17:13:57',1,'deshabilitado','13',0),(14,'Nuevo Fer','Consigna','<p>Desarrollo</p>\n',9,'una idea','','','2013-11-17 16:30:56','2013-11-20 17:13:57',1,'deshabilitado','14',0),(15,'Prueba Prismas','Consigna Prismas','<p>Desarrollo</p>\n',9,'Una idea ','Dos ideas','','2013-11-17 16:55:03','2013-11-20 17:13:57',1,'deshabilitado','15',0),(16,'Nuevo ejercicio','Nueva consigna','<p>Nuevo Desarrollo</p>\n',9,'Idea 1','','','2013-11-22 01:38:31','2013-11-22 01:43:23',1,'deshabilitado','528eb59702d46',0),(17,'Copia de Prueba','Planteo original','<p>Una madre llega a su instituci&oacute;n educativa y le pide una entrevista porque dice que su hija est&aacute; siendo acosada en Facebook por sus compa&ntilde;eras del aula.&nbsp;</p>\n\n<p>&nbsp;</p>\n',15,'pruebaprueba','pruebaprueba','pruebaprueba','2013-11-28 23:22:11','2013-12-19 13:05:25',1,'habilitado','',1),(20,'Prueba Verónica','Primera entrevista','<p>Usted es directora de una <iframe frameborder=\"0\" name=\"escuela\" scrolling=\"no\" src=\"http://www.buber.edu.ar/institucional/\"></iframe> y debe entrevistar a tal...</p>\n\n<p><img alt=\"\" src=\"http://www.buber.edu.ar/institucional/\" /></p>\n',15,'experiencia docente','experiencia laboral','experiencia en investigacion','2014-01-03 15:21:40','2014-01-06 21:54:04',0,'habilitado','52c6d5846ec3c',1),(27,'Prueba 8 de enero','Entrevista con directora de escuela','<p>Usted es <a href=\"http://www.buber.esc.edu.ar\" target=\"_blank\">directora de una escuela</a> y tendr&aacute; entrevistas de selecci&oacute;n de maestros para el ciclo lectivo 2014.&nbsp;</p>\n\n<p style=\"text-align: center;\"><img alt=\"\" src=\"http://assets.citep.fastbox.co//uploads/from_editor/mapa.jpg\" style=\"float:right; height:218px; width:300px\" /></p>\n\n<p style=\"text-align: center;\">&nbsp;</p>\n\n<p style=\"text-align: center;\">&nbsp;</p>\n\n<p style=\"text-align: center;\">&nbsp;</p>\n\n<p style=\"text-align: center;\">&nbsp;</p>\n\n<p style=\"text-align: center;\">&nbsp;</p>\n\n<p style=\"text-align: center;\">&nbsp;</p>\n\n<p style=\"text-align: center;\">&nbsp;</p>\n\n<p style=\"text-align: center;\"><iframe allowfullscreen=\"\" frameborder=\"0\" height=\"315\" src=\"//www.youtube.com/embed/kNeuuAnOTSY\" width=\"560\"></iframe></p>\n',15,'antiguedad','expriencia docente','','2014-01-08 21:49:34','2014-02-21 17:21:01',0,'habilitado','52cdc7eec5ca9',1),(28,'Prueba 8 de enero','Entrevista con directora de escuela','<p>Usted es <a href=\"http://www.buber.esc.edu.ar\" target=\"_blank\">directora de una escuela</a> y tendr&aacute; entrevistas de selecci&oacute;n de maestros para el ciclo lectivo 2014.&nbsp;</p>\n\n<p style=\"text-align:center\"><img alt=\"\" src=\"http://assets.citep.fastbox.co//uploads/from_editor/mapa.jpg\" style=\"float:right; height:218px; width:300px\" /></p>\n\n<p style=\"text-align:center\">&nbsp;</p>\n\n<p style=\"text-align:center\">&nbsp;</p>\n\n<p style=\"text-align:center\">&nbsp;</p>\n\n<p style=\"text-align:center\">&nbsp;</p>\n\n<p style=\"text-align:center\">&nbsp;</p>\n\n<p style=\"text-align:center\">&nbsp;</p>\n\n<p style=\"text-align:center\">&nbsp;</p>\n\n<p style=\"text-align:center\"><iframe allowfullscreen=\"\" frameborder=\"0\" height=\"315\" src=\"//www.youtube.com/embed/kNeuuAnOTSY\" width=\"560\"></iframe></p>\n',15,'antiguedad','expriencia docente','','2014-01-08 21:54:31','2014-01-08 21:55:08',1,'deshabilitado','52cdc9171da40',0),(30,'bladasdasd','asdasddsadas dasdasdas','<p>jkhkjhk asdsadasd</p>\n',1,'asdasddsdsdsd','dsdsdsdsd','dsdsdsdsdsdsdsdsd','2014-01-29 13:54:53','2014-04-04 21:03:30',1,'habilitado','52e9082d76733',0),(38,'Copia de bladasdasd','asdasddsadas dasdasdas','<p>jkhkjhk asdsadasd</p>\n',1,'asdasddsdsdsd','dsdsdsdsd','dsdsdsdsdsdsdsdsd','2014-03-07 12:23:34','2014-03-07 14:44:22',1,'deshabilitado','2014-03-07 09:23:34',0),(39,'Copia de bladasdasd','asdasddsadas dasdasdas','<p>jkhkjhk asdsadasd</p>\n',1,'asdasddsdsdsd','dsdsdsdsd','dsdsdsdsdsdsdsdsd','2014-03-07 12:23:41','2014-03-07 14:44:32',1,'deshabilitado','2014-03-07 09:23:41',0),(40,'Copia de Copia de bladasdasd','asdasddsadas dasdasdas','<p>jkhkjhk asdsadasd</p>\n',1,'asdasddsdsdsd','dsdsdsdsd','dsdsdsdsdsdsdsdsd','2014-03-07 12:31:04','2014-03-07 14:44:28',1,'deshabilitado','2014-03-07 09:31:04',0),(41,'ffffffffffffffffffffffffffff','ffffffffffffffffffffffffffffffffffff','<p>ffffffffffffffffffffffffffffffffffffffffffffff</p>\n',9,'fffffffffffffffffffffffffffffff','','','2014-03-07 12:31:32','2014-03-07 12:33:17',1,'habilitado','5319bc243c1c9',0),(42,'Copia de ffffffffffffffffffffffffffff','ffffffffffffffffffffffffffffffffffff','<p>ffffffffffffffffffffffffffffffffffffffffffffff</p>\n',9,'fffffffffffffffffffffffffffffff','','','2014-03-07 12:32:45','2014-03-07 12:33:12',1,'habilitado','2014-03-07 09:32:45',0),(43,'Copia de bladasdasd','asdasddsadas dasdasdas','<p>jkhkjhk asdsadasd</p>\n',1,'asdasddsdsdsd','dsdsdsdsd','dsdsdsdsdsdsdsdsd','2014-03-07 14:44:45','2014-03-07 15:21:15',1,'deshabilitado','2014-03-07 11:44:45',0),(44,'Prueba Fer 7 marzo','Prueba Fer 7 marzo','<p>Prueba Fer 7 marzo</p>\n',9,'Prueba Fer 7 marzo','','','2014-03-07 14:45:31','2014-04-04 21:03:19',1,'habilitado','5319db8be5da2',0),(45,'Copia de Prueba Fer 7 marzo','Prueba Fer 7 marzo','<p>Prueba Fer 7 marzo</p>\n',9,'Prueba Fer 7 marzo','','','2014-03-07 14:46:25','2014-03-07 14:46:49',1,'deshabilitado','2014-03-07 11:46:25',0),(46,'Prueba Fer 7 marzo','Prueba Fer 7 marzo','<p>Prueba Fer 7 marzo</p>\n',9,'Prueba Fer 7 marzo','','','2014-03-07 14:51:35','2014-03-07 14:51:50',1,'deshabilitado','5319dcf7b270e',0),(47,'fffffffffffffffffffffffffffff','ffffffffffffffffffffffffffffff','<p>fffffffffffffffffffffffffff</p>\n',9,'fffffffffffffffffffffffff','','','2014-03-07 16:26:50','2014-03-07 16:26:59',1,'deshabilitado','5319f34a47019',0),(48,'Copia de Prueba Fer 7 marzo','Prueba Fer 7 marzo','<p>Prueba Fer 7 marzo</p>\n',9,'Prueba Fer 7 marzo','','','2014-03-13 16:16:02','2014-03-13 16:16:13',1,'deshabilitado','2014-03-13 13:16:02',0),(49,'dddddddddddddddddddddddddddd','ddddddddddddddddddddddddddddddddddd','<p>dddddddddddddddddddddddddddddddddddddddddd</p>\n',9,'dddddddddddddddddddddddddddddddddddd','','','2014-03-20 23:18:42','2014-03-20 23:18:54',1,'deshabilitado','532b77528dccb',0),(50,'dddddddddddddddddddddddddddddddddddd','ddddddddddddddddddddddddddddddddddd','<p>dddddddddddddddddddd</p>\n',9,'dddddddddddddddddddddddddddddddddddd','','','2014-03-20 23:23:18','2014-03-20 23:23:32',1,'deshabilitado','532b786668094',0),(51,'nuevo nuevo','nuevo nuevo','<p>nuevo nuevo</p>\n',9,'nuevo nuevo','','','2014-03-22 01:07:31','2014-03-22 01:08:43',1,'habilitado','532ce25346dff',0),(52,'NUevo fe','NUevo fe','<p>NUevo fe</p>\n',9,'NUevo fe','','','2014-03-22 01:14:36','2014-03-22 01:17:45',1,'habilitado','532ce3fcef093',0),(53,'Copia de Prueba Fer 7 marzo','Prueba Fer 7 marzo','<p>Prueba Fer 7 marzo</p>\n',9,'Prueba Fer 7 marzo','','','2014-03-28 17:40:40','2014-04-04 21:03:37',1,'habilitado','2014-03-28 14:40:40',0),(54,'Copia de Prueba','Planteo original','<p>Una madre llega a su instituci&oacute;n educativa y le pide una entrevista porque dice que su hija est&aacute; siendo acosada en Facebook por sus compa&ntilde;eras del aula.&nbsp;</p>\n\n<p>&nbsp;</p>\n',15,'pruebaprueba','pruebaprueba','pruebaprueba','2014-03-28 17:41:27','2014-04-16 15:43:03',1,'habilitado','2014-03-28 14:41:27',0),(55,'Título del ejercicio Prismas','Planteo de la propuesta','<p>Desarrollo para &nbsp;el laumno</p>\n',1,'Idea para desarrollar ','','','2014-04-04 15:37:13','2014-04-04 21:03:00',1,'habilitado','533ed1a9203a3',1),(56,'La entrevista de trabajo','Primera entrevista','<p>Usted es directora de una escuela de gesti&oacute;n privada en la Ciudad Aut&oacute;noma de Buenos AIres.</p>\n\n<p>&nbsp;</p>\n\n<p style=\"text-align: center;\"><iframe align=\"middle\" frameborder=\"0\" height=\"250\" name=\"Escuela MB\" scrolling=\"no\" src=\"http://www.buber.edu.ar/institucional/\" width=\"250\"></iframe></p>\n\n<p>&nbsp;</p>\n\n<p>Tiene dos d&iacute;as para resolver la selecci&oacute;n de una auxiliar docente para el primer ciclo de la escuela primaria. Posee 22 candidatos y muy poco tiempo.&nbsp;En pocos minutos llegar&aacute; la primera docente. &iquest;Por d&oacute;nde comenzar? &iquest;C&oacute;mo obtener la mayor informaci&oacute;n posible en 15 minutos de entrevista que le de criterios para hacer una buena comparaci&oacute;n entre postulantes y su&nbsp;selecci&oacute;n?&nbsp;</p>\n\n<p>&nbsp;</p>\n',15,'formación docente','experiencia docente','antigüedad docente ','2014-04-16 15:02:28','2014-04-16 15:49:20',0,'habilitado','2014-04-16 12:02:28',1),(57,'Nuevo ejercicio','Nuevo ejercicio','<p>Nuevo ejercicio</p>\n',9,'Nuevo ejercicio','','','2014-04-16 15:50:02','2014-04-16 15:53:21',1,'habilitado','534ea6aa065a4',1),(58,'Copia de La entrevista de trabajo','Primera entrevista','<p>Usted es directora de una escuela de gesti&oacute;n privada en la Ciudad Aut&oacute;noma de Buenos AIres.</p>\n\n<p>&nbsp;</p>\n\n<p style=\"text-align:center\"><iframe align=\"middle\" frameborder=\"0\" height=\"250\" name=\"Escuela MB\" scrolling=\"no\" src=\"http://www.buber.edu.ar/institucional/\" width=\"250\"></iframe></p>\n\n<p>&nbsp;</p>\n\n<p>Tiene dos d&iacute;as para resolver la selecci&oacute;n de una auxiliar docente para el primer ciclo de la escuela primaria. Posee 22 candidatos y muy poco tiempo.&nbsp;En pocos minutos llegar&aacute; la primera docente. &iquest;Por d&oacute;nde comenzar? &iquest;C&oacute;mo obtener la mayor informaci&oacute;n posible en 15 minutos de entrevista que le de criterios para hacer una buena comparaci&oacute;n entre postulantes y su&nbsp;selecci&oacute;n?&nbsp;</p>\n\n<p>&nbsp;</p>\n',15,'formación docente','experiencia docente','antigüedad docente ','2014-05-16 00:20:22','2014-05-16 00:20:58',1,'habilitado','2014-05-15 21:20:22',0),(59,'Copia de Prueba 8 de enero','Entrevista con directora de escuela','<p>Usted es <a href=\"http://www.buber.esc.edu.ar\" target=\"_blank\">directora de una escuela</a> y tendr&aacute; entrevistas de selecci&oacute;n de maestros para el ciclo lectivo 2014.&nbsp;</p>\n\n<p style=\"text-align: center;\"><img alt=\"\" src=\"http://assets.citep.fastbox.co//uploads/from_editor/mapa.jpg\" style=\"float:right; height:218px; width:300px\" /></p>\n\n<p style=\"text-align: center;\">&nbsp;</p>\n\n<p style=\"text-align: center;\">&nbsp;</p>\n\n<p style=\"text-align: center;\">&nbsp;</p>\n\n<p style=\"text-align: center;\">&nbsp;</p>\n\n<p style=\"text-align: center;\">&nbsp;</p>\n\n<p style=\"text-align: center;\">&nbsp;</p>\n\n<p style=\"text-align: center;\">&nbsp;</p>\n\n<p style=\"text-align: center;\"><iframe allowfullscreen=\"\" frameborder=\"0\" height=\"315\" src=\"//www.youtube.com/embed/kNeuuAnOTSY\" width=\"560\"></iframe></p>\n',15,'antiguedad','expriencia docente','','2014-06-05 15:48:39','2014-06-09 15:46:04',1,'habilitado','2014-06-05 12:48:39',0),(60,'Copia de Prueba 8 de enero','Entrevista con directora de escuela','<p>Usted es <a href=\"http://www.buber.esc.edu.ar\" target=\"_blank\">directora de una escuela</a> y tendr&aacute; entrevistas de selecci&oacute;n de maestros para el ciclo lectivo 2014.&nbsp;</p>\n\n<p style=\"text-align:center\"><img alt=\"\" src=\"http://assets.citep.fastbox.co//uploads/from_editor/mapa.jpg\" style=\"float:right; height:218px; width:300px\" /></p>\n\n<p style=\"text-align:center\">&nbsp;</p>\n\n<p style=\"text-align:center\">&nbsp;</p>\n\n<p style=\"text-align:center\">&nbsp;</p>\n\n<p style=\"text-align:center\">&nbsp;</p>\n\n<p style=\"text-align:center\">&nbsp;</p>\n\n<p style=\"text-align:center\">&nbsp;</p>\n\n<p style=\"text-align:center\">&nbsp;</p>\n\n<p style=\"text-align:center\"><iframe allowfullscreen=\"\" frameborder=\"0\" height=\"315\" src=\"//www.youtube.com/embed/kNeuuAnOTSY\" width=\"560\"></iframe></p>\n',15,'antiguedad','expriencia docente','','2014-06-05 18:48:29','2014-06-09 15:46:01',1,'habilitado','2014-06-05 15:48:29',0),(61,'Copia de La entrevista de trabajo','Primera entrevista','<p>Usted es directora de una escuela de gesti&oacute;n privada en la Ciudad Aut&oacute;noma de Buenos AIres.</p>\n\n<p>&nbsp;</p>\n\n<p style=\"text-align: center;\"><iframe align=\"middle\" frameborder=\"0\" height=\"250\" name=\"Escuela MB\" scrolling=\"no\" src=\"http://www.buber.edu.ar/institucional/\" width=\"250\"></iframe></p>\n\n<p>&nbsp;</p>\n\n<p>Tiene dos d&iacute;as para resolver la selecci&oacute;n de una auxiliar docente para el primer ciclo de la escuela primaria. Posee 22 candidatos y muy poco tiempo.&nbsp;En pocos minutos llegar&aacute; la primera docente. &iquest;Por d&oacute;nde comenzar? &iquest;C&oacute;mo obtener la mayor informaci&oacute;n posible en 15 minutos de entrevista que le de criterios para hacer una buena comparaci&oacute;n entre postulantes y su&nbsp;selecci&oacute;n?&nbsp;</p>\n\n<p>&nbsp;</p>\n',15,'formación docente','experiencia docente','antigüedad docente ','2014-06-11 20:27:28','2014-09-02 20:08:11',1,'habilitado','2014-06-11 17:27:28',1),(62,'Copia de Prueba 8 de enero','Entrevista con directora de escuela','<p>Usted es <a href=\"http://www.buber.esc.edu.ar\" target=\"_blank\">directora de una escuela</a> y tendr&aacute; entrevistas de selecci&oacute;n de maestros para el ciclo lectivo 2014.&nbsp;</p>\n\n<p style=\"text-align:center\"><img alt=\"\" src=\"http://assets.citep.fastbox.co//uploads/from_editor/mapa.jpg\" style=\"float:right; height:218px; width:300px\" /></p>\n\n<p style=\"text-align:center\">&nbsp;</p>\n\n<p style=\"text-align:center\">&nbsp;</p>\n\n<p style=\"text-align:center\">&nbsp;</p>\n\n<p style=\"text-align:center\">&nbsp;</p>\n\n<p style=\"text-align:center\">&nbsp;</p>\n\n<p style=\"text-align:center\">&nbsp;</p>\n\n<p style=\"text-align:center\">&nbsp;</p>\n\n<p style=\"text-align:center\"><iframe allowfullscreen=\"\" frameborder=\"0\" height=\"315\" src=\"//www.youtube.com/embed/kNeuuAnOTSY\" width=\"560\"></iframe></p>\n',15,'antiguedad','expriencia docente','','2014-06-11 22:16:45','2014-09-02 20:08:03',1,'habilitado','2014-06-11 19:16:45',1),(63,'Copia de Prueba Verónica','Primera entrevista','<p>Usted es directora de una<iframe frameborder=\"0\" name=\"escuela\" scrolling=\"no\" src=\"http://www.buber.edu.ar/institucional/\"></iframe> y debe entrevistar a tal...</p>\n\n<p><img alt=\"\" src=\"http://www.buber.edu.ar/institucional/\" /></p>\n',15,'experiencia docente','experiencia laboral','experiencia en investigacion','2014-07-05 13:28:26','2014-09-02 20:07:59',1,'habilitado','2014-07-05 10:28:26',1);
/*!40000 ALTER TABLE `dialogos` ENABLE KEYS */;
UNLOCK TABLES;

--
-- Table structure for table `emails`
--

DROP TABLE IF EXISTS `emails`;
/*!40101 SET @saved_cs_client     = @@character_set_client */;
/*!40101 SET character_set_client = utf8 */;
CREATE TABLE `emails` (
  `id` int(10) unsigned NOT NULL AUTO_INCREMENT,
  `from` varchar(500) NOT NULL,
  `to` varchar(500) NOT NULL,
  `message` text NOT NULL,
  `created_at` timestamp NOT NULL DEFAULT CURRENT_TIMESTAMP ON UPDATE CURRENT_TIMESTAMP,
  `status` enum('created','processing','sent','failed') DEFAULT NULL,
  `subject` varchar(255) DEFAULT NULL,
  `sending_script` text,
  PRIMARY KEY (`id`)
) ENGINE=InnoDB AUTO_INCREMENT=121 DEFAULT CHARSET=latin1;
/*!40101 SET character_set_client = @saved_cs_client */;

--
-- Dumping data for table `emails`
--

LOCK TABLES `emails` WRITE;
/*!40000 ALTER TABLE `emails` DISABLE KEYS */;
INSERT INTO `emails` VALUES (1,'<no_reply@citep.mailgun.com> CITEP MIC','ezequiel.golub@gmail.com','<p>\n	Estimado eze gol: <br />\n	Por favor haz click <a href=\'http://citep.fastbox.co/dialogos/alumno/47c93acdb9d94001ad1d6d218f7ecff4\'>aqui</a> para completar el ejercicio. <br />\n	<br />\n	Por cualquier consulta, contáctate con nosotros a infomic@citep.rec.uba.ar\n</p>\n','2013-10-30 23:13:14','sent','Has sido invitado a realizar un ejercicio',NULL),(2,'<no_reply@citep.mailgun.com> CITEP MIC','ezequiel.golub+2@gmail.com','<p>\n	Estimado eze #2: <br />\n	Por favor haz click <a href=\'http://citep.fastbox.co/dialogos/alumno/c680fe1f30e3f0be162a2dadfeb3c69c\'>aqui</a> para completar el ejercicio. <br />\n	<br />\n	Por cualquier consulta, contáctate con nosotros a infomic@citep.rec.uba.ar\n</p>\n','2013-10-30 23:16:02','sent','Has sido invitado a realizar un ejercicio',NULL),(3,'<no_reply@citep.mailgun.com> CITEP MIC','mfperosi@hotmail.com','<p>\n	Estimado Fernanda Perosi: <br />\n	Por favor haz click <a href=\'http://citep.fastbox.co/dialogos/alumno/e2fab4815ed41f63165c018ec2a1b6b8\'>aqui</a> para completar el ejercicio. <br />\n	<br />\n	Por cualquier consulta, contáctate con nosotros a infomic@citep.rec.uba.ar\n</p>\n','2013-10-30 23:35:02','sent','Has sido invitado a realizar un ejercicio',NULL),(4,'<no_reply@citep.mailgun.com> CITEP MIC','mfperosi@hotmail.com','<p>\n	Estimado Fernanda Perosi: <br />\n	Por favor haz click <a href=\'http://citep.fastbox.co/dialogos/alumno/fc915b5b9fde6e89bc7831ec65be6a14\'>aqui</a> para completar el ejercicio. <br />\n	<br />\n	Por cualquier consulta, contáctate con nosotros a infomic@citep.rec.uba.ar\n</p>\n','2013-11-03 19:49:04','sent','Has sido invitado a realizar un ejercicio',NULL),(5,'<no_reply@citep.mailgun.com> CITEP MIC','ideored@gmail.com','<p>\n	Estimado Ideored Ideored: <br />\n	Por favor haz click <a href=\'http://citep.fastbox.co/dialogos/alumno/ebc16b9fbdc98d4d44bdbf1a64e24fcc\'>aqui</a> para completar el ejercicio. <br />\n	<br />\n	Por cualquier consulta, contáctate con nosotros a infomic@citep.rec.uba.ar\n</p>\n','2013-11-03 21:41:02','sent','Has sido invitado a realizar un ejercicio',NULL),(6,'<no_reply@citep.mailgun.com> CITEP MIC','ezequiel.golub+6am@gmail.com','<p>\n	Estimado eze gol: <br />\n	Por favor haz click <a href=\'http://citep.fastbox.co/dialogos/alumno/7c0e9c20d5264ce31635982cccf421fe\'>aqui</a> para completar el ejercicio. <br />\n	<br />\n	Por cualquier consulta, contáctate con nosotros a infomic@citep.rec.uba.ar\n</p>\n','2013-11-11 09:10:02','sent','Prismas entramados: Has sido invitado a realizar un ejercicio',NULL),(7,'<no_reply@citep.mailgun.com> CITEP MIC','ezequiel.golub+613@gmail.com','<p>\n	Estimado otro gol: <br />\n	Por favor haz click <a href=\'http://citep.fastbox.co/dialogos/alumno/9494bf83c2ead6b4a47d1948854cc2bc\'>aqui</a> para completar el ejercicio. <br />\n	<br />\n	Por cualquier consulta, contáctate con nosotros a infomic@citep.rec.uba.ar\n</p>\n','2013-11-11 09:14:02','sent','Prismas entramados: Has sido invitado a realizar un ejercicio',NULL),(8,'<no_reply@citep.mailgun.com> CITEP MIC','mfperosi@hotmail.com','<p>\n	Estimado Fernanda Perosi: <br />\n	Por favor haz click <a href=\'http://citep.fastbox.co/dialogos/alumno/57127110a5d14ac8ccd6c13ce243c3e5\'>aqui</a> para completar el ejercicio. <br />\n	<br />\n	Por cualquier consulta, contáctate con nosotros a infomic@citep.rec.uba.ar\n</p>\n','2013-11-11 12:18:02','sent','Prismas entramados: Has sido invitado a realizar un ejercicio',NULL),(9,'<no_reply@citep.mailgun.com> CITEP MIC','mfperosi@hotmail.com','<p>\n	Estimado Fernanda Perosi: <br />\n	Por favor haz click <a href=\'http://citep.fastbox.co/arquetipos/alumno/9db2551104fd390293e41734ef3ebd2d\'>aqui</a> para completar el ejercicio. <br />\n	<br />\n	Por cualquier consulta, contáctate con nosotros a infomic@citep.rec.uba.ar\n</p>\n','2013-11-11 13:09:01','sent','Focos en juego: Has sido invitado a realizar un ejercicio',NULL),(10,'<no_reply@citep.mailgun.com> CITEP MIC','vperosi@gmail.com','<p>\n	Estimado veronica perosi: <br />\n	Por favor haz click <a href=\'http://citep.fastbox.co/dialogos/alumno/1d6cc4e3d3593cbeb581f862c2ed764a\'>aqui</a> para completar el ejercicio. <br />\n	<br />\n	Por cualquier consulta, contáctate con nosotros a infomic@citep.rec.uba.ar\n</p>\n','2013-11-11 13:36:02','sent','Prismas entramados: Has sido invitado a realizar un ejercicio',NULL),(11,'<no_reply@citep.mailgun.com> CITEP MIC','mfperosi@hotmail.com','<p>\n	Estimado Fernanda Perosi: <br />\n	Por favor haz click <a href=\'http://citep.fastbox.co/dialogos/alumno/6ee0b5127ae059db20091c9086124b39\'>aqui</a> para completar el ejercicio. <br />\n	<br />\n	Por cualquier consulta, contáctate con nosotros a infomic@citep.rec.uba.ar\n</p>\n','2013-11-11 15:39:02','sent','Prismas entramados: Has sido invitado a realizar un ejercicio',NULL),(12,'<no_reply@citep.mailgun.com> CITEP MIC','mfperosi@hotmail.com','<p>\n	Estimado fernanda perosi: <br />\n	Por favor haz click <a href=\'http://citep.fastbox.co/dialogos/alumno/cf19bf12f27f4fd2f3509cb9e33388c8\'>aqui</a> para completar el ejercicio. <br />\n	<br />\n	Por cualquier consulta, contáctate con nosotros a infomic@citep.rec.uba.ar\n</p>\n','2013-11-11 21:54:01','sent','Prismas entramados: Has sido invitado a realizar un ejercicio',NULL),(13,'<no_reply@citep.mailgun.com> CITEP MIC','mfperosi@hotmail.com','<p>\n	Estimado Fernanda Perosi: <br />\n	Por favor haz click <a href=\'http://citep.fastbox.co/dialogos/alumno/cf19bf12f27f4fd2f3509cb9e33388c8\'>aqui</a> para completar el ejercicio. <br />\n	<br />\n	Por cualquier consulta, contáctate con nosotros a infomic@citep.rec.uba.ar\n</p>\n','2013-11-13 00:40:02','sent','Prismas entramados: Has sido invitado a realizar un ejercicio',NULL),(14,'<no_reply@citep.mailgun.com> CITEP MIC','mfperosi@hotmail.com','<p>\n	Estimado Fernanda Perosi: <br />\n	Por favor haz click <a href=\'http://citep.fastbox.co/arquetipos/alumno/9db2551104fd390293e41734ef3ebd2d\'>aqui</a> para completar el ejercicio. <br />\n	<br />\n	Por cualquier consulta, contáctate con nosotros a infomic@citep.rec.uba.ar\n</p>\n','2013-11-13 12:43:01','sent','Focos en juego: Has sido invitado a realizar un ejercicio',NULL),(15,'<no_reply@citep.mailgun.com> CITEP MIC','ezequiel.golub@gmail.com','<p>\n	Estimado eze gol: <br />\n	Por favor haz click <a href=\'http://citep.fastbox.co/dialogos/alumno/320d277da8ff0cca8c45cb6981d517ca\'>aqui</a> para completar el ejercicio. <br />\n	<br />\n	Por cualquier consulta, contáctate con nosotros a infomic@citep.rec.uba.ar\n</p>\n','2013-11-17 00:43:02','sent','Prismas entramados: Has sido invitado a realizar un ejercicio',NULL),(16,'<no_reply@citep.mailgun.com> CITEP MIC','mfperosi@hotmail.com','<p>\n	Estimado Fernanda Perosi: <br />\n	Por favor haz click <a href=\'http://citep.fastbox.co/dialogos/alumno/22d4a900677039dae5e1d3f528a448c5\'>aqui</a> para completar el ejercicio. <br />\n	<br />\n	Por cualquier consulta, contáctate con nosotros a infomic@citep.rec.uba.ar\n</p>\n','2013-11-17 16:38:02','sent','Prismas entramados: Has sido invitado a realizar un ejercicio',NULL),(17,'<no_reply@citep.mailgun.com> CITEP MIC','mfperosi@hotmail.com','<p>\n	Estimado Fernanda Perosi: <br />\n	Por favor haz click <a href=\'http://citep.fastbox.co/dialogos/alumno/5caa90e3b41f5df282b462612da9db81\'>aqui</a> para completar el ejercicio. <br />\n	<br />\n	Por cualquier consulta, contáctate con nosotros a infomic@citep.rec.uba.ar\n</p>\n','2013-11-17 16:56:02','sent','Prismas entramados: Has sido invitado a realizar un ejercicio',NULL),(18,'<no_reply@citep.mailgun.com> CITEP MIC','mfperosi@hotmail.com','<p>\n	Estimado Fernanda Perosi: <br />\n	Por favor haz click <a href=\'http://citep.fastbox.co/arquetipos/alumno/ea747333d62886eedb54f7dbb368db95\'>aqui</a> para completar el ejercicio. <br />\n	<br />\n	Por cualquier consulta, contáctate con nosotros a infomic@citep.rec.uba.ar\n</p>\n','2013-11-17 17:17:02','sent','Focos en juego: Has sido invitado a realizar un ejercicio',NULL),(19,'<no_reply@citep.mailgun.com> CITEP MIC','mfperosi@hotmail.com','<p>\n	Estimado Fernanda Perosi: <br />\n	Por favor haz click <a href=\'http://citep.fastbox.co/arquetipos/alumno/9db2551104fd390293e41734ef3ebd2d\'>aqui</a> para completar el ejercicio. <br />\n	<br />\n	Por cualquier consulta, contáctate con nosotros a infomic@citep.rec.uba.ar\n</p>\n','2013-11-17 19:03:01','sent','Focos en juego: Has sido invitado a realizar un ejercicio',NULL),(20,'<no_reply@citep.mailgun.com> CITEP MIC','mfperosi@hotmail.com','<p>\n	Estimado Fernanda Perosi: <br />\n	Por favor haz click <a href=\'http://citep.fastbox.co/arquetipos/alumno/9db2551104fd390293e41734ef3ebd2d\'>aqui</a> para completar el ejercicio. <br />\n	<br />\n	Por cualquier consulta, contáctate con nosotros a infomic@citep.rec.uba.ar\n</p>\n','2013-11-20 19:38:02','sent','Focos en juego: Has sido invitado a realizar un ejercicio',NULL),(21,'<no_reply@citep.mailgun.com> CITEP MIC','mfperosi@hotmail.com','<p>\n	Estimado Fernanda Perosi: <br />\n	Por favor haz click <a href=\'http://citep.fastbox.co/arquetipos/alumno/9db2551104fd390293e41734ef3ebd2d\'>aqui</a> para completar el ejercicio. <br />\n	<br />\n	Por cualquier consulta, contáctate con nosotros a infomic@citep.rec.uba.ar\n</p>\n','2013-11-21 23:10:01','sent','Focos en juego: Has sido invitado a realizar un ejercicio',NULL),(22,'<no_reply@citep.mailgun.com> CITEP MIC','mfperosi@hotmail.com','<p>\n	Estimado Fernanda Perosi: <br />\n	Por favor haz click <a href=\'http://citep.fastbox.co/arquetipos/alumno/d2399c72c0949141b6768d58273ab097\'>aqui</a> para completar el ejercicio. <br />\n	<br />\n	Por cualquier consulta, contáctate con nosotros a infomic@citep.rec.uba.ar\n</p>\n','2013-11-21 23:25:01','sent','Focos en juego: Has sido invitado a realizar un ejercicio',NULL),(23,'<no_reply@citep.mailgun.com> CITEP MIC','mfperosi@hotmail.com','<p>\n	Estimado Fernanda Perosi: <br />\n	Por favor haz click <a href=\'http://citep.fastbox.co/dialogos/alumno/cf19bf12f27f4fd2f3509cb9e33388c8\'>aqui</a> para completar el ejercicio. <br />\n	<br />\n	Por cualquier consulta, contáctate con nosotros a infomic@citep.rec.uba.ar\n</p>\n','2013-11-22 01:32:02','sent','Prismas entramados: Has sido invitado a realizar un ejercicio',NULL),(24,'<no_reply@citep.mailgun.com> CITEP MIC','mfperosi@hotmail.com','<p>\n	Estimado Fernanda Perosi: <br />\n	Por favor haz click <a href=\'http://citep.fastbox.co/dialogos/alumno/13c226aa70dd6c960008462c734cdf2c\'>aqui</a> para completar el ejercicio. <br />\n	<br />\n	Por cualquier consulta, contáctate con nosotros a infomic@citep.rec.uba.ar\n</p>\n','2013-11-22 01:39:02','sent','Prismas entramados: Has sido invitado a realizar un ejercicio',NULL),(25,'<no_reply@citep.mailgun.com> CITEP MIC','mfperosi@hotmail.com','<p>\n	Estimado Fernanda Perosi: <br />\n	Por favor haz click <a href=\'http://citep.fastbox.co/arquetipos/alumno/b72d1aef0e4a4dc6f99776d2c36c4e13\'>aqui</a> para completar el ejercicio. <br />\n	<br />\n	Por cualquier consulta, contáctate con nosotros a infomic@citep.rec.uba.ar\n</p>\n','2013-12-02 13:08:02','sent','Focos en juego: Has sido invitado a realizar un ejercicio',NULL),(26,'<no_reply@citep.mailgun.com> CITEP MIC','ezequiel.golub@gmail.com','<p>\n	Estimado ezequiel golub: <br />\n	Por favor haz click <a href=\'http://citep.fastbox.co/proyectos/colaborador/26a8fdda71298f607f0a01b9fd36454a\'>aqui</a> para colaborar con el ejercicio. <br />\n	Soy un mensaje custom	<br />\n	Por cualquier consulta, contáctate con nosotros a infomic@citep.rec.uba.ar\n</p>\n','2013-12-11 21:59:01','sent','Has sido invitado a colaborar en un proyecto',NULL),(27,'<no_reply@citep.mailgun.com> CITEP MIC','mfperosi@hotmail.com','<p>\n	Estimado Fernanda Perosi: <br />\n	Por favor haz click <a href=\'http://citep.fastbox.co/arquetipos/alumno/b72d1aef0e4a4dc6f99776d2c36c4e13\'>aqui</a> para completar el ejercicio. <br />\n	<br />\n	Por cualquier consulta, contáctate con nosotros a infomic@citep.rec.uba.ar\n</p>\n','2013-12-17 16:53:01','sent','Focos en juego: Has sido invitado a realizar un ejercicio',NULL),(28,'<no_reply@citep.mailgun.com> CITEP MIC','mfperosi@hotmail.com','<p>\n	Estimado Fernanda Perosi: <br />\n	Por favor haz click <a href=\'http://citep.fastbox.co/dialogos/alumno/9bc9ee16af5e89488b591d5e08056097\'>aqui</a> para completar el ejercicio. <br />\n	<br />\n	Por cualquier consulta, contáctate con nosotros a infomic@citep.rec.uba.ar\n</p>\n','2013-12-19 12:51:01','sent','Prismas entramados: Has sido invitado a realizar un ejercicio',NULL),(29,'<no_reply@citep.mailgun.com> CITEP MIC','vperosi@gmail.com','<p>\n	Estimado Verónica Perosi: <br />\n	Por favor haz click <a href=\'http://citep.fastbox.co/dialogos/alumno/95b4c73670296ba6f133f94d81e483af\'>aqui</a> para completar el ejercicio. <br />\n	<br />\n	Por cualquier consulta, contáctate con nosotros a infomic@citep.rec.uba.ar\n</p>\n','2013-12-19 12:53:02','sent','Prismas entramados: Has sido invitado a realizar un ejercicio',NULL),(30,'<no_reply@citep.mailgun.com> CITEP MIC','carinalion@gmail.com','<p>\n	Estimado Carina Lion: <br />\n	Por favor haz click <a href=\'http://citep.fastbox.co/arquetipos/alumno/10ff7ec9219b455eb5bd1a3e2dab62e2\'>aqui</a> para completar el ejercicio. <br />\n	<br />\n	Por cualquier consulta, contáctate con nosotros a infomic@citep.rec.uba.ar\n</p>\n','2013-12-20 12:30:02','sent','Focos en juego: Has sido invitado a realizar un ejercicio',NULL),(31,'<no_reply@citep.mailgun.com> CITEP MIC','vperosi@gmail.com','<p>\n	Estimado Verónica Perosi: <br />\n	Por favor haz click <a href=\'http://citep.fastbox.co/dialogos/alumno/71b29add0aa02915ffd3811d5d9e58f5\'>aqui</a> para completar el ejercicio. <br />\n	<br />\n	Por cualquier consulta, contáctate con nosotros a infomic@citep.rec.uba.ar\n</p>\n','2014-01-03 15:23:01','sent','Prismas entramados: Has sido invitado a realizar un ejercicio',NULL),(32,'<no_reply@citep.mailgun.com> CITEP MIC','vperosi@gmail.com','<p>\n	Estimado veronica perosi: <br />\n	Por favor haz click <a href=\'http://citep.fastbox.co/arquetipos/alumno/ec1acc8d67a269227cf7791366da2d1a\'>aqui</a> para completar el ejercicio. <br />\n	<br />\n	Por cualquier consulta, contáctate con nosotros a infomic@citep.rec.uba.ar\n</p>\n','2014-01-08 20:32:02','sent','Focos en juego: Has sido invitado a realizar un ejercicio',NULL),(33,'<no_reply@citep.mailgun.com> CITEP MIC','mfperosi@hotmail.com','<p>\n	Estimado fernanda perosi: <br />\n	Por favor haz click <a href=\'http://citep.fastbox.co/arquetipos/alumno/e8556fb8f86ea1a36ab38f8386a2bae2\'>aqui</a> para completar el ejercicio. <br />\n	<br />\n	Por cualquier consulta, contáctate con nosotros a infomic@citep.rec.uba.ar\n</p>\n','2014-01-08 20:36:02','sent','Focos en juego: Has sido invitado a realizar un ejercicio',NULL),(34,'<no_reply@citep.mailgun.com> CITEP MIC','vperosi@gmail.com','<p>\n	Estimado veronica perosi: <br />\n	Por favor haz click <a href=\'http://citep.fastbox.co/arquetipos/alumno/ec1acc8d67a269227cf7791366da2d1a\'>aqui</a> para completar el ejercicio. <br />\n	<br />\n	Por cualquier consulta, contáctate con nosotros a infomic@citep.rec.uba.ar\n</p>\n','2014-01-08 20:36:02','sent','Focos en juego: Has sido invitado a realizar un ejercicio',NULL),(35,'<no_reply@citep.mailgun.com> CITEP MIC','vperosi@gmail.com','<p>\n	Estimado veronica perosi: <br />\n	Por favor haz click <a href=\'http://citep.fastbox.co/arquetipos/alumno/11a3e955eaf5c550679966ccb4fc2f7b\'>aqui</a> para completar el ejercicio. <br />\n	<br />\n	Por cualquier consulta, contáctate con nosotros a infomic@citep.rec.uba.ar\n</p>\n','2014-01-08 20:54:02','sent','Focos en juego: Has sido invitado a realizar un ejercicio',NULL),(36,'<no_reply@citep.mailgun.com> CITEP MIC','vperosi@gmail.com','<p>\n	Estimado veronica perosi: <br />\n	Por favor haz click <a href=\'http://citep.fastbox.co/arquetipos/alumno/11a3e955eaf5c550679966ccb4fc2f7b\'>aqui</a> para completar el ejercicio. <br />\n	<br />\n	Por cualquier consulta, contáctate con nosotros a infomic@citep.rec.uba.ar\n</p>\n','2014-01-08 20:55:01','sent','Focos en juego: Has sido invitado a realizar un ejercicio',NULL),(37,'<no_reply@citep.mailgun.com> CITEP MIC','vperosi@gmail.com','<p>\n	Estimado Veronica Perosi: <br />\n	El profesor Verónica Perosi te envia el siguiente mensaje:\n	<i>muy bien 10 </i>\n	<br />\n	<br />\n	Por cualquier consulta, contáctate con nosotros a infomic@citep.rec.uba.ar\n</p>\n','2014-01-08 21:15:02','sent','Focos en juego: Devolución del profesor',NULL),(38,'<no_reply@citep.mailgun.com> CITEP MIC','vperosi@gmail.com','<p>\n	Estimado veronica perosi: <br />\n	Por favor haz click <a href=\'http://citep.fastbox.co/dialogos/alumno/d68d4bab3b272d585ed6d691ad5c3aa7\'>aqui</a> para completar el ejercicio. <br />\n	<br />\n	Por cualquier consulta, contáctate con nosotros a infomic@citep.rec.uba.ar\n</p>\n','2014-01-08 21:50:01','sent','Prismas entramados: Has sido invitado a realizar un ejercicio',NULL),(39,'<no_reply@citep.mailgun.com> CITEP MIC','carinalion@gmail.com','<p>\n	Estimado Carina Lion: <br />\n	Por favor haz click <a href=\'http://citep.fastbox.co/dialogos/alumno/ee94a6e076a8c4d46cddc8593eae6464\'>aqui</a> para completar el ejercicio. <br />\n	<br />\n	Por cualquier consulta, contáctate con nosotros a infomic@citep.rec.uba.ar\n</p>\n','2014-01-09 16:31:01','sent','Prismas entramados: Has sido invitado a realizar un ejercicio',NULL),(40,'<no_reply@citep.mailgun.com> CITEP MIC','mfperosi@hotmail.com','<p>\n	Estimado fernanda perosi: <br />\n	Por favor haz click <a href=\'http://citep.fastbox.co/arquetipos/alumno/fdcd7e41fd44fc3860e6d17acaf7c9fa\'>aqui</a> para completar el ejercicio. <br />\n	<br />\n	Por cualquier consulta, contáctate con nosotros a infomic@citep.rec.uba.ar\n</p>\n','2014-01-10 01:50:01','sent','Focos en juego: Has sido invitado a realizar un ejercicio',NULL),(41,'<no_reply@citep.mailgun.com> CITEP MIC','vperosi@gmail.com','<p>\n	Estimado verónica Perosi: <br />\n	Por favor haz click <a href=\'http://citep.fastbox.co/arquetipos/alumno/92cc97619d5d2d220e3f53646b4af3cc\'>aqui</a> para completar el ejercicio. <br />\n	<br />\n	Por cualquier consulta, contáctate con nosotros a infomic@citep.rec.uba.ar\n</p>\n','2014-01-10 01:52:02','sent','Focos en juego: Has sido invitado a realizar un ejercicio',NULL),(42,'<no_reply@citep.mailgun.com> CITEP MIC','mfperosi@hotmail.com','<p>\n	Estimado Fernanda Perosi: <br />\n	Por favor haz click <a href=\'http://citep.fastbox.co/dialogos/alumno/cf19bf12f27f4fd2f3509cb9e33388c8\'>aqui</a> para completar el ejercicio. <br />\n	<br />\n	Por cualquier consulta, contáctate con nosotros a infomic@citep.rec.uba.ar\n</p>\n','2014-01-10 16:38:01','sent','Prismas entramados: Has sido invitado a realizar un ejercicio',NULL),(43,'<no_reply@citep.mailgun.com> CITEP MIC','mfperosi@hotmail.com','<p>\n	Estimado Fernanda Perosi: <br />\n	Por favor haz click <a href=\'http://citep.fastbox.co/dialogos/alumno/904eedc80b5d6c344417e6d2de75723c\'>aqui</a> para completar el ejercicio. <br />\n	<br />\n	Por cualquier consulta, contáctate con nosotros a infomic@citep.rec.uba.ar\n</p>\n','2014-01-10 16:40:02','sent','Prismas entramados: Has sido invitado a realizar un ejercicio',NULL),(44,'<no_reply@citep.mailgun.com> CITEP MIC','mfperosi@hotmail.com','<p>\n	Estimado Fernanda Perosi: <br />\n	Por favor haz click <a href=\'http://citep.fastbox.co/proyectos/colaborador/7bbf5335fd54777494fb42e67242d901\'>aqui</a> para colaborar con el ejercicio. <br />\n	Te invito a colaborar bla bla	<br />\n	Por cualquier consulta, contáctate con nosotros a infomic@citep.rec.uba.ar\n</p>\n','2014-01-12 16:22:02','sent','Has sido invitado a colaborar en un proyecto',NULL),(45,'<no_reply@citep.mailgun.com> CITEP MIC','mfperosi@hotmail.com','<p>\n	Estimado Fernanda Perosi: <br />\n	Por favor haz click <a href=\'http://citep.fastbox.co/proyectos/colaborador/0a70a79915bb189cc99d78aa74566972\'>aqui</a> para colaborar con el ejercicio. <br />\n		<br />\n	Por cualquier consulta, contáctate con nosotros a infomic@citep.rec.uba.ar\n</p>\n','2014-01-12 16:27:02','sent','Has sido invitado a colaborar en un proyecto',NULL),(46,'<no_reply@citep.mailgun.com> CITEP MIC','saandreoli@gmail.com','<p>\n	Estimado Silvia Andreoli: <br />\n	Por favor haz click <a href=\'http://citep.fastbox.co/proyectos/colaborador/0d90a3c3b3673343b5f6754d4d432fc6\'>aqui</a> para colaborar con el ejercicio. <br />\n	te invité	<br />\n	Por cualquier consulta, contáctate con nosotros a infomic@citep.rec.uba.ar\n</p>\n','2014-01-17 17:35:02','sent','Has sido invitado a colaborar en un proyecto',NULL),(47,'<no_reply@citep.mailgun.com> CITEP MIC','saandreoli@yahoo.com','<p>\n	Estimado Ansreoili Silvia: <br />\n	Por favor haz click <a href=\'http://citep.fastbox.co/proyectos/colaborador/e900c57a3edf8c85072c65b9814c0344\'>aqui</a> para colaborar con el ejercicio. <br />\n		<br />\n	Por cualquier consulta, contáctate con nosotros a infomic@citep.rec.uba.ar\n</p>\n','2014-01-17 18:37:02','sent','Has sido invitado a colaborar en un proyecto',NULL),(48,'<no_reply@citep.mailgun.com> CITEP MIC','eg@gmail.com','<p>\n	Estimado eze gol: <br />\n	Por favor haz click <a href=\'http://citep.fastbox.co/dialogos/alumno/0f7d5788f4e07ea9f58add83089e3dac\'>aqui</a> para completar el ejercicio. <br />\n	<br />\n	Por cualquier consulta, contáctate con nosotros a infomic@citep.rec.uba.ar\n</p>\n','2014-01-29 13:56:02','sent','Prismas entramados: Has sido invitado a realizar un ejercicio',NULL),(49,'<no_reply@citep.mailgun.com> CITEP MIC','mfperosi@hotmail.com','<p>\n	Estimado Fernanda Perosi: <br />\n	Por favor haz click <a href=\'http://citep.fastbox.co/arquetipos/alumno/fdcd7e41fd44fc3860e6d17acaf7c9fa\'>aqui</a> para completar el ejercicio. <br />\n	<br />\n	Por cualquier consulta, contáctate con nosotros a infomic@citep.rec.uba.ar\n</p>\n','2014-03-04 14:44:02','sent','Focos en juego: Has sido invitado a realizar un ejercicio',NULL),(50,'<no_reply@citep.mailgun.com> CITEP MIC','mfperosi@hotmail.com','<p>\n	Estimado Fernanda Perosi: <br />\n	Por favor haz click <a href=\'http://citep.fastbox.co/arquetipos/alumno/5e97c9cbff75ac157d2acb02a5d021c0\'>aqui</a> para completar el ejercicio. <br />\n	<br />\n	Por cualquier consulta, contáctate con nosotros a infomic@citep.rec.uba.ar\n</p>\n','2014-03-04 14:49:02','sent','Focos en juego: Has sido invitado a realizar un ejercicio',NULL),(51,'<no_reply@citep.mailgun.com> CITEP MIC','mfperosi@hotmail.com','<p>\n	Estimado Fernanda Perosi: <br />\n	Por favor haz click <a href=\'http://citep.fastbox.co/arquetipos/alumno/cc9f9263370a01760280bef80d41c33f\'>aqui</a> para completar el ejercicio. <br />\n	<br />\n	Por cualquier consulta, contáctate con nosotros a infomic@citep.rec.uba.ar\n</p>\n','2014-03-04 14:54:01','sent','Focos en juego: Has sido invitado a realizar un ejercicio',NULL),(52,'<no_reply@citep.mailgun.com> CITEP MIC','mfperosi@hotmail.com','<p>\n	Estimado Fernanda Perosi: <br />\n	Por favor haz click <a href=\'http://citep.fastbox.co/arquetipos/alumno/a0dcc25941dd61075bad938e1fb83607\'>aqui</a> para completar el ejercicio. <br />\n	<br />\n	Por cualquier consulta, contáctate con nosotros a infomic@citep.rec.uba.ar\n</p>\n','2014-03-07 12:14:02','sent','Focos en juego: Has sido invitado a realizar un ejercicio',NULL),(53,'<no_reply@citep.mailgun.com> CITEP MIC','mfperosi@hotmail.com','<p>\n	Estimado Fernanda Perosi: <br />\n	Por favor haz click <a href=\'http://citep.fastbox.co/dialogos/alumno/a3e37ce7bbcd076e46004a337c6257db\'>aqui</a> para completar el ejercicio. <br />\n	<br />\n	Por cualquier consulta, contáctate con nosotros a infomic@citep.rec.uba.ar\n</p>\n','2014-03-07 12:32:01','sent','Prismas entramados: Has sido invitado a realizar un ejercicio',NULL),(54,'<no_reply@citep.mailgun.com> CITEP MIC','mfperosi@hotmail.com','<p>\n	Estimado Fernanda Perosi: <br />\n	Por favor haz click <a href=\'http://citep.fastbox.co/dialogos/alumno/0c81ea039b02cfce01ee6fd041458ecb\'>aqui</a> para completar el ejercicio. <br />\n	<br />\n	Por cualquier consulta, contáctate con nosotros a infomic@citep.rec.uba.ar\n</p>\n','2014-03-07 14:51:02','sent','Prismas entramados: Has sido invitado a realizar un ejercicio',NULL),(55,'<no_reply@citep.mailgun.com> CITEP MIC','e@g.com','<p>\n	Estimado e g: <br />\n	Por favor haz click <a href=\'http://citep.fastbox.co/arquetipos/alumno/0176c68fc7423bfe72940d7302691607\'>aqui</a> para completar el ejercicio. <br />\n	<br />\n	Por cualquier consulta, contáctate con nosotros a infomic@citep.rec.uba.ar\n</p>\n','2014-03-07 15:44:02','sent','Focos en juego: Has sido invitado a realizar un ejercicio',NULL),(56,'<no_reply@citep.mailgun.com> CITEP MIC','mfperosi@hotmail.com','<p>\n	Estimado Fernanda Perosi: <br />\n	Por favor haz click <a href=\'http://citep.fastbox.co/arquetipos/alumno/408f0de533827fcee0808bb41c7e9081\'>aqui</a> para completar el ejercicio. <br />\n	<br />\n	Por cualquier consulta, contáctate con nosotros a infomic@citep.rec.uba.ar\n</p>\n','2014-03-12 15:44:02','sent','Focos en juego: Has sido invitado a realizar un ejercicio',NULL),(57,'<no_reply@citep.mailgun.com> CITEP MIC','mfperosi@hotmail.com','<p>\n	Estimado Fernanda Perosi: <br />\n	Por favor haz click <a href=\'http://citep.fastbox.co/arquetipos/alumno/f5ccc1cdd3cf291365991307444805f4\'>aqui</a> para completar el ejercicio. <br />\n	<br />\n	Por cualquier consulta, contáctate con nosotros a infomic@citep.rec.uba.ar\n</p>\n','2014-03-12 17:02:01','sent','Focos en juego: Has sido invitado a realizar un ejercicio',NULL),(58,'<no_reply@citep.mailgun.com> CITEP MIC','vperosi@gmail.com','<p>\n	Estimado Verónica Perosi: <br />\n	Por favor haz click <a href=\'http://citep.fastbox.co/arquetipos/alumno/23207a10418308fd391710bb5a4336ee\'>aqui</a> para completar el ejercicio. <br />\n	<br />\n	Por cualquier consulta, contáctate con nosotros a infomic@citep.rec.uba.ar\n</p>\n','2014-03-12 17:02:02','sent','Focos en juego: Has sido invitado a realizar un ejercicio',NULL),(59,'<no_reply@citep.mailgun.com> CITEP MIC','mfperosi@hotmail.com','<p>\n	Estimado Fer Perosi: <br />\n	Por favor haz click <a href=\'http://citep.fastbox.co/arquetipos/alumno/f5ccc1cdd3cf291365991307444805f4\'>aqui</a> para completar el ejercicio. <br />\n	<br />\n	Por cualquier consulta, contáctate con nosotros a infomic@citep.rec.uba.ar\n</p>\n','2014-03-12 20:25:02','sent','Focos en juego: Has sido invitado a realizar un ejercicio',NULL),(60,'<no_reply@citep.mailgun.com> CITEP MIC','mfperosi@hotmail.com','<p>\n	Estimado Fernanda Perosi: <br />\n	Por favor haz click <a href=\'http://citep.fastbox.co/arquetipos/alumno/f5ccc1cdd3cf291365991307444805f4\'>aqui</a> para completar el ejercicio. <br />\n	<br />\n	Por cualquier consulta, contáctate con nosotros a infomic@citep.rec.uba.ar\n</p>\n','2014-03-13 15:45:02','sent','Focos en juego: Has sido invitado a realizar un ejercicio',NULL),(61,'<no_reply@citep.mailgun.com> CITEP MIC','mfperosi@hotmail.com','<p>\n	Estimado Fernanda Perosi: <br />\n	El profesor Fernanda Perosi te envia el siguiente mensaje:\n	<i>Esto esta mal  </i>\n	<br />\n	<br />\n	Por cualquier consulta, contáctate con nosotros a infomic@citep.rec.uba.ar\n</p>\n','2014-03-13 15:51:02','sent','Focos en juego: Devolución del profesor',NULL),(62,'<no_reply@citep.mailgun.com> CITEP MIC','mfperosi@hotmail.com','<p>\n	Estimado Fernanda Perosi: <br />\n	Por favor haz click <a href=\'http://citep.fastbox.co/arquetipos/alumno/f5ccc1cdd3cf291365991307444805f4\'>aqui</a> para completar el ejercicio. <br />\n	<br />\n	Por cualquier consulta, contáctate con nosotros a infomic@citep.rec.uba.ar\n</p>\n','2014-03-13 15:55:02','sent','Focos en juego: Has sido invitado a realizar un ejercicio',NULL),(63,'<no_reply@citep.mailgun.com> CITEP MIC','mfperosi@hotmail.com','<p>\n	Estimado Fernanda Perosi: <br />\n	Por favor haz click <a href=\'http://citep.fastbox.co/dialogos/alumno/0c81ea039b02cfce01ee6fd041458ecb\'>aqui</a> para completar el ejercicio. <br />\n	<br />\n	Por cualquier consulta, contáctate con nosotros a infomic@citep.rec.uba.ar\n</p>\n','2014-03-13 16:11:01','sent','Prismas entramados: Has sido invitado a realizar un ejercicio',NULL),(64,'<no_reply@citep.mailgun.com> CITEP MIC','ezequie.lgolub@gmail.com','<p>\n	Estimada/o eze gol: <br />\n	Por favor haz click <a href=\'http://citep.fastbox.co/\'>aquí</a> para colaborar con un proyecto. <br /><br /> \n	mensaje custom	<br />\n	Por cualquier consulta, contáctate con nosotros a infomic@citep.rec.uba.ar\n</p>\n','2014-03-21 23:11:01','sent','Has sido invitado a colaborar en un proyecto',NULL),(65,'<no_reply@citep.mailgun.com> CITEP MIC','mfperosi@hotmail.com','<p>\n	Estimado Fernanda Perosi: <br />\n	Por favor haz click <a href=\'http://citep.fastbox.co/dialogos/alumno/9f659dd1c696974fa4298781bb444ff1\'>aqui</a> para completar el ejercicio. <br />\n	<br />\n	Por cualquier consulta, contáctate con nosotros a infomic@citep.rec.uba.ar\n</p>\n','2014-03-22 01:16:02','sent','Prismas entramados: Has sido invitado a realizar un ejercicio',NULL),(66,'<no_reply@citep.mailgun.com> CITEP MIC','mfperosi@hotmail.com','<p>\n	Estimado Fernanda Perosi: <br />\n	Por favor haz click <a href=\'http://citep.fastbox.co/arquetipos/alumno/f5ccc1cdd3cf291365991307444805f4\'>aqui</a> para completar el ejercicio. <br />\n	<br />\n	Por cualquier consulta, contáctate con nosotros a infomic@citep.rec.uba.ar\n</p>\n','2014-03-22 01:21:02','sent','Focos: Previsualización ejercicio',NULL),(67,'<no_reply@citep.mailgun.com> CITEP MIC','mfperosi@hotmail.com','<p>\n	Estimado Fernanda Perosi: <br />\n	Por favor haz click <a href=\'http://citep.fastbox.co/arquetipos/alumno/e95367a0dccc6e8b90f2ef8aa302f182\'>aqui</a> para completar el ejercicio. <br />\n	<br />\n	Por cualquier consulta, contáctate con nosotros a infomic@citep.rec.uba.ar\n</p>\n','2014-03-22 01:24:01','sent','Focos: Previsualización ejercicio',NULL),(68,'<no_reply@citep.mailgun.com> CITEP MIC','mfperosi@hotmail.com','<p>\n	Estimada/o Fernanda Perosi: <br />\n	Por favor haz click <a href=\'http://citep.fastbox.co/\'>aquí</a> para colaborar con un proyecto. <br /><br /> \n	Te invito a colaborar aquí	<br />\n	Por cualquier consulta, contáctate con nosotros a infomic@citep.rec.uba.ar\n</p>\n','2014-03-22 01:34:02','sent','Has sido invitado a colaborar en un proyecto',NULL),(69,'<no_reply@citep.mailgun.com> CITEP MIC','mfperosi@hotmail.com','<p>\n	Estimada/o Fernanda Perosi: <br />\n	Por favor haz click <a href=\'http://citep.fastbox.co/arquetipos/alumno/e95367a0dccc6e8b90f2ef8aa302f182\'>aqui</a> para completar el ejercicio. <br />\n	<br />\n	Por cualquier consulta, contáctate con nosotros a infomic@citep.rec.uba.ar\n</p>\n','2014-03-24 18:02:01','sent','Focos en juego: Has sido invitado a realizar un ejercicio',NULL),(70,'<no_reply@citep.mailgun.com> CITEP MIC','mfperosi@hotmail.com','<p>\n	Estimada/o Fernanda Perosi: <br />\n	Por favor haz click <a href=\'http://citep.fastbox.co/dialogos/alumno/0c81ea039b02cfce01ee6fd041458ecb\'>aqui</a> para completar el ejercicio. <br />\n	<br />\n	Por cualquier consulta, contáctate con nosotros a infomic@citep.rec.uba.ar\n</p>\n','2014-03-24 18:02:02','sent','Prismas entramados: Has sido invitado a realizar un ejercicio',NULL),(71,'<no_reply@citep.mailgun.com> CITEP MIC','mfperosi@hotmail.com','<p>\n	Estimada/o Fernanda Perosi: <br />\n	Por favor haz click <a href=\'http://citep.fastbox.co/\'>aquí</a> para colaborar con un proyecto. <br /><br /> \n		<br />\n	Por cualquier consulta, contáctate con nosotros a infomic@citep.rec.uba.ar\n</p>\n','2014-03-24 18:02:02','sent','Has sido invitado a colaborar en un proyecto',NULL),(72,'<no_reply@citep.mailgun.com> CITEP MIC','fperosi@hotmai.com','<p>\n	Estimada/o Fernanda Perosi: <br />\n	Por favor haz click <a href=\'http://citep.fastbox.co/\'>aquí</a> para colaborar con un proyecto. <br /><br /> \n		<br />\n	Por cualquier consulta, contáctate con nosotros a infomic@citep.rec.uba.ar\n</p>\n','2014-03-24 18:21:02','sent','Has sido invitado a colaborar en un proyecto',NULL),(73,'<no_reply@citep.mailgun.com> CITEP MIC','ideored@gmail.com','<p>\n	Estimada/o Fernanda Ideored: <br />\n	Se ha creado un nuevo usuario para usted en CITEP MIC, sus credenciales son: <br />\n	Usuario: ideored@gmail.com<br />\n	Contraseña: e38d2b5c<br /><br />\n	Por favor haz click <a href=\'http://citep.fastbox.co/\'>aquí</a> para colaborar con un proyecto. <br /><br /> \n		<br />\n	Por cualquier consulta, contáctate con nosotros a infomic@citep.rec.uba.ar\n</p>','2014-03-25 22:50:01','sent','Has sido invitado a colaborar en un proyecto',NULL),(74,'<no_reply@citep.mailgun.com> CITEP MIC','vperosi@gmail.com','<p>\n	Estimada/o Verónica Perosi: <br />\n	Por favor haz click <a href=\'http://citep.fastbox.co/\'>aquí</a> para colaborar con un proyecto. <br /><br /> \n	Vero te invito a que colabores con este proyecto así lo probamos juntas	<br />\n	Por cualquier consulta, contáctate con nosotros a infomic@citep.rec.uba.ar\n</p>\n','2014-03-26 14:12:02','sent','Has sido invitado a colaborar en un proyecto',NULL),(75,'<no_reply@citep.mailgun.com> CITEP MIC','vperosi@gmail.com','<p>\n	Estimada/o Verónica Perosi: <br />\n	Por favor haz click <a href=\'http://citep.fastbox.co/arquetipos/alumno/7f1f9b21c27365411680d94c30a73de9\'>aqui</a> para completar el ejercicio. <br />\n	<br />\n	Por cualquier consulta, contáctate con nosotros a infomic@citep.rec.uba.ar\n</p>\n','2014-03-28 17:40:02','sent','Focos: Previsualización ejercicio',NULL),(76,'<no_reply@citep.mailgun.com> CITEP MIC','vperosi@gmail.com','<p>\n	Estimada/o Verónica Perosi: <br />\n	Por favor haz click <a href=\'http://citep.fastbox.co/arquetipos/alumno/a56e9c41eccbc92515b6060cc182e72b\'>aqui</a> para completar el ejercicio. <br />\n	<br />\n	Por cualquier consulta, contáctate con nosotros a infomic@citep.rec.uba.ar\n</p>\n','2014-03-28 17:40:03','sent','Focos: Previsualización ejercicio',NULL),(77,'<no_reply@citep.mailgun.com> CITEP MIC','vperosi@gmail.com','<p>\n	Estimada/o Verónica Perosi: <br />\n	Por favor haz click <a href=\'http://citep.fastbox.co/arquetipos/alumno/a56e9c41eccbc92515b6060cc182e72b\'>aqui</a> para completar el ejercicio. <br />\n	<br />\n	Por cualquier consulta, contáctate con nosotros a infomic@citep.rec.uba.ar\n</p>\n','2014-03-28 17:40:03','sent','Focos: Previsualización ejercicio',NULL),(78,'<no_reply@citep.mailgun.com> CITEP MIC','vperosi@gmail.com','<p>\n	Estimada/o Verónica Perosi: <br />\n	Por favor haz click <a href=\'http://citep.fastbox.co/arquetipos/alumno/e9c90c24e0783dcfab673861f55a04c6\'>aqui</a> para completar el ejercicio. <br />\n	<br />\n	Por cualquier consulta, contáctate con nosotros a infomic@citep.rec.uba.ar\n</p>\n','2014-04-04 15:23:01','sent','Focos en juego: Has sido invitado a realizar un ejercicio',NULL),(79,'<no_reply@citep.mailgun.com> CITEP MIC','mfperosi@hotmail.com','<p>\n	Estimada/o Fernanda Perosi: <br />\n	Por favor haz click <a href=\'http://citep.fastbox.co/arquetipos/alumno/5bf1242c51b88749b4e74dce097c1577\'>aqui</a> para completar el ejercicio. <br />\n	<br />\n	Por cualquier consulta, contáctate con nosotros a infomic@citep.rec.uba.ar\n</p>\n','2014-04-04 15:23:03','sent','Focos en juego: Has sido invitado a realizar un ejercicio',NULL),(80,'<no_reply@citep.mailgun.com> CITEP MIC','mfperosi@hotmail.com','<p>\n	Estimada/o Fernanda Perosi: <br />\n	Por favor haz click <a href=\'http://citep.fastbox.co/dialogos/alumno/77780befbec24316952fa7d703ad057a\'>aqui</a> para completar el ejercicio. <br />\n	<br />\n	Por cualquier consulta, contáctate con nosotros a infomic@citep.rec.uba.ar\n</p>\n','2014-04-04 15:39:02','sent','Prismas entramados: Has sido invitado a realizar un ejercicio',NULL),(81,'<no_reply@citep.mailgun.com> CITEP MIC','mfperosi@hotmail.com','<p>\n	Estimada/o Fernanda Perosi: <br />\n	Por favor haz click <a href=\'http://citep.fastbox.co/\'>aquí</a> para colaborar con un proyecto. <br /><br /> \n	mensaje de invitación	<br />\n	Por cualquier consulta, contáctate con nosotros a infomic@citep.rec.uba.ar\n</p>\n','2014-04-04 15:59:01','sent','Has sido invitado a colaborar en un proyecto',NULL),(82,'<no_reply@citep.mailgun.com> CITEP MIC','mfperosi@hotmail.com','<p>\n	Estimada/o Fernanda Perosi: <br />\n	Por favor haz click <a href=\'http://citep.fastbox.co/arquetipos/alumno/408f0de533827fcee0808bb41c7e9081\'>aqui</a> para completar el ejercicio. <br />\n	<br />\n	Por cualquier consulta, contáctate con nosotros a infomic@citep.rec.uba.ar\n</p>\n','2014-04-04 21:06:02','sent','Focos en juego: Has sido invitado a realizar un ejercicio',NULL),(83,'<no_reply@citep.mailgun.com> CITEP MIC','vperosi@gmail.com','<p>\n	Estimada/o Verónica Perosi: <br />\n	Por favor haz click <a href=\'http://citep.fastbox.co/arquetipos/alumno/7f1f9b21c27365411680d94c30a73de9\'>aqui</a> para completar el ejercicio. <br />\n	<br />\n	Por cualquier consulta, contáctate con nosotros a infomic@citep.rec.uba.ar\n</p>\n','2014-04-09 13:19:01','sent','Focos: Previsualización ejercicio',NULL),(84,'<no_reply@citep.mailgun.com> CITEP MIC','vperosi@gmail.com','<p>\n	Estimada/o Verónica Perosi: <br />\n	Por favor haz click <a href=\'http://citep.fastbox.co/arquetipos/alumno/a56e9c41eccbc92515b6060cc182e72b\'>aqui</a> para completar el ejercicio. <br />\n	<br />\n	Por cualquier consulta, contáctate con nosotros a infomic@citep.rec.uba.ar\n</p>\n','2014-04-14 13:20:01','sent','Focos: Previsualización ejercicio',NULL),(85,'<no_reply@citep.mailgun.com> CITEP MIC','vperosi@gmail.com','<p>\n	Estimada/o Verónica Perosi: <br />\n	Por favor haz click <a href=\'http://citep.fastbox.co/arquetipos/alumno/a56e9c41eccbc92515b6060cc182e72b\'>aqui</a> para completar el ejercicio. <br />\n	<br />\n	Por cualquier consulta, contáctate con nosotros a infomic@citep.rec.uba.ar\n</p>\n','2014-04-15 14:20:02','sent','Focos: Previsualización ejercicio',NULL),(86,'<no_reply@citep.mailgun.com> CITEP MIC','vperosi@gmail.com','<p>\n	Estimada/o veronica perosi: <br />\n	Por favor haz click <a href=\'http://citep.fastbox.co/dialogos/alumno/71b29add0aa02915ffd3811d5d9e58f5\'>aqui</a> para completar el ejercicio. <br />\n	<br />\n	Por cualquier consulta, contáctate con nosotros a infomic@citep.rec.uba.ar\n</p>\n','2014-04-16 15:01:04','sent','Prismas entramados: Has sido invitado a realizar un ejercicio',NULL),(87,'<no_reply@citep.mailgun.com> CITEP MIC','vperosi@gmail.com','<p>\n	Estimada/o veronica perosi: <br />\n	Por favor haz click <a href=\'http://citep.fastbox.co/dialogos/alumno/b14f07a5071f7715428531f634224639\'>aqui</a> para completar el ejercicio. <br />\n	<br />\n	Por cualquier consulta, contáctate con nosotros a infomic@citep.rec.uba.ar\n</p>\n','2014-04-16 15:09:02','sent','Prismas entramados: Has sido invitado a realizar un ejercicio',NULL),(88,'<no_reply@citep.mailgun.com> CITEP MIC','carinalion@gmail.com','<p>\n	Estimada/o carina lion: <br />\n	Por favor haz click <a href=\'http://citep.fastbox.co/dialogos/alumno/1ad976bafbecec17dd6478285f21b4e0\'>aqui</a> para completar el ejercicio. <br />\n	<br />\n	Por cualquier consulta, contáctate con nosotros a infomic@citep.rec.uba.ar\n</p>\n','2014-04-16 15:11:02','sent','Prismas entramados: Has sido invitado a realizar un ejercicio',NULL),(89,'<no_reply@citep.mailgun.com> CITEP MIC','mfperosi@hotmail.com','<p>\n	Estimada/o Fernanda Perosi: <br />\n	Por favor haz click <a href=\'http://citep.fastbox.co/dialogos/alumno/2b042c425d0b0094207e4899a22179ad\'>aqui</a> para completar el ejercicio. <br />\n	<br />\n	Por cualquier consulta, contáctate con nosotros a infomic@citep.rec.uba.ar\n</p>\n','2014-04-16 15:51:01','sent','Prismas entramados: Has sido invitado a realizar un ejercicio',NULL),(90,'<no_reply@citep.mailgun.com> CITEP MIC','vperosi@gmail.com','<p>\n	Estimada/o Verónica Perosi: <br />\n	Por favor haz click <a href=\'http://citep.fastbox.co/arquetipos/alumno/a56e9c41eccbc92515b6060cc182e72b\'>aqui</a> para completar el ejercicio. <br />\n	<br />\n	Por cualquier consulta, contáctate con nosotros a infomic@citep.rec.uba.ar\n</p>\n','2014-04-28 12:17:01','sent','Focos: Previsualización ejercicio',NULL),(91,'<no_reply@citep.mailgun.com> CITEP MIC','vperosi@gmail.com','<p>\n	Estimada/o Verónica Perosi: <br />\n	Por favor haz click <a href=\'http://citep.fastbox.co/arquetipos/alumno/a56e9c41eccbc92515b6060cc182e72b\'>aqui</a> para completar el ejercicio. <br />\n	<br />\n	Por cualquier consulta, contáctate con nosotros a infomic@citep.rec.uba.ar\n</p>\n','2014-05-06 15:41:01','sent','Focos: Previsualización ejercicio',NULL),(92,'<no_reply@citep.mailgun.com> CITEP MIC','vperosi@gmail.com','<p>\n	Estimada/o Verónica Perosi: <br />\n	Por favor haz click <a href=\'http://citep.fastbox.co/arquetipos/alumno/7f1f9b21c27365411680d94c30a73de9\'>aqui</a> para completar el ejercicio. <br />\n	<br />\n	Por cualquier consulta, contáctate con nosotros a infomic@citep.rec.uba.ar\n</p>\n','2014-05-16 00:16:01','sent','Focos: Previsualización ejercicio',NULL),(93,'<no_reply@citep.mailgun.com> CITEP MIC','vperosi@gmail.com','<p>\n	Estimada/o Verónica Perosi: <br />\n	Por favor haz click <a href=\'http://citep.fastbox.co/arquetipos/alumno/11a3e955eaf5c550679966ccb4fc2f7b\'>aqui</a> para completar el ejercicio. <br />\n	<br />\n	Por cualquier consulta, contáctate con nosotros a infomic@citep.rec.uba.ar\n</p>\n','2014-05-16 00:16:02','sent','Focos: Previsualización ejercicio',NULL),(94,'<no_reply@citep.mailgun.com> CITEP MIC','vperosi@gmail.com','<p>\n	Estimada/o Verónica Perosi: <br />\n	Por favor haz click <a href=\'http://citep.fastbox.co/arquetipos/alumno/7f1f9b21c27365411680d94c30a73de9\'>aqui</a> para completar el ejercicio. <br />\n	<br />\n	Por cualquier consulta, contáctate con nosotros a infomic@citep.rec.uba.ar\n</p>\n','2014-06-03 19:34:03','sent','Focos: Previsualización ejercicio',NULL),(95,'<no_reply@citep.mailgun.com> CITEP MIC','vperosi@gmail.com','<p>\n	Estimada/o Verónica Perosi: <br />\n	Por favor haz click <a href=\'http://citep.fastbox.co/arquetipos/alumno/a56e9c41eccbc92515b6060cc182e72b\'>aqui</a> para completar el ejercicio. <br />\n	<br />\n	Por cualquier consulta, contáctate con nosotros a infomic@citep.rec.uba.ar\n</p>\n','2014-06-03 19:34:04','sent','Focos: Previsualización ejercicio',NULL),(96,'<no_reply@citep.mailgun.com> CITEP MIC','vperosi@gmail.com','<p>\n	Estimada/o Verónica Perosi: <br />\n	Por favor haz click <a href=\'http://citep.fastbox.co/arquetipos/alumno/a56e9c41eccbc92515b6060cc182e72b\'>aqui</a> para completar el ejercicio. <br />\n	<br />\n	Por cualquier consulta, contáctate con nosotros a infomic@citep.rec.uba.ar\n</p>\n','2014-06-03 19:36:01','sent','Focos: Previsualización ejercicio',NULL),(97,'<no_reply@citep.mailgun.com> CITEP MIC','vperosi@gmail.com','<p>\n	Estimada/o Verónica Perosi: <br />\n	Por favor haz click <a href=\'http://citep.fastbox.co/arquetipos/alumno/a56e9c41eccbc92515b6060cc182e72b\'>aqui</a> para completar el ejercicio. <br />\n	<br />\n	Por cualquier consulta, contáctate con nosotros a infomic@citep.rec.uba.ar\n</p>\n','2014-06-05 15:48:02','sent','Focos: Previsualización ejercicio',NULL),(98,'<no_reply@citep.mailgun.com> CITEP MIC','vperosi@gmail.com','<p>\n	Estimada/o Verónica Perosi: <br />\n	Por favor haz click <a href=\'http://citep.fastbox.co/arquetipos/alumno/09461070b829980bf23df5e1e933e391\'>aqui</a> para completar el ejercicio. <br />\n	<br />\n	Por cualquier consulta, contáctate con nosotros a infomic@citep.rec.uba.ar\n</p>\n','2014-06-05 16:06:01','sent','Focos: Previsualización ejercicio',NULL),(99,'<no_reply@citep.mailgun.com> CITEP MIC','vperosi@gmail.com','<p>\n	Estimada/o Verónica Perosi: <br />\n	Por favor haz click <a href=\'http://citep.fastbox.co/arquetipos/alumno/09461070b829980bf23df5e1e933e391\'>aqui</a> para completar el ejercicio. <br />\n	<br />\n	Por cualquier consulta, contáctate con nosotros a infomic@citep.rec.uba.ar\n</p>\n','2014-06-05 16:07:02','sent','Focos: Previsualización ejercicio',NULL),(100,'<no_reply@citep.mailgun.com> CITEP MIC','vperosi@gmail.com','<p>\n	Estimada/o Verónica Perosi: <br />\n	Por favor haz click <a href=\'http://citep.fastbox.co/arquetipos/alumno/a56e9c41eccbc92515b6060cc182e72b\'>aqui</a> para completar el ejercicio. <br />\n	<br />\n	Por cualquier consulta, contáctate con nosotros a infomic@citep.rec.uba.ar\n</p>\n','2014-06-09 15:35:04','sent','Focos: Previsualización ejercicio',NULL),(101,'<no_reply@citep.mailgun.com> CITEP MIC','vperosi@gmail.com','<p>\n	Estimada/o Verónica Perosi: <br />\n	Por favor haz click <a href=\'http://citep.fastbox.co/arquetipos/alumno/a56e9c41eccbc92515b6060cc182e72b\'>aqui</a> para completar el ejercicio. <br />\n	<br />\n	Por cualquier consulta, contáctate con nosotros a infomic@citep.rec.uba.ar\n</p>\n','2014-06-09 15:36:02','sent','Focos: Previsualización ejercicio',NULL),(102,'<no_reply@citep.mailgun.com> CITEP MIC','vperosi@gmail.com','<p>\n	Estimada/o Veronica P: <br />\n	Por favor haz click <a href=\'http://citep.fastbox.co/dialogos/alumno/b14f07a5071f7715428531f634224639\'>aqui</a> para completar el ejercicio. <br />\n	<br />\n	Por cualquier consulta, contáctate con nosotros a infomic@citep.rec.uba.ar\n</p>\n','2014-06-09 15:48:01','sent','Prismas entramados: Has sido invitado a realizar un ejercicio',NULL),(103,'<no_reply@citep.mailgun.com> CITEP MIC','vperosi@gmail.com','<p>\n	Estimada/o Verónica Perosi: <br />\n	Por favor haz click <a href=\'http://citep.fastbox.co/arquetipos/alumno/11a3e955eaf5c550679966ccb4fc2f7b\'>aqui</a> para completar el ejercicio. <br />\n	<br />\n	Por cualquier consulta, contáctate con nosotros a infomic@citep.rec.uba.ar\n</p>\n','2014-06-09 17:08:01','sent','Focos: Previsualización ejercicio',NULL),(104,'<no_reply@citep.mailgun.com> CITEP MIC','vperosi@gmail.com','<p>\n	Estimada/o Verónica Perosi: <br />\n	Por favor haz click <a href=\'http://citep.fastbox.co/arquetipos/alumno/fa3c8ef43da5db9ae01cfbcd0781ada3\'>aqui</a> para completar el ejercicio. <br />\n	<br />\n	Por cualquier consulta, contáctate con nosotros a infomic@citep.rec.uba.ar\n</p>\n','2014-06-12 13:53:03','sent','Focos: Previsualización ejercicio',NULL),(105,'<no_reply@citep.mailgun.com> CITEP MIC','vperosi@gmail.com','<p>\n	Estimada/o Verónica Perosi: <br />\n	Por favor haz click <a href=\'http://citep.fastbox.co/arquetipos/alumno/fa3c8ef43da5db9ae01cfbcd0781ada3\'>aqui</a> para completar el ejercicio. <br />\n	<br />\n	Por cualquier consulta, contáctate con nosotros a infomic@citep.rec.uba.ar\n</p>\n','2014-07-16 00:38:01','sent','Focos: Previsualización ejercicio',NULL),(106,'<no_reply@citep.mailgun.com> CITEP MIC','vperosi@gmail.com','<p>\n	Estimada/o Verónica Perosi: <br />\n	Por favor haz click <a href=\'http://citep.fastbox.co/arquetipos/alumno/a56e9c41eccbc92515b6060cc182e72b\'>aqui</a> para completar el ejercicio. <br />\n	<br />\n	Por cualquier consulta, contáctate con nosotros a infomic@citep.rec.uba.ar\n</p>\n','2014-08-28 23:04:01','sent','Focos: Previsualización ejercicio',NULL),(107,'<no_reply@citep.mailgun.com> CITEP MIC','vperosi@gmail.com','<p>\n	Estimada/o Verónica Perosi: <br />\n	Por favor haz click <a href=\'http://citep.fastbox.co/arquetipos/alumno/a56e9c41eccbc92515b6060cc182e72b\'>aqui</a> para completar el ejercicio. <br />\n	<br />\n	Por cualquier consulta, contáctate con nosotros a infomic@citep.rec.uba.ar\n</p>\n','2014-08-30 17:28:02','sent','Focos: Previsualización ejercicio',NULL),(108,'<no_reply@citep.mailgun.com> CITEP MIC','vperosi@gmail.com','<p>\n	Estimada/o Verónica Perosi: <br />\n	Por favor haz click <a href=\'http://citep.fastbox.co/arquetipos/alumno/a56e9c41eccbc92515b6060cc182e72b\'>aqui</a> para completar el ejercicio. <br />\n	<br />\n	Por cualquier consulta, contáctate con nosotros a infomic@citep.rec.uba.ar\n</p>\n','2014-08-30 17:29:06','sent','Focos: Previsualización ejercicio',NULL),(109,'<no_reply@citep.mailgun.com> CITEP MIC','mfperosi@hotmail.com','<p>\n	Estimada/o Fernanda Perosi: <br />\n	Por favor haz click <a href=\'http://citep.fastbox.co/arquetipos/alumno/801de847cf4b2507704c391260bb1fce\'>aqui</a> para completar el ejercicio. <br />\n	<br />\n	Por cualquier consulta, contáctate con nosotros a infomic@citep.rec.uba.ar\n</p>\n','2014-09-01 19:24:02','sent','Focos: Previsualización ejercicio',NULL),(110,'<no_reply@citep.mailgun.com> CITEP MIC','fperosi@speedy.com.ar','<p>\n	Estimada/o Fer Perosi: <br />\n	Se ha creado un nuevo usuario para usted en CITEP MIC, sus credenciales son: <br />\n	Usuario: fperosi@speedy.com.ar<br />\n	Contraseña: c19ad838<br /><br />\n	Por favor haz click <a href=\'http://citep.fastbox.co/\'>aquí</a> para colaborar con un proyecto. <br /><br /> \n	Prueba de colaboración	<br />\n	Por cualquier consulta, contáctate con nosotros a infomic@citep.rec.uba.ar\n</p>','2014-09-01 19:34:02','sent','Has sido invitado a colaborar en un proyecto',NULL),(111,'<no_reply@citep.mailgun.com> CITEP MIC','ideored@gmail.com','<p>\n	Estimada/o Fer Perosi: <br />\n	Se ha creado un nuevo usuario para usted en CITEP MIC, sus credenciales son: <br />\n	Usuario: ideored@gmail.com<br />\n	Contraseña: 42fb727b<br /><br />\n	Por favor haz click <a href=\'http://citep.fastbox.co/\'>aquí</a> para colaborar con un proyecto. <br /><br /> \n	Prueba	<br />\n	Por cualquier consulta, contáctate con nosotros a infomic@citep.rec.uba.ar\n</p>','2014-09-01 19:34:04','sent','Has sido invitado a colaborar en un proyecto',NULL),(112,'<no_reply@citep.mailgun.com> CITEP MIC','fperosi@speedy.com.ar','<p>\n	Estimada/o Fer Perosi: <br />\n	Se ha creado un nuevo usuario para usted en CITEP MIC, sus credenciales son: <br />\n	Usuario: fperosi@speedy.com.ar<br />\n	Contraseña: aee20458<br /><br />\n	Por favor haz click <a href=\'http://citep.fastbox.co/\'>aquí</a> para colaborar con un proyecto. <br /><br /> \n	prueba	<br />\n	Por cualquier consulta, contáctate con nosotros a infomic@citep.rec.uba.ar\n</p>','2014-09-01 20:33:02','sent','Has sido invitado a colaborar en un proyecto',NULL),(113,'<no_reply@citep.mailgun.com> CITEP MIC','vperosi@gmail.com','<p>\n	Estimada/o Verónica Perosi: <br />\n	Por favor haz click <a href=\'http://citep.fastbox.co/arquetipos/alumno/11a3e955eaf5c550679966ccb4fc2f7b\'>aqui</a> para completar el ejercicio. <br />\n	<br />\n	Por cualquier consulta, contáctate con nosotros a infomic@citep.rec.uba.ar\n</p>\n','2014-09-02 15:54:01','sent','Focos: Previsualización ejercicio',NULL),(114,'<no_reply@citep.mailgun.com> CITEP MIC','vperosi@gmail.com','<p>\n	Estimada/o Verónica Perosi: <br />\n	Por favor haz click <a href=\'http://citep.fastbox.co/arquetipos/alumno/11a3e955eaf5c550679966ccb4fc2f7b\'>aqui</a> para completar el ejercicio. <br />\n	<br />\n	Por cualquier consulta, contáctate con nosotros a infomic@citep.rec.uba.ar\n</p>\n','2014-09-02 15:54:02','sent','Focos: Previsualización ejercicio',NULL),(115,'<no_reply@citep.mailgun.com> CITEP MIC','vperosi@gmail.com','<p>\n	Estimada/o Verónica Perosi: <br />\n	Por favor haz click <a href=\'http://citep.fastbox.co/arquetipos/alumno/11a3e955eaf5c550679966ccb4fc2f7b\'>aqui</a> para completar el ejercicio. <br />\n	<br />\n	Por cualquier consulta, contáctate con nosotros a infomic@citep.rec.uba.ar\n</p>\n','2014-09-02 15:54:02','sent','Focos: Previsualización ejercicio',NULL),(116,'<no_reply@citep.mailgun.com> CITEP MIC','asoletic@webar.com','<p>\n	Estimada/o Angeles Soletic: <br />\n	Por favor haz click <a href=\'http://citep.fastbox.co/arquetipos/alumno/2deda21d3a5df2ac8672a438d9440967\'>aqui</a> para completar el ejercicio. <br />\n	<br />\n	Por cualquier consulta, contáctate con nosotros a infomic@citep.rec.uba.ar\n</p>\n','2014-09-02 15:58:01','sent','Focos en juego: Has sido invitado a realizar un ejercicio',NULL),(117,'<no_reply@citep.mailgun.com> CITEP MIC','asoletic@webar.com','<p>\n	Estimada/o angeles soletic: <br />\n	Por favor haz click <a href=\'http://citep.fastbox.co/dialogos/alumno/7a894c57cf9093a7fa616112fa1ca37c\'>aqui</a> para completar el ejercicio. <br />\n	<br />\n	Por cualquier consulta, contáctate con nosotros a infomic@citep.rec.uba.ar\n</p>\n','2014-09-02 16:03:02','sent','Prismas entramados: Has sido invitado a realizar un ejercicio',NULL),(118,'<no_reply@citep.mailgun.com> CITEP MIC','asoletic@webar.com','<p>\n	Estimada/o Angeles Soletic: <br />\n	Por favor haz click <a href=\'http://citep.fastbox.co/\'>aquí</a> para colaborar con un proyecto. <br /><br /> \n	va mensaje	<br />\n	Por cualquier consulta, contáctate con nosotros a infomic@citep.rec.uba.ar\n</p>\n','2014-09-02 16:04:03','sent','Has sido invitado a colaborar en un proyecto',NULL),(119,'<no_reply@citep.mailgun.com> CITEP MIC','asoletic@webar.com','<p>\n	Estimada/o angeles soletic: <br />\n	Por favor haz click <a href=\'http://citep.fastbox.co/dialogos/alumno/94c40bc0d2b5d822412076bdf0e0da79\'>aqui</a> para completar el ejercicio. <br />\n	<br />\n	Por cualquier consulta, contáctate con nosotros a infomic@citep.rec.uba.ar\n</p>\n','2014-09-02 16:20:02','sent','Prismas entramados: Has sido invitado a realizar un ejercicio',NULL),(120,'<no_reply@citep.mailgun.com> CITEP MIC','vperosi@gmail.com','<p>\n	Estimada/o veronica perosi: <br />\n	Por favor haz click <a href=\'http://citep.fastbox.co/dialogos/alumno/b14f07a5071f7715428531f634224639\'>aqui</a> para completar el ejercicio. <br />\n	<br />\n	Por cualquier consulta, contáctate con nosotros a infomic@citep.rec.uba.ar\n</p>\n','2014-09-02 20:21:01','sent','Prismas entramados: Has sido invitado a realizar un ejercicio',NULL);
/*!40000 ALTER TABLE `emails` ENABLE KEYS */;
UNLOCK TABLES;

--
-- Table structure for table `permissions`
--

DROP TABLE IF EXISTS `permissions`;
/*!40101 SET @saved_cs_client     = @@character_set_client */;
/*!40101 SET character_set_client = utf8 */;
CREATE TABLE `permissions` (
  `id` mediumint(8) NOT NULL AUTO_INCREMENT,
  `name` varchar(500) NOT NULL,
  `description` text NOT NULL,
  `updated_at` timestamp NULL DEFAULT NULL,
  `created_at` timestamp NULL DEFAULT NULL,
  PRIMARY KEY (`id`),
  UNIQUE KEY `name` (`name`)
) ENGINE=InnoDB AUTO_INCREMENT=6 DEFAULT CHARSET=latin1;
/*!40101 SET character_set_client = @saved_cs_client */;

--
-- Dumping data for table `permissions`
--

LOCK TABLES `permissions` WRITE;
/*!40000 ALTER TABLE `permissions` DISABLE KEYS */;
INSERT INTO `permissions` VALUES (1,'admin','administrador',NULL,NULL),(2,'arquetipos','Focos en juego',NULL,NULL),(3,'dialogos','Prismas entramados','2013-10-23 16:22:49','2013-10-23 16:22:49'),(4,'proyectos','Gestor de proyectos','2013-12-11 21:57:14','2013-12-11 21:57:14'),(5,'proyecto_colaborador','Colaborador croquis','2014-03-21 23:09:56','2014-03-21 23:09:56');
/*!40000 ALTER TABLE `permissions` ENABLE KEYS */;
UNLOCK TABLES;

--
-- Table structure for table `proyecto_subseccion_comentarios`
--

DROP TABLE IF EXISTS `proyecto_subseccion_comentarios`;
/*!40101 SET @saved_cs_client     = @@character_set_client */;
/*!40101 SET character_set_client = utf8 */;
CREATE TABLE `proyecto_subseccion_comentarios` (
  `id` int(10) unsigned NOT NULL AUTO_INCREMENT,
  `id_user` int(10) unsigned NOT NULL,
  `created_at` datetime NOT NULL,
  `comentario` text NOT NULL,
  `id_proyecto_subseccion` int(10) unsigned NOT NULL,
  PRIMARY KEY (`id`)
) ENGINE=InnoDB AUTO_INCREMENT=19 DEFAULT CHARSET=latin1;
/*!40101 SET character_set_client = @saved_cs_client */;

--
-- Dumping data for table `proyecto_subseccion_comentarios`
--

LOCK TABLES `proyecto_subseccion_comentarios` WRITE;
/*!40000 ALTER TABLE `proyecto_subseccion_comentarios` DISABLE KEYS */;
INSERT INTO `proyecto_subseccion_comentarios` VALUES (7,9,'2014-03-07 09:44:55','Fer comentando',317),(8,15,'2014-03-07 10:09:16','Probando sección comentarios',492),(9,21,'2014-03-07 10:29:59','hola',492),(10,21,'2014-03-07 10:30:22','probando',492),(11,9,'2014-03-07 16:35:17','Segundo comentario',317),(12,9,'2014-03-09 15:19:35','Tercer comentario',317),(13,9,'2014-03-25 21:50:34','Soy Fernanda Perosi',975),(14,9,'2014-03-26 10:52:57','Comentario de segundo usuario',978),(15,29,'2014-03-26 10:53:36','Comentario del primer usuario',978),(16,1,'2014-04-04 12:55:43','Comentario Fer',1040),(17,15,'2014-09-01 14:22:09','Ingreso',1525),(18,20,'2014-09-02 13:12:41','dejo mi comentario en el doc compartido. Parece que funciona todo ok! ',1525);
/*!40000 ALTER TABLE `proyecto_subseccion_comentarios` ENABLE KEYS */;
UNLOCK TABLES;

--
-- Table structure for table `proyecto_subsecciones`
--

DROP TABLE IF EXISTS `proyecto_subsecciones`;
/*!40101 SET @saved_cs_client     = @@character_set_client */;
/*!40101 SET character_set_client = utf8 */;
CREATE TABLE `proyecto_subsecciones` (
  `id` int(10) unsigned NOT NULL AUTO_INCREMENT,
  `id_proyecto` int(10) unsigned NOT NULL,
  `nombre` varchar(255) DEFAULT NULL,
  `descripcion` text,
  `seccion` enum('contexto','gestión','diseño') DEFAULT NULL,
  `contenido` text,
  `tipo` enum('texto','gantt','calendario') DEFAULT 'texto',
  `heartbeat_user_id` int(10) unsigned DEFAULT NULL,
  `heartbeat_time` datetime DEFAULT NULL,
  PRIMARY KEY (`id`),
  KEY `id_proyecto` (`id_proyecto`)
) ENGINE=InnoDB AUTO_INCREMENT=1711 DEFAULT CHARSET=latin1;
/*!40101 SET character_set_client = @saved_cs_client */;

--
-- Dumping data for table `proyecto_subsecciones`
--

LOCK TABLES `proyecto_subsecciones` WRITE;
/*!40000 ALTER TABLE `proyecto_subsecciones` DISABLE KEYS */;
INSERT INTO `proyecto_subsecciones` VALUES (1,1,'Contenido',NULL,'diseño','<p>Nuevo contenido<br />\n&nbsp;</p>\n','texto',NULL,NULL),(2,1,'Idea',NULL,'diseño',NULL,'texto',NULL,NULL),(3,1,'Recursos',NULL,'diseño','<p>Recursos humanos</p>\n\n<p>&nbsp;</p>\n\n<p>Aplicaciones</p>\n\n<p>&nbsp;</p>\n\n<p>Herramientas<br />\n&nbsp;</p>\n','texto',NULL,NULL),(4,1,'Estrategia pedagógica',NULL,'diseño','','texto',NULL,NULL),(5,1,'Creación',NULL,'diseño','<p>Contenido creaci&oacute;n</p>\n','texto',NULL,NULL),(6,1,'Etapas',NULL,'diseño',NULL,'texto',NULL,NULL),(7,1,'Actividades',NULL,'diseño',NULL,'texto',NULL,NULL),(8,1,'Niveles de integración',NULL,'diseño',NULL,'texto',NULL,NULL),(9,1,'Módulo Social',NULL,'diseño','','texto',NULL,NULL),(10,1,'Diagrama de gantt',NULL,'gestión','<p>Soy un gantt</p>\n','texto',NULL,NULL),(11,1,'Calendario',NULL,'gestión',NULL,'texto',NULL,NULL),(12,1,'Prueba piloto',NULL,'gestión',NULL,'texto',NULL,NULL),(13,1,'Seguimiento',NULL,'gestión',NULL,'texto',NULL,NULL),(14,1,'Rendicion',NULL,'gestión',NULL,'texto',NULL,NULL),(15,1,'Institucional',NULL,'contexto','<p>La escuela<br />\n&nbsp;</p>\n','texto',NULL,NULL),(16,1,'Personal',NULL,'contexto',NULL,'texto',NULL,NULL),(17,1,'Presupuesto',NULL,'contexto',NULL,'texto',NULL,NULL),(18,1,'Factores exógenos',NULL,'contexto',NULL,'texto',NULL,NULL),(19,1,'Factores endógenos',NULL,'contexto','<p><a href=\"http://assets.citep.fastbox.co//uploads/from_editor/boarding_pass_lara.pdf\">Boarding pass lara</a></p>\n','texto',NULL,NULL),(20,1,'Recursos humanos',NULL,'contexto','','texto',NULL,NULL),(22,2,'Contenido',NULL,'diseño',NULL,'texto',NULL,NULL),(24,2,'Recursos',NULL,'diseño',NULL,'texto',NULL,NULL),(26,2,'Creación',NULL,'diseño','<p>Hola prueba&nbsp;completar algo</p>\n','texto',NULL,NULL),(28,2,'Actividades',NULL,'diseño',NULL,'texto',NULL,NULL),(29,2,'Niveles de integración',NULL,'diseño',NULL,'texto',NULL,NULL),(30,2,'Módulo Social',NULL,'diseño',NULL,'texto',NULL,NULL),(31,2,'Diagrama de gantt',NULL,'gestión',NULL,'texto',NULL,NULL),(32,2,'Calendario',NULL,'gestión',NULL,'texto',NULL,NULL),(33,2,'Prueba piloto',NULL,'gestión',NULL,'texto',NULL,NULL),(34,2,'Seguimiento',NULL,'gestión',NULL,'texto',NULL,NULL),(35,2,'Rendicion',NULL,'gestión',NULL,'texto',NULL,NULL),(36,2,'Institucional',NULL,'contexto',NULL,'texto',NULL,NULL),(37,2,'Personal',NULL,'contexto',NULL,'texto',NULL,NULL),(38,2,'Presupuesto',NULL,'contexto',NULL,'texto',NULL,NULL),(39,2,'Factores exógenos',NULL,'contexto',NULL,'texto',NULL,NULL),(40,2,'Factores endógenos',NULL,'contexto',NULL,'texto',NULL,NULL),(43,2,'Nueva mia','Nueva mia descrpcion','diseño','','texto',NULL,NULL),(44,3,'Contenido',NULL,'diseño',NULL,'texto',NULL,NULL),(45,3,'Idea',NULL,'diseño',NULL,'texto',NULL,NULL),(46,3,'Recursos',NULL,'diseño',NULL,'texto',NULL,NULL),(47,3,'Estrategia pedagógica',NULL,'diseño',NULL,'texto',NULL,NULL),(48,3,'Creación',NULL,'diseño',NULL,'texto',NULL,NULL),(49,3,'Etapas',NULL,'diseño',NULL,'texto',NULL,NULL),(50,3,'Actividades',NULL,'diseño',NULL,'texto',NULL,NULL),(51,3,'Niveles de integración',NULL,'diseño',NULL,'texto',NULL,NULL),(52,3,'Módulo Social',NULL,'diseño',NULL,'texto',NULL,NULL),(53,3,'Diagrama de gantt',NULL,'gestión',NULL,'texto',NULL,NULL),(54,3,'Calendario',NULL,'gestión',NULL,'texto',NULL,NULL),(55,3,'Prueba piloto',NULL,'gestión',NULL,'texto',NULL,NULL),(56,3,'Seguimiento',NULL,'gestión',NULL,'texto',NULL,NULL),(57,3,'Rendicion',NULL,'gestión',NULL,'texto',NULL,NULL),(58,3,'Institucional',NULL,'contexto',NULL,'texto',NULL,NULL),(59,3,'Personal',NULL,'contexto',NULL,'texto',NULL,NULL),(60,3,'Presupuesto',NULL,'contexto',NULL,'texto',NULL,NULL),(61,3,'Factores exógenos',NULL,'contexto',NULL,'texto',NULL,NULL),(62,3,'Factores endógenos',NULL,'contexto',NULL,'texto',NULL,NULL),(63,3,'Recursos humanos',NULL,'contexto',NULL,'texto',NULL,NULL),(64,4,'Contenido',NULL,'diseño',NULL,'texto',NULL,NULL),(65,4,'Idea',NULL,'diseño',NULL,'texto',NULL,NULL),(66,4,'Recursos',NULL,'diseño',NULL,'texto',NULL,NULL),(67,4,'Estrategia pedagógica',NULL,'diseño',NULL,'texto',NULL,NULL),(68,4,'Creación',NULL,'diseño',NULL,'texto',NULL,NULL),(69,4,'Etapas',NULL,'diseño',NULL,'texto',NULL,NULL),(70,4,'Actividades',NULL,'diseño',NULL,'texto',NULL,NULL),(71,4,'Niveles de integración',NULL,'diseño',NULL,'texto',NULL,NULL),(72,4,'Módulo Social',NULL,'diseño',NULL,'texto',NULL,NULL),(73,4,'Diagrama de gantt',NULL,'gestión',NULL,'texto',NULL,NULL),(74,4,'Calendario',NULL,'gestión',NULL,'texto',NULL,NULL),(75,4,'Prueba piloto',NULL,'gestión',NULL,'texto',NULL,NULL),(76,4,'Seguimiento',NULL,'gestión',NULL,'texto',NULL,NULL),(77,4,'Rendicion',NULL,'gestión',NULL,'texto',NULL,NULL),(78,4,'Institucional',NULL,'contexto',NULL,'texto',NULL,NULL),(79,4,'Personal',NULL,'contexto',NULL,'texto',NULL,NULL),(80,4,'Presupuesto',NULL,'contexto',NULL,'texto',NULL,NULL),(81,4,'Factores exógenos',NULL,'contexto',NULL,'texto',NULL,NULL),(82,4,'Factores endógenos',NULL,'contexto',NULL,'texto',NULL,NULL),(83,4,'Recursos humanos',NULL,'contexto',NULL,'texto',NULL,NULL),(84,5,'Contenido',NULL,'diseño',NULL,'texto',NULL,NULL),(85,5,'Idea',NULL,'diseño','<p>ssdsd</p>\n','texto',NULL,NULL),(86,5,'Recursos',NULL,'diseño',NULL,'texto',NULL,NULL),(87,5,'Estrategia pedagógica',NULL,'diseño','','texto',NULL,NULL),(88,5,'Creación',NULL,'diseño',NULL,'texto',NULL,NULL),(89,5,'Etapas',NULL,'diseño',NULL,'texto',NULL,NULL),(90,5,'Actividades',NULL,'diseño',NULL,'texto',NULL,NULL),(91,5,'Niveles de integración',NULL,'diseño',NULL,'texto',NULL,NULL),(92,5,'Módulo Social',NULL,'diseño',NULL,'texto',NULL,NULL),(93,5,'Diagrama de gantt',NULL,'gestión',NULL,'texto',NULL,NULL),(94,5,'Calendario',NULL,'gestión',NULL,'texto',NULL,NULL),(95,5,'Prueba piloto',NULL,'gestión',NULL,'texto',NULL,NULL),(96,5,'Seguimiento',NULL,'gestión',NULL,'texto',NULL,NULL),(97,5,'Rendicion',NULL,'gestión',NULL,'texto',NULL,NULL),(98,5,'Institucional',NULL,'contexto',NULL,'texto',NULL,NULL),(99,5,'Personal',NULL,'contexto',NULL,'texto',NULL,NULL),(100,5,'Presupuesto',NULL,'contexto',NULL,'texto',NULL,NULL),(101,5,'Factores exógenos',NULL,'contexto',NULL,'texto',NULL,NULL),(102,5,'Factores endógenos',NULL,'contexto',NULL,'texto',NULL,NULL),(103,5,'Recursos humanos',NULL,'contexto',NULL,'texto',NULL,NULL),(104,6,'Contenido',NULL,'diseño',NULL,'texto',NULL,NULL),(105,6,'Idea',NULL,'diseño',NULL,'texto',NULL,NULL),(106,6,'Recursos',NULL,'diseño',NULL,'texto',NULL,NULL),(107,6,'Estrategia pedagógica',NULL,'diseño',NULL,'texto',NULL,NULL),(108,6,'Creación',NULL,'diseño',NULL,'texto',NULL,NULL),(109,6,'Etapas',NULL,'diseño',NULL,'texto',NULL,NULL),(110,6,'Actividades',NULL,'diseño',NULL,'texto',NULL,NULL),(111,6,'Niveles de integración',NULL,'diseño',NULL,'texto',NULL,NULL),(112,6,'Módulo Social',NULL,'diseño',NULL,'texto',NULL,NULL),(113,6,'Diagrama de gantt',NULL,'gestión',NULL,'texto',NULL,NULL),(114,6,'Calendario',NULL,'gestión',NULL,'texto',NULL,NULL),(115,6,'Prueba piloto',NULL,'gestión',NULL,'texto',NULL,NULL),(116,6,'Seguimiento',NULL,'gestión',NULL,'texto',NULL,NULL),(117,6,'Rendicion',NULL,'gestión',NULL,'texto',NULL,NULL),(118,6,'Institucional',NULL,'contexto',NULL,'texto',NULL,NULL),(119,6,'Personal',NULL,'contexto',NULL,'texto',NULL,NULL),(120,6,'Presupuesto',NULL,'contexto',NULL,'texto',NULL,NULL),(121,6,'Factores exógenos',NULL,'contexto',NULL,'texto',NULL,NULL),(122,6,'Factores endógenos',NULL,'contexto',NULL,'texto',NULL,NULL),(123,6,'Recursos humanos',NULL,'contexto',NULL,'texto',NULL,NULL),(124,7,'Contenido',NULL,'diseño',NULL,'texto',NULL,NULL),(125,7,'Idea',NULL,'diseño',NULL,'texto',NULL,NULL),(126,7,'Recursos',NULL,'diseño',NULL,'texto',NULL,NULL),(127,7,'Estrategia pedagógica',NULL,'diseño',NULL,'texto',NULL,NULL),(128,7,'Creación',NULL,'diseño',NULL,'texto',NULL,NULL),(129,7,'Etapas',NULL,'diseño',NULL,'texto',NULL,NULL),(130,7,'Actividades',NULL,'diseño',NULL,'texto',NULL,NULL),(131,7,'Niveles de integración',NULL,'diseño',NULL,'texto',NULL,NULL),(132,7,'Módulo Social',NULL,'diseño',NULL,'texto',NULL,NULL),(133,7,'Diagrama de gantt',NULL,'gestión',NULL,'texto',NULL,NULL),(134,7,'Calendario',NULL,'gestión',NULL,'texto',NULL,NULL),(135,7,'Prueba piloto',NULL,'gestión',NULL,'texto',NULL,NULL),(136,7,'Seguimiento',NULL,'gestión',NULL,'texto',NULL,NULL),(137,7,'Rendicion',NULL,'gestión',NULL,'texto',NULL,NULL),(138,7,'Institucional',NULL,'contexto',NULL,'texto',NULL,NULL),(139,7,'Personal',NULL,'contexto',NULL,'texto',NULL,NULL),(140,7,'Presupuesto',NULL,'contexto',NULL,'texto',NULL,NULL),(141,7,'Factores exógenos',NULL,'contexto',NULL,'texto',NULL,NULL),(142,7,'Factores endógenos',NULL,'contexto',NULL,'texto',NULL,NULL),(143,7,'Recursos humanos',NULL,'contexto',NULL,'texto',NULL,NULL),(144,5,'nueva 1','','diseño',NULL,'texto',NULL,NULL),(145,5,'nueva 2','','diseño',NULL,'texto',NULL,NULL),(146,5,'nueva 3','','diseño',NULL,'texto',NULL,NULL),(147,5,'nueva 4','','diseño',NULL,'texto',NULL,NULL),(148,5,'nueva 5','','diseño',NULL,'texto',NULL,NULL),(149,5,'nueva 6','','diseño',NULL,'texto',NULL,NULL),(150,5,'nueva 1','','gestión',NULL,'texto',NULL,NULL),(151,5,'nueva 2','','gestión',NULL,'texto',NULL,NULL),(152,5,'nueva 3','','gestión',NULL,'texto',NULL,NULL),(153,5,'nueva 1','','contexto',NULL,'texto',NULL,NULL),(154,5,'nueva2','','contexto',NULL,'texto',NULL,NULL),(155,8,'Contenido',NULL,'diseño',NULL,'texto',NULL,NULL),(156,8,'Idea',NULL,'diseño',NULL,'texto',NULL,NULL),(157,8,'Recursos',NULL,'diseño',NULL,'texto',NULL,NULL),(158,8,'Estrategia pedagógica',NULL,'diseño',NULL,'texto',NULL,NULL),(159,8,'Creación',NULL,'diseño',NULL,'texto',NULL,NULL),(160,8,'Etapas',NULL,'diseño',NULL,'texto',NULL,NULL),(161,8,'Actividades',NULL,'diseño',NULL,'texto',NULL,NULL),(162,8,'Niveles de integración',NULL,'diseño',NULL,'texto',NULL,NULL),(163,8,'Módulo Social',NULL,'diseño',NULL,'texto',NULL,NULL),(164,8,'Diagrama de gantt',NULL,'gestión',NULL,'texto',NULL,NULL),(165,8,'Calendario',NULL,'gestión',NULL,'texto',NULL,NULL),(166,8,'Prueba piloto',NULL,'gestión',NULL,'texto',NULL,NULL),(167,8,'Seguimiento',NULL,'gestión',NULL,'texto',NULL,NULL),(168,8,'Rendicion',NULL,'gestión',NULL,'texto',NULL,NULL),(169,8,'Institucional',NULL,'contexto',NULL,'texto',NULL,NULL),(170,8,'Personal',NULL,'contexto',NULL,'texto',NULL,NULL),(171,8,'Presupuesto',NULL,'contexto',NULL,'texto',NULL,NULL),(172,8,'Factores exógenos',NULL,'contexto',NULL,'texto',NULL,NULL),(173,8,'Factores endógenos',NULL,'contexto',NULL,'texto',NULL,NULL),(174,8,'Recursos humanos',NULL,'contexto',NULL,'texto',NULL,NULL),(175,9,'Contenidito','aqui va lo central','diseño',NULL,'texto',NULL,NULL),(176,9,'Idea',NULL,'diseño',NULL,'texto',NULL,NULL),(177,9,'Recursos',NULL,'diseño',NULL,'texto',NULL,NULL),(178,9,'Estrategia pedagógica',NULL,'diseño',NULL,'texto',NULL,NULL),(179,9,'Creación',NULL,'diseño',NULL,'texto',NULL,NULL),(180,9,'Etapas',NULL,'diseño',NULL,'texto',NULL,NULL),(181,9,'Actividades',NULL,'diseño',NULL,'texto',NULL,NULL),(182,9,'Niveles de integración',NULL,'diseño',NULL,'texto',NULL,NULL),(183,9,'Módulo Social',NULL,'diseño',NULL,'texto',NULL,NULL),(184,9,'Diagrama de gantt',NULL,'gestión',NULL,'texto',NULL,NULL),(185,9,'Calendario',NULL,'gestión',NULL,'texto',NULL,NULL),(186,9,'Prueba piloto',NULL,'gestión',NULL,'texto',NULL,NULL),(187,9,'Seguimiento',NULL,'gestión',NULL,'texto',NULL,NULL),(188,9,'Rendicion',NULL,'gestión',NULL,'texto',NULL,NULL),(189,9,'Institucional',NULL,'contexto',NULL,'texto',NULL,NULL),(190,9,'Personal',NULL,'contexto',NULL,'texto',NULL,NULL),(191,9,'Presupuesto',NULL,'contexto',NULL,'texto',NULL,NULL),(192,9,'Factores exógenos',NULL,'contexto',NULL,'texto',NULL,NULL),(193,9,'Factores endógenos',NULL,'contexto',NULL,'texto',NULL,NULL),(194,9,'Recursos humanos',NULL,'contexto',NULL,'texto',NULL,NULL),(195,10,'Eje del proyecto','Idea central del proyecto','diseño',NULL,'texto',NULL,NULL),(196,10,'Idea',NULL,'diseño',NULL,'texto',NULL,NULL),(197,10,'Recursos',NULL,'diseño',NULL,'texto',NULL,NULL),(198,10,'Estrategia pedagógica',NULL,'diseño',NULL,'texto',NULL,NULL),(199,10,'Creación',NULL,'diseño',NULL,'texto',NULL,NULL),(200,10,'Etapas',NULL,'diseño',NULL,'texto',NULL,NULL),(201,10,'Actividades',NULL,'diseño',NULL,'texto',NULL,NULL),(202,10,'Niveles de integración',NULL,'diseño',NULL,'texto',NULL,NULL),(203,10,'Módulo Social',NULL,'diseño',NULL,'texto',NULL,NULL),(204,10,'Diagrama de gantt',NULL,'gestión',NULL,'texto',NULL,NULL),(205,10,'Calendario',NULL,'gestión',NULL,'texto',NULL,NULL),(206,10,'Prueba piloto',NULL,'gestión',NULL,'texto',NULL,NULL),(207,10,'Seguimiento',NULL,'gestión',NULL,'texto',NULL,NULL),(208,10,'Rendicion',NULL,'gestión',NULL,'texto',NULL,NULL),(209,10,'Institucional',NULL,'contexto',NULL,'texto',15,'2014-09-08 15:29:02'),(210,10,'Personal',NULL,'contexto',NULL,'texto',NULL,NULL),(211,10,'Presupuesto',NULL,'contexto',NULL,'texto',NULL,NULL),(212,10,'Factores exógenos',NULL,'contexto',NULL,'texto',NULL,NULL),(213,10,'Factores endógenos',NULL,'contexto',NULL,'texto',NULL,NULL),(214,10,'Recursos humanos',NULL,'contexto',NULL,'texto',NULL,NULL),(215,10,'contenidito','','diseño',NULL,'texto',NULL,NULL),(216,11,'Contenido',NULL,'diseño',NULL,'texto',NULL,NULL),(217,11,'Idea',NULL,'diseño',NULL,'texto',NULL,NULL),(218,11,'Recursos',NULL,'diseño',NULL,'texto',NULL,NULL),(219,11,'Estrategia pedagógica',NULL,'diseño',NULL,'texto',NULL,NULL),(220,11,'Creación',NULL,'diseño',NULL,'texto',NULL,NULL),(221,11,'Etapas',NULL,'diseño',NULL,'texto',NULL,NULL),(222,11,'Actividades',NULL,'diseño',NULL,'texto',NULL,NULL),(223,11,'Niveles de integración',NULL,'diseño',NULL,'texto',NULL,NULL),(224,11,'Módulo Social',NULL,'diseño',NULL,'texto',NULL,NULL),(225,11,'Diagrama de gantt',NULL,'gestión',NULL,'texto',NULL,NULL),(226,11,'Calendario',NULL,'gestión',NULL,'texto',NULL,NULL),(227,11,'Prueba piloto',NULL,'gestión',NULL,'texto',NULL,NULL),(228,11,'Seguimiento',NULL,'gestión',NULL,'texto',NULL,NULL),(229,11,'Rendicion',NULL,'gestión',NULL,'texto',NULL,NULL),(230,11,'Institucional',NULL,'contexto',NULL,'texto',NULL,NULL),(231,11,'Personal',NULL,'contexto',NULL,'texto',NULL,NULL),(232,11,'Presupuesto',NULL,'contexto',NULL,'texto',NULL,NULL),(233,11,'Factores exógenos',NULL,'contexto',NULL,'texto',NULL,NULL),(234,11,'Factores endógenos',NULL,'contexto',NULL,'texto',NULL,NULL),(235,11,'Recursos humanos',NULL,'contexto',NULL,'texto',NULL,NULL),(236,12,'Contenido',NULL,'diseño',NULL,'texto',NULL,NULL),(237,12,'Idea',NULL,'diseño',NULL,'texto',NULL,NULL),(238,12,'Recursos',NULL,'diseño',NULL,'texto',NULL,NULL),(239,12,'Estrategia pedagógica',NULL,'diseño',NULL,'texto',NULL,NULL),(240,12,'Creación',NULL,'diseño',NULL,'texto',NULL,NULL),(241,12,'Etapas',NULL,'diseño',NULL,'texto',NULL,NULL),(242,12,'Actividades',NULL,'diseño',NULL,'texto',NULL,NULL),(243,12,'Niveles de integración',NULL,'diseño',NULL,'texto',NULL,NULL),(244,12,'Módulo Social',NULL,'diseño',NULL,'texto',NULL,NULL),(245,12,'Diagrama de gantt',NULL,'gestión',NULL,'texto',NULL,NULL),(246,12,'Calendario',NULL,'gestión',NULL,'texto',NULL,NULL),(247,12,'Prueba piloto',NULL,'gestión',NULL,'texto',NULL,NULL),(248,12,'Seguimiento',NULL,'gestión',NULL,'texto',NULL,NULL),(249,12,'Rendicion',NULL,'gestión',NULL,'texto',NULL,NULL),(250,12,'Institucional',NULL,'contexto',NULL,'texto',NULL,NULL),(251,12,'Personal',NULL,'contexto',NULL,'texto',NULL,NULL),(252,12,'Presupuesto',NULL,'contexto',NULL,'texto',NULL,NULL),(253,12,'Factores exógenos',NULL,'contexto',NULL,'texto',NULL,NULL),(254,12,'Factores endógenos',NULL,'contexto',NULL,'texto',NULL,NULL),(255,12,'Recursos humanos',NULL,'contexto',NULL,'texto',NULL,NULL),(256,13,'Contenido',NULL,'diseño',NULL,'texto',NULL,NULL),(257,13,'Idea',NULL,'diseño',NULL,'texto',NULL,NULL),(258,13,'Recursos',NULL,'diseño',NULL,'texto',NULL,NULL),(259,13,'Estrategia pedagógica',NULL,'diseño',NULL,'texto',NULL,NULL),(260,13,'Creación',NULL,'diseño',NULL,'texto',NULL,NULL),(261,13,'Etapas',NULL,'diseño',NULL,'texto',NULL,NULL),(262,13,'Actividades',NULL,'diseño',NULL,'texto',NULL,NULL),(263,13,'Niveles de integración',NULL,'diseño',NULL,'texto',NULL,NULL),(264,13,'Módulo Social',NULL,'diseño',NULL,'texto',NULL,NULL),(265,13,'Diagrama de gantt',NULL,'gestión',NULL,'texto',NULL,NULL),(266,13,'Calendario',NULL,'gestión',NULL,'texto',NULL,NULL),(267,13,'Prueba piloto',NULL,'gestión',NULL,'texto',NULL,NULL),(268,13,'Seguimiento',NULL,'gestión',NULL,'texto',NULL,NULL),(269,13,'Rendicion',NULL,'gestión',NULL,'texto',NULL,NULL),(270,13,'Institucional',NULL,'contexto',NULL,'texto',NULL,NULL),(271,13,'Personal',NULL,'contexto',NULL,'texto',NULL,NULL),(272,13,'Presupuesto',NULL,'contexto',NULL,'texto',NULL,NULL),(273,13,'Factores exógenos',NULL,'contexto',NULL,'texto',NULL,NULL),(274,13,'Factores endógenos',NULL,'contexto',NULL,'texto',NULL,NULL),(275,13,'Recursos humanos',NULL,'contexto',NULL,'texto',NULL,NULL),(276,14,'Contenido',NULL,'diseño',NULL,'texto',NULL,NULL),(277,14,'Idea',NULL,'diseño',NULL,'texto',NULL,NULL),(278,14,'Recursos',NULL,'diseño',NULL,'texto',NULL,NULL),(279,14,'Estrategia pedagógica',NULL,'diseño',NULL,'texto',NULL,NULL),(280,14,'Creación',NULL,'diseño',NULL,'texto',NULL,NULL),(281,14,'Etapas',NULL,'diseño',NULL,'texto',NULL,NULL),(282,14,'Actividades',NULL,'diseño',NULL,'texto',NULL,NULL),(283,14,'Niveles de integración',NULL,'diseño',NULL,'texto',NULL,NULL),(284,14,'Módulo Social',NULL,'diseño',NULL,'texto',NULL,NULL),(285,14,'Diagrama de gantt',NULL,'gestión',NULL,'texto',NULL,NULL),(286,14,'Calendario',NULL,'gestión',NULL,'texto',NULL,NULL),(287,14,'Prueba piloto',NULL,'gestión',NULL,'texto',NULL,NULL),(288,14,'Seguimiento',NULL,'gestión',NULL,'texto',NULL,NULL),(289,14,'Rendicion',NULL,'gestión',NULL,'texto',NULL,NULL),(290,14,'Institucional',NULL,'contexto',NULL,'texto',NULL,NULL),(291,14,'Personal',NULL,'contexto',NULL,'texto',NULL,NULL),(292,14,'Presupuesto',NULL,'contexto',NULL,'texto',NULL,NULL),(293,14,'Factores exógenos',NULL,'contexto',NULL,'texto',NULL,NULL),(294,14,'Factores endógenos',NULL,'contexto',NULL,'texto',NULL,NULL),(295,14,'Recursos humanos',NULL,'contexto',NULL,'texto',NULL,NULL),(296,15,'Contenido','Temas relacionados con el proyecto','diseño',NULL,'texto',NULL,NULL),(297,15,'Idea',NULL,'diseño',NULL,'texto',NULL,NULL),(298,15,'Recursos',NULL,'diseño',NULL,'texto',NULL,NULL),(299,15,'Estrategia pedagógica',NULL,'diseño',NULL,'texto',NULL,NULL),(300,15,'Creación',NULL,'diseño',NULL,'texto',NULL,NULL),(301,15,'Etapas',NULL,'diseño',NULL,'texto',NULL,NULL),(302,15,'Actividades',NULL,'diseño',NULL,'texto',NULL,NULL),(303,15,'Niveles de integración',NULL,'diseño',NULL,'texto',NULL,NULL),(304,15,'Módulo Social',NULL,'diseño',NULL,'texto',NULL,NULL),(305,15,'Diagrama de Gantt','','gestión',NULL,'texto',NULL,NULL),(306,15,'Calendario',NULL,'gestión',NULL,'texto',NULL,NULL),(307,15,'Prueba piloto',NULL,'gestión',NULL,'texto',NULL,NULL),(308,15,'Seguimiento',NULL,'gestión',NULL,'texto',NULL,NULL),(309,15,'Rendicion',NULL,'gestión',NULL,'texto',NULL,NULL),(310,15,'Institucional',NULL,'contexto',NULL,'texto',NULL,NULL),(312,15,'Presupuesto',NULL,'contexto',NULL,'texto',NULL,NULL),(313,15,'Factores exógenos',NULL,'contexto',NULL,'texto',NULL,NULL),(314,15,'Factores endógenos',NULL,'contexto',NULL,'texto',NULL,NULL),(315,15,'Recursos humanos',NULL,'contexto',NULL,'texto',NULL,NULL),(316,15,'Agregado','solo de prueba','diseño',NULL,'texto',NULL,NULL),(317,16,'Contenido','','diseño','<p><img alt=\"\" src=\"http://assets.citep.fastbox.co//uploads/from_editor/596376_987706802.jpg\" style=\"height:199px; width:300px\" /></p>\n\n<p>El proyecto gira en torno al problema del abastecimiento de agua las grandes ciudades.</p>\n\n<p><iframe allowfullscreen=\"\" frameborder=\"0\" height=\"360\" src=\"//www.youtube.com/embed/jmoj9ELzouA\" width=\"640\"></iframe><br />\n&nbsp;</p>\n\n<p>Escribir comentario</p>\n\n<p>aceptar cambios</p>\n\n<p>no hagan nada esperen un cacho</p>\n\n<p>agrego otra cosa</p>\n\n<p>Hola Fer estoy probando.</p>\n\n<p>hola vero</p>\n\n<p>&nbsp;</p>\n\n<p>&nbsp;</p>\n','texto',NULL,NULL),(318,16,'Idea',NULL,'diseño',NULL,'texto',NULL,NULL),(319,16,'Recursos',NULL,'diseño','<p>Recursos humanos:</p>\n\n<p>&nbsp;</p>\n\n<p>Herramientas:</p>\n\n<p>&nbsp;</p>\n\n<p>Bibliograf&iacute;a:</p>\n\n<p>&nbsp;</p>\n\n<p>&nbsp;</p>\n\n<p>&nbsp;</p>\n','texto',NULL,NULL),(320,16,'Estrategia pedagógica',NULL,'diseño','<p>SE trata de trabajar con un problema que los alumnos deber&aacute;n resolver a partir de una investigaci&oacute;n preliminar.<br />\n&nbsp;</p>\n','texto',NULL,NULL),(321,16,'Creación',NULL,'diseño',NULL,'texto',NULL,NULL),(322,16,'Etapas',NULL,'diseño',NULL,'texto',NULL,NULL),(323,16,'Actividades',NULL,'diseño',NULL,'texto',NULL,NULL),(324,16,'Niveles de integración',NULL,'diseño',NULL,'texto',NULL,NULL),(325,16,'Análisis del Currículum','Reflexionar sobre el currículum y el lugar que mi proyecto ocupa en el desarrollo de la asignatura ','diseño','','texto',NULL,NULL),(326,16,'Diagrama de gantt',NULL,'gestión','<p>Gantt</p>\n','texto',NULL,NULL),(327,16,'Calendario',NULL,'gestión',NULL,'texto',NULL,NULL),(328,16,'Prueba piloto',NULL,'gestión',NULL,'texto',NULL,NULL),(329,16,'Seguimiento',NULL,'gestión',NULL,'texto',NULL,NULL),(330,16,'Rendicion',NULL,'gestión',NULL,'texto',NULL,NULL),(331,16,'Institucional','Institi','contexto',NULL,'texto',NULL,NULL),(333,16,'Presupuesto','','contexto',NULL,'texto',NULL,NULL),(334,16,'Factores exógenos',NULL,'contexto',NULL,'texto',NULL,NULL),(335,16,'Factores endógenos',NULL,'contexto',NULL,'texto',NULL,NULL),(336,16,'Recursos humanos',NULL,'contexto',NULL,'texto',NULL,NULL),(337,16,'Personal','','contexto',NULL,'texto',NULL,NULL),(338,17,'Contenido',NULL,'diseño',NULL,'texto',NULL,NULL),(339,17,'Idea',NULL,'diseño',NULL,'texto',NULL,NULL),(340,17,'Recursos',NULL,'diseño',NULL,'texto',NULL,NULL),(341,17,'Estrategia pedagógica',NULL,'diseño',NULL,'texto',NULL,NULL),(342,17,'Creación',NULL,'diseño',NULL,'texto',NULL,NULL),(343,17,'Etapas',NULL,'diseño',NULL,'texto',NULL,NULL),(344,17,'Actividades',NULL,'diseño',NULL,'texto',NULL,NULL),(345,17,'Niveles de integración',NULL,'diseño',NULL,'texto',NULL,NULL),(346,17,'Módulo Social',NULL,'diseño',NULL,'texto',NULL,NULL),(347,17,'Diagrama de gantt',NULL,'gestión',NULL,'texto',NULL,NULL),(348,17,'Calendario',NULL,'gestión',NULL,'texto',NULL,NULL),(349,17,'Prueba piloto',NULL,'gestión',NULL,'texto',NULL,NULL),(350,17,'Seguimiento',NULL,'gestión',NULL,'texto',NULL,NULL),(351,17,'Rendicion',NULL,'gestión',NULL,'texto',NULL,NULL),(352,17,'Institucional',NULL,'contexto',NULL,'texto',NULL,NULL),(353,17,'Personal',NULL,'contexto',NULL,'texto',NULL,NULL),(354,17,'Presupuesto',NULL,'contexto',NULL,'texto',NULL,NULL),(355,17,'Factores exógenos',NULL,'contexto',NULL,'texto',NULL,NULL),(356,17,'Factores endógenos',NULL,'contexto',NULL,'texto',NULL,NULL),(357,17,'Recursos humanos',NULL,'contexto',NULL,'texto',NULL,NULL),(358,18,'Contenido',NULL,'diseño',NULL,'texto',NULL,NULL),(359,18,'Idea',NULL,'diseño',NULL,'texto',NULL,NULL),(360,18,'Recursos',NULL,'diseño',NULL,'texto',NULL,NULL),(361,18,'Estrategia pedagógica',NULL,'diseño',NULL,'texto',NULL,NULL),(362,18,'Creación',NULL,'diseño',NULL,'texto',NULL,NULL),(363,18,'Etapas',NULL,'diseño',NULL,'texto',NULL,NULL),(364,18,'Actividades',NULL,'diseño',NULL,'texto',NULL,NULL),(365,18,'Niveles de integración',NULL,'diseño',NULL,'texto',NULL,NULL),(366,18,'Módulo Social',NULL,'diseño',NULL,'texto',NULL,NULL),(367,18,'Diagrama de gantt',NULL,'gestión',NULL,'texto',NULL,NULL),(368,18,'Calendario',NULL,'gestión',NULL,'texto',NULL,NULL),(369,18,'Prueba piloto',NULL,'gestión',NULL,'texto',NULL,NULL),(370,18,'Seguimiento',NULL,'gestión',NULL,'texto',NULL,NULL),(371,18,'Rendicion',NULL,'gestión',NULL,'texto',NULL,NULL),(372,18,'Institucional',NULL,'contexto',NULL,'texto',NULL,NULL),(373,18,'Personal',NULL,'contexto',NULL,'texto',NULL,NULL),(374,18,'Presupuesto',NULL,'contexto',NULL,'texto',NULL,NULL),(375,18,'Factores exógenos',NULL,'contexto',NULL,'texto',NULL,NULL),(376,18,'Factores endógenos',NULL,'contexto',NULL,'texto',NULL,NULL),(377,18,'Recursos humanos',NULL,'contexto',NULL,'texto',NULL,NULL),(378,19,'Contenido',NULL,'diseño',NULL,'texto',NULL,NULL),(379,19,'Idea',NULL,'diseño',NULL,'texto',NULL,NULL),(380,19,'Recursos',NULL,'diseño',NULL,'texto',NULL,NULL),(381,19,'Estrategia pedagógica',NULL,'diseño',NULL,'texto',NULL,NULL),(382,19,'Creación',NULL,'diseño',NULL,'texto',NULL,NULL),(383,19,'Etapas',NULL,'diseño',NULL,'texto',NULL,NULL),(384,19,'Actividades',NULL,'diseño',NULL,'texto',NULL,NULL),(385,19,'Niveles de integración',NULL,'diseño',NULL,'texto',NULL,NULL),(386,19,'Módulo Social',NULL,'diseño',NULL,'texto',NULL,NULL),(387,19,'Diagrama de gantt',NULL,'gestión',NULL,'texto',NULL,NULL),(388,19,'Calendario',NULL,'gestión',NULL,'texto',NULL,NULL),(389,19,'Prueba piloto',NULL,'gestión',NULL,'texto',NULL,NULL),(390,19,'Seguimiento',NULL,'gestión',NULL,'texto',NULL,NULL),(391,19,'Rendicion',NULL,'gestión',NULL,'texto',NULL,NULL),(392,19,'Institucional',NULL,'contexto',NULL,'texto',NULL,NULL),(393,19,'Personal',NULL,'contexto',NULL,'texto',NULL,NULL),(394,19,'Presupuesto',NULL,'contexto',NULL,'texto',NULL,NULL),(395,19,'Factores exógenos',NULL,'contexto',NULL,'texto',NULL,NULL),(396,19,'Factores endógenos',NULL,'contexto',NULL,'texto',NULL,NULL),(397,19,'Recursos humanos',NULL,'contexto',NULL,'texto',NULL,NULL),(398,20,'Contenido',NULL,'diseño',NULL,'texto',NULL,NULL),(399,20,'Idea',NULL,'diseño',NULL,'texto',NULL,NULL),(400,20,'Recursos',NULL,'diseño',NULL,'texto',NULL,NULL),(401,20,'Estrategia pedagógica',NULL,'diseño',NULL,'texto',NULL,NULL),(402,20,'Creación',NULL,'diseño',NULL,'texto',NULL,NULL),(403,20,'Etapas',NULL,'diseño',NULL,'texto',NULL,NULL),(404,20,'Actividades',NULL,'diseño',NULL,'texto',NULL,NULL),(405,20,'Niveles de integración',NULL,'diseño',NULL,'texto',NULL,NULL),(406,20,'Módulo Social',NULL,'diseño',NULL,'texto',NULL,NULL),(407,20,'Diagrama de gantt',NULL,'gestión',NULL,'texto',NULL,NULL),(408,20,'Calendario',NULL,'gestión',NULL,'texto',NULL,NULL),(409,20,'Prueba piloto',NULL,'gestión',NULL,'texto',NULL,NULL),(410,20,'Seguimiento',NULL,'gestión',NULL,'texto',NULL,NULL),(411,20,'Rendicion',NULL,'gestión',NULL,'texto',NULL,NULL),(412,20,'Institucional',NULL,'contexto',NULL,'texto',NULL,NULL),(413,20,'Personal',NULL,'contexto',NULL,'texto',NULL,NULL),(414,20,'Presupuesto',NULL,'contexto',NULL,'texto',NULL,NULL),(415,20,'Factores exógenos',NULL,'contexto',NULL,'texto',NULL,NULL),(416,20,'Factores endógenos',NULL,'contexto',NULL,'texto',NULL,NULL),(417,20,'Recursos humanos',NULL,'contexto',NULL,'texto',NULL,NULL),(418,21,'Contenido',NULL,'diseño',NULL,'texto',NULL,NULL),(419,21,'Idea',NULL,'diseño',NULL,'texto',NULL,NULL),(420,21,'Recursos',NULL,'diseño',NULL,'texto',NULL,NULL),(421,21,'Estrategia pedagógica',NULL,'diseño',NULL,'texto',NULL,NULL),(422,21,'Creación',NULL,'diseño',NULL,'texto',NULL,NULL),(423,21,'Etapas',NULL,'diseño',NULL,'texto',NULL,NULL),(424,21,'Actividades',NULL,'diseño',NULL,'texto',NULL,NULL),(425,21,'Niveles de integración',NULL,'diseño',NULL,'texto',NULL,NULL),(426,21,'Módulo Social',NULL,'diseño',NULL,'texto',NULL,NULL),(427,21,'Diagrama de gantt',NULL,'gestión',NULL,'texto',NULL,NULL),(428,21,'Calendario',NULL,'gestión',NULL,'texto',NULL,NULL),(429,21,'Prueba piloto',NULL,'gestión',NULL,'texto',NULL,NULL),(430,21,'Seguimiento',NULL,'gestión',NULL,'texto',NULL,NULL),(431,21,'Rendicion',NULL,'gestión',NULL,'texto',NULL,NULL),(432,21,'Institucional',NULL,'contexto',NULL,'texto',NULL,NULL),(433,21,'Personal',NULL,'contexto',NULL,'texto',NULL,NULL),(434,21,'Presupuesto',NULL,'contexto',NULL,'texto',NULL,NULL),(435,21,'Factores exógenos',NULL,'contexto',NULL,'texto',NULL,NULL),(436,21,'Factores endógenos',NULL,'contexto',NULL,'texto',NULL,NULL),(437,21,'Recursos humanos',NULL,'contexto',NULL,'texto',NULL,NULL),(438,22,'Contenido',NULL,'diseño',NULL,'texto',NULL,NULL),(439,22,'Idea',NULL,'diseño',NULL,'texto',NULL,NULL),(440,22,'Recursos',NULL,'diseño',NULL,'texto',NULL,NULL),(441,22,'Estrategia pedagógica',NULL,'diseño',NULL,'texto',NULL,NULL),(442,22,'Creación',NULL,'diseño',NULL,'texto',NULL,NULL),(443,22,'Etapas',NULL,'diseño',NULL,'texto',NULL,NULL),(444,22,'Actividades',NULL,'diseño',NULL,'texto',NULL,NULL),(445,22,'Niveles de integración',NULL,'diseño',NULL,'texto',NULL,NULL),(446,22,'Módulo Social',NULL,'diseño',NULL,'texto',NULL,NULL),(447,22,'Diagrama de gantt',NULL,'gestión',NULL,'texto',NULL,NULL),(448,22,'Calendario',NULL,'gestión',NULL,'texto',NULL,NULL),(449,22,'Prueba piloto',NULL,'gestión',NULL,'texto',NULL,NULL),(450,22,'Seguimiento',NULL,'gestión',NULL,'texto',NULL,NULL),(451,22,'Rendicion',NULL,'gestión',NULL,'texto',NULL,NULL),(452,22,'Institucional',NULL,'contexto',NULL,'texto',NULL,NULL),(453,22,'Personal',NULL,'contexto',NULL,'texto',NULL,NULL),(454,22,'Presupuesto',NULL,'contexto',NULL,'texto',NULL,NULL),(455,22,'Factores exógenos',NULL,'contexto',NULL,'texto',NULL,NULL),(456,22,'Factores endógenos',NULL,'contexto',NULL,'texto',NULL,NULL),(457,22,'Recursos humanos',NULL,'contexto',NULL,'texto',NULL,NULL),(458,23,'Contenido','descr','diseño',NULL,'texto',NULL,NULL),(459,23,'Idea','Placeholder de la descripción de diseño Idea','diseño',NULL,'texto',NULL,NULL),(460,23,'Recursos','Placeholder de la descripción de diseño Recursos','diseño',NULL,'texto',NULL,NULL),(461,23,'Estrategia pedagógica','Placeholder de la descripción de diseño Estrategia pedagógica','diseño',NULL,'texto',NULL,NULL),(462,23,'Creación','Placeholder de la descripción de diseño Creación','diseño',NULL,'texto',NULL,NULL),(463,23,'Etapas','Placeholder de la descripción de diseño Etapas','diseño',NULL,'texto',NULL,NULL),(464,23,'Actividades','Placeholder de la descripción de diseño Actividades','diseño',NULL,'texto',NULL,NULL),(465,23,'Niveles de integración','Placeholder de la descripción de diseño Niveles de integración','diseño',NULL,'texto',NULL,NULL),(466,23,'Módulo Social','Placeholder de la descripción de diseño Módulo Social','diseño',NULL,'texto',NULL,NULL),(467,23,'Institucional','Placeholder de la descripción de contexto Institucional','contexto',NULL,'texto',NULL,NULL),(468,23,'Personal','Placeholder de la descripción de contexto Personal','contexto',NULL,'texto',NULL,NULL),(469,23,'Presupuesto','Placeholder de la descripción de contexto Presupuesto','contexto',NULL,'texto',NULL,NULL),(470,23,'Factores exógenos','Placeholder de la descripción de contexto Factores exógenos','contexto',NULL,'texto',NULL,NULL),(471,23,'Factores endógenos','Placeholder de la descripción de contexto Factores endógenos','contexto',NULL,'texto',NULL,NULL),(472,23,'Recursos humanos','Placeholder de la descripción de contexto Recursos humanos','contexto',NULL,'texto',NULL,NULL),(473,23,'Diagrama de gantt','Placeholder de la descripción de gestión Diagrama de gantt','gestión',NULL,'gantt',NULL,NULL),(474,23,'Calendario','Placeholder de la descripción de gestión Calendario','gestión',NULL,'calendario',NULL,NULL),(475,23,'Prueba piloto','Placeholder de la descripción de gestión Prueba piloto','gestión',NULL,'texto',NULL,NULL),(476,23,'Seguimiento','Placeholder de la descripción de gestión Seguimiento','gestión',NULL,'texto',NULL,NULL),(477,23,'Rendicion','Placeholder de la descripción de gestión Rendicion','gestión',NULL,'texto',NULL,NULL),(489,24,'Contenido','Placeholder de la descripción de diseño Contenido','diseño',NULL,'texto',NULL,NULL),(490,24,'Idea','Placeholder de la descripción de diseño Idea','diseño',NULL,'texto',NULL,NULL),(491,24,'Recursos','Placeholder de la descripción de diseño Recursos','diseño',NULL,'texto',NULL,NULL),(492,24,'Estrategia pedagógica','Placeholder de la descripción de diseño Estrategia pedagógica','diseño',NULL,'texto',NULL,NULL),(493,24,'Creación','Placeholder de la descripción de diseño Creación','diseño',NULL,'texto',NULL,NULL),(494,24,'Etapas','Placeholder de la descripción de diseño Etapas','diseño',NULL,'texto',NULL,NULL),(495,24,'Actividades','Placeholder de la descripción de diseño Actividades','diseño',NULL,'texto',NULL,NULL),(496,24,'Niveles de integración','Placeholder de la descripción de diseño Niveles de integración','diseño',NULL,'texto',NULL,NULL),(497,24,'Módulo Social','Placeholder de la descripción de diseño Módulo Social','diseño',NULL,'texto',NULL,NULL),(498,24,'Institucional','Placeholder de la descripción de contexto Institucional','contexto',NULL,'texto',NULL,NULL),(499,24,'Personal','Placeholder de la descripción de contexto Personal','contexto',NULL,'texto',NULL,NULL),(500,24,'Presupuesto','Placeholder de la descripción de contexto Presupuesto','contexto',NULL,'texto',NULL,NULL),(501,24,'Factores exógenos','Placeholder de la descripción de contexto Factores exógenos','contexto',NULL,'texto',NULL,NULL),(502,24,'Factores endógenos','Placeholder de la descripción de contexto Factores endógenos','contexto',NULL,'texto',NULL,NULL),(503,24,'Recursos humanos','Placeholder de la descripción de contexto Recursos humanos','contexto',NULL,'texto',NULL,NULL),(504,24,'Diagrama de gantt','Placeholder de la descripción de gestión Diagrama de gantt','gestión',NULL,'gantt',NULL,NULL),(505,24,'Calendario','Placeholder de la descripción de gestión Calendario','gestión',NULL,'calendario',NULL,NULL),(506,24,'Prueba piloto','Placeholder de la descripción de gestión Prueba piloto','gestión',NULL,'texto',NULL,NULL),(507,24,'Seguimiento','Placeholder de la descripción de gestión Seguimiento','gestión',NULL,'texto',NULL,NULL),(508,24,'Rendicion','Placeholder de la descripción de gestión Rendicion','gestión',NULL,'texto',NULL,NULL),(520,25,'Contenido','Sección para bla bla','diseño',NULL,'texto',NULL,NULL),(521,25,'Idea','Placeholder de la descripción de diseño Idea','diseño',NULL,'texto',NULL,NULL),(522,25,'Recursos','Placeholder de la descripción de diseño Recursos','diseño',NULL,'texto',NULL,NULL),(523,25,'Estrategia pedagógica','Placeholder de la descripción de diseño Estrategia pedagógica','diseño',NULL,'texto',NULL,NULL),(524,25,'Creación','Placeholder de la descripción de diseño Creación','diseño',NULL,'texto',NULL,NULL),(525,25,'Etapas','Placeholder de la descripción de diseño Etapas','diseño',NULL,'texto',NULL,NULL),(526,25,'Actividades','Placeholder de la descripción de diseño Actividades','diseño',NULL,'texto',NULL,NULL),(527,25,'Niveles de integración','Placeholder de la descripción de diseño Niveles de integración','diseño',NULL,'texto',NULL,NULL),(528,25,'Módulo Social','Placeholder de la descripción de diseño Módulo Social','diseño',NULL,'texto',NULL,NULL),(529,25,'Institucional','Placeholder de la descripción de contexto Institucional','contexto',NULL,'texto',NULL,NULL),(530,25,'Personal','Placeholder de la descripción de contexto Personal','contexto',NULL,'texto',NULL,NULL),(531,25,'Presupuesto','Placeholder de la descripción de contexto Presupuesto','contexto',NULL,'texto',NULL,NULL),(532,25,'Factores exógenos','Placeholder de la descripción de contexto Factores exógenos','contexto',NULL,'texto',NULL,NULL),(533,25,'Factores endógenos','Placeholder de la descripción de contexto Factores endógenos','contexto',NULL,'texto',NULL,NULL),(534,25,'Recursos humanos','Placeholder de la descripción de contexto Recursos humanos','contexto',NULL,'texto',NULL,NULL),(535,25,'Diagrama de gantt','Placeholder de la descripción de gestión Diagrama de gantt','gestión',NULL,'gantt',NULL,NULL),(536,25,'Calendario','Placeholder de la descripción de gestión Calendario','gestión',NULL,'calendario',NULL,NULL),(537,25,'Prueba piloto','Placeholder de la descripción de gestión Prueba piloto','gestión',NULL,'texto',NULL,NULL),(538,25,'Seguimiento','Placeholder de la descripción de gestión Seguimiento','gestión',NULL,'texto',NULL,NULL),(539,25,'Rendicion','Placeholder de la descripción de gestión Rendicion','gestión',NULL,'texto',NULL,NULL),(551,26,'Contenido','Placeholder de la descripción de diseño Contenido','diseño',NULL,'texto',NULL,NULL),(552,26,'Idea','Placeholder de la descripción de diseño Idea','diseño',NULL,'texto',NULL,NULL),(553,26,'Recursos','Placeholder de la descripción de diseño Recursos','diseño',NULL,'texto',NULL,NULL),(554,26,'Estrategia pedagógica','Placeholder de la descripción de diseño Estrategia pedagógica','diseño',NULL,'texto',NULL,NULL),(555,26,'Creación','Placeholder de la descripción de diseño Creación','diseño',NULL,'texto',NULL,NULL),(556,26,'Etapas','Placeholder de la descripción de diseño Etapas','diseño',NULL,'texto',NULL,NULL),(557,26,'Actividades','Placeholder de la descripción de diseño Actividades','diseño',NULL,'texto',NULL,NULL),(558,26,'Niveles de integración','Placeholder de la descripción de diseño Niveles de integración','diseño',NULL,'texto',NULL,NULL),(559,26,'Módulo Social','Placeholder de la descripción de diseño Módulo Social','diseño',NULL,'texto',NULL,NULL),(560,26,'Institucional','Placeholder de la descripción de contexto Institucional','contexto',NULL,'texto',NULL,NULL),(561,26,'Personal','Placeholder de la descripción de contexto Personal','contexto',NULL,'texto',NULL,NULL),(562,26,'Presupuesto','Placeholder de la descripción de contexto Presupuesto','contexto',NULL,'texto',NULL,NULL),(563,26,'Factores exógenos','Placeholder de la descripción de contexto Factores exógenos','contexto',NULL,'texto',NULL,NULL),(564,26,'Factores endógenos','Placeholder de la descripción de contexto Factores endógenos','contexto',NULL,'texto',NULL,NULL),(565,26,'Recursos humanos','Placeholder de la descripción de contexto Recursos humanos','contexto',NULL,'texto',NULL,NULL),(566,26,'Diagrama de gantt','Placeholder de la descripción de gestión Diagrama de gantt','gestión',NULL,'gantt',NULL,NULL),(567,26,'Calendario','Placeholder de la descripción de gestión Calendario','gestión',NULL,'calendario',NULL,NULL),(568,26,'Prueba piloto','Placeholder de la descripción de gestión Prueba piloto','gestión',NULL,'texto',NULL,NULL),(569,26,'Seguimiento','Placeholder de la descripción de gestión Seguimiento','gestión',NULL,'texto',NULL,NULL),(570,26,'Rendicion','Placeholder de la descripción de gestión Rendicion','gestión',NULL,'texto',NULL,NULL),(582,25,'nueva 1','','diseño',NULL,'texto',NULL,NULL),(583,25,'nueva 2','','diseño',NULL,'texto',NULL,NULL),(584,25,'nueva 3','','diseño',NULL,'texto',NULL,NULL),(585,25,'nueva 4','','diseño',NULL,'texto',NULL,NULL),(586,25,'nueva 5','','diseño',NULL,'texto',NULL,NULL),(588,25,'nueva 1','','gestión',NULL,'texto',NULL,NULL),(589,25,'nueva 2','','gestión',NULL,'texto',NULL,NULL),(590,25,'nueva 3','','gestión',NULL,'texto',NULL,NULL),(592,25,'nueva 1','','contexto',NULL,'texto',NULL,NULL),(593,25,'nueva 2','','contexto',NULL,'texto',NULL,NULL),(594,25,'nueva 3','','contexto',NULL,'texto',NULL,NULL),(596,27,'Contenido','Placeholder de la descripción de diseño Contenido','diseño',NULL,'texto',NULL,NULL),(597,27,'Idea','Placeholder de la descripción de diseño Idea','diseño',NULL,'texto',NULL,NULL),(598,27,'Recursos','Placeholder de la descripción de diseño Recursos','diseño',NULL,'texto',NULL,NULL),(599,27,'Estrategia pedagógica','Placeholder de la descripción de diseño Estrategia pedagógica','diseño',NULL,'texto',NULL,NULL),(600,27,'Creación','Placeholder de la descripción de diseño Creación','diseño',NULL,'texto',NULL,NULL),(601,27,'Etapas','Placeholder de la descripción de diseño Etapas','diseño',NULL,'texto',NULL,NULL),(602,27,'Actividades','Placeholder de la descripción de diseño Actividades','diseño',NULL,'texto',NULL,NULL),(603,27,'Niveles de integración','Placeholder de la descripción de diseño Niveles de integración','diseño',NULL,'texto',NULL,NULL),(604,27,'Módulo Social','Placeholder de la descripción de diseño Módulo Social','diseño',NULL,'texto',NULL,NULL),(605,27,'Institucional','Placeholder de la descripción de contexto Institucional','contexto',NULL,'texto',NULL,NULL),(606,27,'Personal','Placeholder de la descripción de contexto Personal','contexto',NULL,'texto',NULL,NULL),(607,27,'Presupuesto','Placeholder de la descripción de contexto Presupuesto','contexto',NULL,'texto',NULL,NULL),(608,27,'Factores exógenos','Placeholder de la descripción de contexto Factores exógenos','contexto',NULL,'texto',NULL,NULL),(609,27,'Factores endógenos','Placeholder de la descripción de contexto Factores endógenos','contexto',NULL,'texto',NULL,NULL),(610,27,'Recursos humanos','Placeholder de la descripción de contexto Recursos humanos','contexto',NULL,'texto',NULL,NULL),(611,27,'Diagrama de gantt','Placeholder de la descripción de gestión Diagrama de gantt','gestión',NULL,'gantt',NULL,NULL),(612,27,'Calendario','Placeholder de la descripción de gestión Calendario','gestión',NULL,'calendario',NULL,NULL),(613,27,'Prueba piloto','Placeholder de la descripción de gestión Prueba piloto','gestión',NULL,'texto',NULL,NULL),(614,27,'Seguimiento','Placeholder de la descripción de gestión Seguimiento','gestión',NULL,'texto',NULL,NULL),(615,27,'Rendicion','Placeholder de la descripción de gestión Rendicion','gestión',NULL,'texto',NULL,NULL),(627,28,'Contenido','Placeholder de la descripción de diseño Contenido','diseño',NULL,'texto',NULL,NULL),(628,28,'Idea','Placeholder de la descripción de diseño Idea','diseño',NULL,'texto',NULL,NULL),(629,28,'Recursos','Placeholder de la descripción de diseño Recursos','diseño','<p>hola haciendo pruebas</p>\n','texto',NULL,NULL),(630,28,'Estrategia pedagógica','Placeholder de la descripción de diseño Estrategia pedagógica','diseño',NULL,'texto',NULL,NULL),(631,28,'Creación','Placeholder de la descripción de diseño Creación','diseño',NULL,'texto',NULL,NULL),(632,28,'Etapas','Placeholder de la descripción de diseño Etapas','diseño',NULL,'texto',NULL,NULL),(633,28,'Actividades','Placeholder de la descripción de diseño Actividades','diseño',NULL,'texto',NULL,NULL),(634,28,'Niveles de integración','Placeholder de la descripción de diseño Niveles de integración','diseño',NULL,'texto',NULL,NULL),(635,28,'Módulo Social','Placeholder de la descripción de diseño Módulo Social','diseño',NULL,'texto',NULL,NULL),(636,28,'Institucional','Placeholder de la descripción de contexto Institucional','contexto',NULL,'texto',NULL,NULL),(637,28,'Personal','Placeholder de la descripción de contexto Personal','contexto',NULL,'texto',NULL,NULL),(638,28,'Presupuesto','Placeholder de la descripción de contexto Presupuesto','contexto',NULL,'texto',NULL,NULL),(639,28,'Factores exógenos','Placeholder de la descripción de contexto Factores exógenos','contexto',NULL,'texto',NULL,NULL),(640,28,'Factores endógenos','Placeholder de la descripción de contexto Factores endógenos','contexto',NULL,'texto',NULL,NULL),(641,28,'Recursos humanos','Placeholder de la descripción de contexto Recursos humanos','contexto',NULL,'texto',NULL,NULL),(642,28,'Diagrama de gantt','Placeholder de la descripción de gestión Diagrama de gantt','gestión',NULL,'gantt',NULL,NULL),(643,28,'Calendario','Placeholder de la descripción de gestión Calendario','gestión',NULL,'calendario',NULL,NULL),(644,28,'Prueba piloto','Placeholder de la descripción de gestión Prueba piloto','gestión',NULL,'texto',NULL,NULL),(645,28,'Seguimiento','Placeholder de la descripción de gestión Seguimiento','gestión',NULL,'texto',NULL,NULL),(646,28,'Rendicion','Placeholder de la descripción de gestión Rendicion','gestión',NULL,'texto',NULL,NULL),(658,29,'Contenido','Placeholder de la descripción de diseño Contenido','diseño',NULL,'texto',NULL,NULL),(659,29,'Idea','Placeholder de la descripción de diseño Idea','diseño',NULL,'texto',NULL,NULL),(660,29,'Recursos','Placeholder de la descripción de diseño Recursos','diseño',NULL,'texto',NULL,NULL),(661,29,'Estrategia pedagógica','Placeholder de la descripción de diseño Estrategia pedagógica','diseño',NULL,'texto',NULL,NULL),(662,29,'Creación','Placeholder de la descripción de diseño Creación','diseño',NULL,'texto',NULL,NULL),(663,29,'Etapas','Placeholder de la descripción de diseño Etapas','diseño',NULL,'texto',NULL,NULL),(664,29,'Actividades','Placeholder de la descripción de diseño Actividades','diseño',NULL,'texto',NULL,NULL),(665,29,'Niveles de integración','Placeholder de la descripción de diseño Niveles de integración','diseño',NULL,'texto',NULL,NULL),(666,29,'Módulo Social','Placeholder de la descripción de diseño Módulo Social','diseño',NULL,'texto',NULL,NULL),(667,29,'Institucional','Placeholder de la descripción de contexto Institucional','contexto',NULL,'texto',NULL,NULL),(668,29,'Personal','Placeholder de la descripción de contexto Personal','contexto',NULL,'texto',NULL,NULL),(669,29,'Presupuesto','Placeholder de la descripción de contexto Presupuesto','contexto',NULL,'texto',NULL,NULL),(670,29,'Factores exógenos','Placeholder de la descripción de contexto Factores exógenos','contexto',NULL,'texto',NULL,NULL),(671,29,'Factores endógenos','Placeholder de la descripción de contexto Factores endógenos','contexto',NULL,'texto',NULL,NULL),(672,29,'Recursos humanos','Placeholder de la descripción de contexto Recursos humanos','contexto',NULL,'texto',NULL,NULL),(673,29,'Diagrama de gantt','Placeholder de la descripción de gestión Diagrama de gantt','gestión',NULL,'gantt',NULL,NULL),(674,29,'Calendario','Placeholder de la descripción de gestión Calendario','gestión',NULL,'calendario',NULL,NULL),(675,29,'Prueba piloto','Placeholder de la descripción de gestión Prueba piloto','gestión',NULL,'texto',NULL,NULL),(676,29,'Seguimiento','Placeholder de la descripción de gestión Seguimiento','gestión',NULL,'texto',NULL,NULL),(677,29,'Rendicion','Placeholder de la descripción de gestión Rendicion','gestión',NULL,'texto',NULL,NULL),(689,30,'Contenido','Placeholder de la descripción de diseño Contenido','diseño',NULL,'texto',NULL,NULL),(690,30,'Idea','Placeholder de la descripción de diseño Idea','diseño',NULL,'texto',NULL,NULL),(691,30,'Recursos','Placeholder de la descripción de diseño Recursos','diseño',NULL,'texto',NULL,NULL),(692,30,'Estrategia pedagógica','Placeholder de la descripción de diseño Estrategia pedagógica','diseño',NULL,'texto',NULL,NULL),(693,30,'Creación','Placeholder de la descripción de diseño Creación','diseño',NULL,'texto',NULL,NULL),(694,30,'Etapas','Placeholder de la descripción de diseño Etapas','diseño',NULL,'texto',NULL,NULL),(695,30,'Actividades','Placeholder de la descripción de diseño Actividades','diseño',NULL,'texto',NULL,NULL),(696,30,'Niveles de integración','Placeholder de la descripción de diseño Niveles de integración','diseño',NULL,'texto',NULL,NULL),(697,30,'Módulo Social','Placeholder de la descripción de diseño Módulo Social','diseño',NULL,'texto',NULL,NULL),(698,30,'Institucional','Placeholder de la descripción de contexto Institucional','contexto',NULL,'texto',NULL,NULL),(699,30,'Personal','Placeholder de la descripción de contexto Personal','contexto',NULL,'texto',NULL,NULL),(700,30,'Presupuesto','Placeholder de la descripción de contexto Presupuesto','contexto',NULL,'texto',NULL,NULL),(701,30,'Factores exógenos','Placeholder de la descripción de contexto Factores exógenos','contexto',NULL,'texto',NULL,NULL),(702,30,'Factores endógenos','Placeholder de la descripción de contexto Factores endógenos','contexto',NULL,'texto',NULL,NULL),(703,30,'Recursos humanos','Placeholder de la descripción de contexto Recursos humanos','contexto',NULL,'texto',NULL,NULL),(704,30,'Diagrama de gantt','Placeholder de la descripción de gestión Diagrama de gantt','gestión',NULL,'gantt',NULL,NULL),(705,30,'Calendario','Placeholder de la descripción de gestión Calendario','gestión',NULL,'calendario',NULL,NULL),(706,30,'Prueba piloto','Placeholder de la descripción de gestión Prueba piloto','gestión',NULL,'texto',NULL,NULL),(707,30,'Seguimiento','Placeholder de la descripción de gestión Seguimiento','gestión',NULL,'texto',NULL,NULL),(708,30,'Rendicion','Placeholder de la descripción de gestión Rendicion','gestión',NULL,'texto',NULL,NULL),(720,25,'Nueva 6','','diseño',NULL,'texto',NULL,NULL),(721,25,'Nueva 4','','gestión',NULL,'texto',NULL,NULL),(722,31,'Contenido','Placeholder de la descripción de diseño Contenido','diseño',NULL,'texto',NULL,NULL),(723,31,'Idea','Placeholder de la descripción de diseño Idea','diseño',NULL,'texto',NULL,NULL),(724,31,'Recursos','Placeholder de la descripción de diseño Recursos','diseño',NULL,'texto',NULL,NULL),(725,31,'Estrategia pedagógica','Placeholder de la descripción de diseño Estrategia pedagógica','diseño',NULL,'texto',NULL,NULL),(726,31,'Creación','Placeholder de la descripción de diseño Creación','diseño',NULL,'texto',NULL,NULL),(727,31,'Etapas','Placeholder de la descripción de diseño Etapas','diseño',NULL,'texto',NULL,NULL),(728,31,'Actividades','Placeholder de la descripción de diseño Actividades','diseño',NULL,'texto',NULL,NULL),(729,31,'Niveles de integración','Placeholder de la descripción de diseño Niveles de integración','diseño',NULL,'texto',NULL,NULL),(730,31,'Módulo Social','Placeholder de la descripción de diseño Módulo Social','diseño',NULL,'texto',NULL,NULL),(731,31,'Institucional','Placeholder de la descripción de contexto Institucional','contexto',NULL,'texto',NULL,NULL),(732,31,'Personal','Placeholder de la descripción de contexto Personal','contexto',NULL,'texto',NULL,NULL),(733,31,'Presupuesto','Placeholder de la descripción de contexto Presupuesto','contexto',NULL,'texto',NULL,NULL),(734,31,'Factores exógenos','Placeholder de la descripción de contexto Factores exógenos','contexto',NULL,'texto',NULL,NULL),(735,31,'Factores endógenos','Placeholder de la descripción de contexto Factores endógenos','contexto',NULL,'texto',NULL,NULL),(736,31,'Recursos humanos','Placeholder de la descripción de contexto Recursos humanos','contexto',NULL,'texto',NULL,NULL),(737,31,'Diagrama de gantt','Placeholder de la descripción de gestión Diagrama de gantt','gestión',NULL,'gantt',NULL,NULL),(738,31,'Calendario','Placeholder de la descripción de gestión Calendario','gestión',NULL,'calendario',NULL,NULL),(739,31,'Prueba piloto','Placeholder de la descripción de gestión Prueba piloto','gestión',NULL,'texto',NULL,NULL),(740,31,'Seguimiento','Placeholder de la descripción de gestión Seguimiento','gestión',NULL,'texto',NULL,NULL),(741,31,'Rendicion','Placeholder de la descripción de gestión Rendicion','gestión',NULL,'texto',NULL,NULL),(753,31,'nueva1','','diseño',NULL,'texto',NULL,NULL),(754,31,'nueva2','','diseño',NULL,'texto',NULL,NULL),(755,31,'nueva3','','diseño',NULL,'texto',NULL,NULL),(756,31,'nueva4','','diseño',NULL,'texto',NULL,NULL),(757,31,'nueva5','','diseño',NULL,'texto',NULL,NULL),(758,31,'nueva6','','diseño',NULL,'texto',NULL,NULL),(759,31,'nueva1','','gestión',NULL,'texto',NULL,NULL),(760,31,'nueva2','','gestión',NULL,'texto',NULL,NULL),(761,31,'nueva3','','gestión',NULL,'texto',NULL,NULL),(762,31,'nueva4','','gestión',NULL,'texto',NULL,NULL),(763,31,'nueva1','','contexto',NULL,'texto',NULL,NULL),(764,31,'nueva2','','contexto',NULL,'texto',NULL,NULL),(765,31,'nueva3','','contexto',NULL,'texto',NULL,NULL),(766,32,'Contenido','Placeholder de la descripción de diseño Contenido','diseño',NULL,'texto',NULL,NULL),(767,32,'Idea','Placeholder de la descripción de diseño Idea','diseño',NULL,'texto',NULL,NULL),(768,32,'Recursos','Placeholder de la descripción de diseño Recursos','diseño',NULL,'texto',NULL,NULL),(769,32,'Estrategia pedagógica','Placeholder de la descripción de diseño Estrategia pedagógica','diseño',NULL,'texto',NULL,NULL),(770,32,'Creación','Placeholder de la descripción de diseño Creación','diseño',NULL,'texto',NULL,NULL),(771,32,'Etapas','Placeholder de la descripción de diseño Etapas','diseño',NULL,'texto',NULL,NULL),(772,32,'Actividades','Placeholder de la descripción de diseño Actividades','diseño',NULL,'texto',NULL,NULL),(773,32,'Niveles de integración','Placeholder de la descripción de diseño Niveles de integración','diseño',NULL,'texto',NULL,NULL),(774,32,'Módulo Social','Placeholder de la descripción de diseño Módulo Social','diseño',NULL,'texto',NULL,NULL),(775,32,'Institucional','Placeholder de la descripción de contexto Institucional','contexto',NULL,'texto',NULL,NULL),(776,32,'Personal','Placeholder de la descripción de contexto Personal','contexto',NULL,'texto',NULL,NULL),(777,32,'Presupuesto','Placeholder de la descripción de contexto Presupuesto','contexto',NULL,'texto',NULL,NULL),(778,32,'Factores exógenos','Placeholder de la descripción de contexto Factores exógenos','contexto',NULL,'texto',NULL,NULL),(779,32,'Factores endógenos','Placeholder de la descripción de contexto Factores endógenos','contexto',NULL,'texto',NULL,NULL),(780,32,'Recursos humanos','Placeholder de la descripción de contexto Recursos humanos','contexto',NULL,'texto',NULL,NULL),(781,32,'Diagrama de gantt','Placeholder de la descripción de gestión Diagrama de gantt','gestión',NULL,'gantt',NULL,NULL),(782,32,'Calendario','Placeholder de la descripción de gestión Calendario','gestión',NULL,'calendario',NULL,NULL),(783,32,'Prueba piloto','Placeholder de la descripción de gestión Prueba piloto','gestión',NULL,'texto',NULL,NULL),(784,32,'Seguimiento','Placeholder de la descripción de gestión Seguimiento','gestión',NULL,'texto',NULL,NULL),(785,32,'Rendicion','Placeholder de la descripción de gestión Rendicion','gestión',NULL,'texto',NULL,NULL),(797,33,'Contenido','desc de contenido','diseño',NULL,'texto',NULL,NULL),(799,33,'Recursos','Desc de recursos','diseño',NULL,'texto',NULL,NULL),(800,33,'Estrategia pedagógica','desc de pedagógica','diseño',NULL,'texto',NULL,NULL),(801,33,'Creación','desc de creacion','diseño',NULL,'texto',NULL,NULL),(802,33,'Etapas','desc de etapas','diseño',NULL,'texto',NULL,NULL),(803,33,'Actividades','desc de actividades','diseño',NULL,'texto',NULL,NULL),(804,33,'Niveles de integración','desc de niveles','diseño',NULL,'texto',NULL,NULL),(806,33,'Institucional','desc de institucional','contexto',NULL,'texto',NULL,NULL),(807,33,'Personal','desc de personal','contexto',NULL,'texto',NULL,NULL),(808,33,'Presupuesto','desc de presupuesto','contexto',NULL,'texto',NULL,NULL),(810,33,'Factores endógenos','desc de  endógenos','contexto',NULL,'texto',NULL,NULL),(811,33,'Recursos humanos','desc de recursos','contexto',NULL,'texto',NULL,NULL),(812,33,'Diagrama de gantt','desc de gantt','gestión',NULL,'gantt',NULL,NULL),(813,33,'Calendario','desc de calendario','gestión',NULL,'calendario',NULL,NULL),(814,33,'Prueba piloto','desc de prueba','gestión',NULL,'texto',NULL,NULL),(816,33,'Rendicion','desc de rendicion','gestión',NULL,'texto',NULL,NULL),(828,34,'Contenido','Placeholder de la descripción de diseño Contenido','diseño',NULL,'texto',NULL,NULL),(829,34,'Idea','Placeholder de la descripción de diseño Idea','diseño',NULL,'texto',NULL,NULL),(830,34,'Recursos','Placeholder de la descripción de diseño Recursos','diseño',NULL,'texto',NULL,NULL),(831,34,'Estrategia pedagógica','Placeholder de la descripción de diseño Estrategia pedagógica','diseño',NULL,'texto',NULL,NULL),(832,34,'Creación','Placeholder de la descripción de diseño Creación','diseño',NULL,'texto',NULL,NULL),(833,34,'Etapas','Placeholder de la descripción de diseño Etapas','diseño',NULL,'texto',NULL,NULL),(834,34,'Actividades','Placeholder de la descripción de diseño Actividades','diseño',NULL,'texto',NULL,NULL),(835,34,'Niveles de integración','Placeholder de la descripción de diseño Niveles de integración','diseño',NULL,'texto',NULL,NULL),(836,34,'Módulo Social','Placeholder de la descripción de diseño Módulo Social','diseño',NULL,'texto',NULL,NULL),(837,34,'Institucional','Placeholder de la descripción de contexto Institucional','contexto',NULL,'texto',NULL,NULL),(838,34,'Personal','Placeholder de la descripción de contexto Personal','contexto',NULL,'texto',NULL,NULL),(839,34,'Presupuesto','Placeholder de la descripción de contexto Presupuesto','contexto',NULL,'texto',NULL,NULL),(840,34,'Factores exógenos','Placeholder de la descripción de contexto Factores exógenos','contexto',NULL,'texto',NULL,NULL),(841,34,'Factores endógenos','Placeholder de la descripción de contexto Factores endógenos','contexto',NULL,'texto',NULL,NULL),(842,34,'Recursos humanos','Placeholder de la descripción de contexto Recursos humanos','contexto',NULL,'texto',NULL,NULL),(843,34,'Diagrama de gantt','Placeholder de la descripción de gestión Diagrama de gantt','gestión',NULL,'gantt',NULL,NULL),(844,34,'Calendario','Placeholder de la descripción de gestión Calendario','gestión',NULL,'calendario',NULL,NULL),(845,34,'Prueba piloto','Placeholder de la descripción de gestión Prueba piloto','gestión',NULL,'texto',NULL,NULL),(846,34,'Seguimiento','Placeholder de la descripción de gestión Seguimiento','gestión',NULL,'texto',NULL,NULL),(847,34,'Rendicion','Placeholder de la descripción de gestión Rendicion','gestión',NULL,'texto',NULL,NULL),(859,35,'Contenido','descripcion de contenido','diseño',NULL,'texto',NULL,NULL),(860,35,'Idea','descripcion de diseño','diseño',NULL,'texto',NULL,NULL),(861,35,'Recursos','Placeholder de la descripción de diseño Recursos','diseño',NULL,'texto',NULL,NULL),(862,35,'Estrategia pedagógica','Placeholder de la descripción de diseño Estrategia pedagógica','diseño',NULL,'texto',NULL,NULL),(863,35,'Creación','Placeholder de la descripción de diseño Creación','diseño',NULL,'texto',NULL,NULL),(864,35,'Etapas','Placeholder de la descripción de diseño Etapas','diseño',NULL,'texto',NULL,NULL),(865,35,'Actividades','Placeholder de la descripción de diseño Actividades','diseño',NULL,'texto',NULL,NULL),(866,35,'Niveles de integración','Placeholder de la descripción de diseño Niveles de integración','diseño',NULL,'texto',NULL,NULL),(867,35,'Módulo Social','Placeholder de la descripción de diseño Módulo Social','diseño',NULL,'texto',NULL,NULL),(868,35,'Institucional','Placeholder de la descripción de contexto Institucional','contexto',NULL,'texto',NULL,NULL),(869,35,'Personal','Placeholder de la descripción de contexto Personal','contexto',NULL,'texto',NULL,NULL),(870,35,'Presupuesto','Placeholder de la descripción de contexto Presupuesto','contexto',NULL,'texto',NULL,NULL),(871,35,'Factores exógenos','Placeholder de la descripción de contexto Factores exógenos','contexto',NULL,'texto',NULL,NULL),(872,35,'Factores endógenos','Placeholder de la descripción de contexto Factores endógenos','contexto',NULL,'texto',NULL,NULL),(873,35,'Recursos humanos','Placeholder de la descripción de contexto Recursos humanos','contexto',NULL,'texto',NULL,NULL),(874,35,'Diagrama de gantt','Placeholder de la descripción de gestión Diagrama de gantt','gestión',NULL,'gantt',NULL,NULL),(875,35,'Calendario','Placeholder de la descripción de gestión Calendario','gestión',NULL,'calendario',NULL,NULL),(876,35,'Prueba piloto','Placeholder de la descripción de gestión Prueba piloto','gestión',NULL,'texto',NULL,NULL),(877,35,'Seguimiento','Placeholder de la descripción de gestión Seguimiento','gestión',NULL,'texto',NULL,NULL),(878,35,'Rendicion','Placeholder de la descripción de gestión Rendicion','gestión',NULL,'texto',NULL,NULL),(890,35,'nueva1','1','diseño',NULL,'texto',NULL,NULL),(891,35,'nueva 1','','gestión',NULL,'texto',NULL,NULL),(892,35,'nueva 2','','gestión',NULL,'texto',NULL,NULL),(893,35,'nueva 3','','gestión',NULL,'texto',NULL,NULL),(894,35,'nueav 1','','contexto',NULL,'texto',NULL,NULL),(895,35,'nueva 2','','contexto',NULL,'texto',NULL,NULL),(897,36,'Idea','Placeholder de la descripción de diseño Idea','diseño',NULL,'texto',NULL,NULL),(898,36,'Recursos','Placeholder de la descripción de diseño Recursos','diseño',NULL,'texto',NULL,NULL),(899,36,'Estrategia pedagógica','Placeholder de la descripción de diseño Estrategia pedagógica','diseño',NULL,'texto',NULL,NULL),(901,36,'Etapas','Placeholder de la descripción de diseño Etapas','diseño',NULL,'texto',NULL,NULL),(902,36,'Actividades','Placeholder de la descripción de diseño Actividades','diseño',NULL,'texto',NULL,NULL),(903,36,'Niveles de integración','Placeholder de la descripción de diseño Niveles de integración','diseño',NULL,'texto',NULL,NULL),(905,36,'Institucional','Placeholder de la descripción de contexto Institucional','contexto',NULL,'texto',NULL,NULL),(906,36,'Personal','Placeholder de la descripción de contexto Personal','contexto',NULL,'texto',NULL,NULL),(907,36,'Presupuesto','Placeholder de la descripción de contexto Presupuesto','contexto',NULL,'texto',NULL,NULL),(908,36,'Factores exógenos','Placeholder de la descripción de contexto Factores exógenos','contexto',NULL,'texto',NULL,NULL),(909,36,'Factores endógenos','Placeholder de la descripción de contexto Factores endógenos','contexto',NULL,'texto',NULL,NULL),(910,36,'Recursos humanos','Placeholder de la descripción de contexto Recursos humanos','contexto',NULL,'texto',NULL,NULL),(911,36,'Diagrama de gantt','Placeholder de la descripción de gestión Diagrama de gantt','gestión',NULL,'gantt',NULL,NULL),(912,36,'Calendario','Placeholder de la descripción de gestión Calendario','gestión',NULL,'calendario',NULL,NULL),(913,36,'Prueba piloto','Placeholder de la descripción de gestión Prueba piloto','gestión',NULL,'texto',NULL,NULL),(914,36,'Seguimiento','Placeholder de la descripción de gestión Seguimiento','gestión',NULL,'texto',NULL,NULL),(928,36,'nuevo 1','','gestión',NULL,'texto',NULL,NULL),(929,36,'nuevo 2','','gestión',NULL,'texto',NULL,NULL),(930,36,'nuevo 3','','gestión',NULL,'texto',NULL,NULL),(931,36,'nuevo 1','','contexto',NULL,'texto',NULL,NULL),(932,36,'nuevo 2','','contexto',NULL,'texto',NULL,NULL),(933,36,'nuevo 2','','diseño',NULL,'texto',NULL,NULL),(934,36,'nuevo 3','','diseño',NULL,'texto',NULL,NULL),(935,36,'nuevo 1','','diseño',NULL,'texto',NULL,NULL),(936,36,'nueva 4','','diseño',NULL,'texto',NULL,NULL),(937,36,'nueva 3','','gestión',NULL,'texto',NULL,NULL),(938,37,'Contenido','Placeholder de la descripción de diseño Contenido','diseño',NULL,'texto',NULL,NULL),(939,37,'Idea','Placeholder de la descripción de diseño Idea','diseño',NULL,'texto',NULL,NULL),(940,37,'Recursos','Placeholder de la descripción de diseño Recursos','diseño',NULL,'texto',NULL,NULL),(941,37,'Estrategia pedagógica','Placeholder de la descripción de diseño Estrategia pedagógica','diseño',NULL,'texto',NULL,NULL),(942,37,'Creación','Placeholder de la descripción de diseño Creación','diseño',NULL,'texto',NULL,NULL),(943,37,'Etapas','Placeholder de la descripción de diseño Etapas','diseño',NULL,'texto',NULL,NULL),(944,37,'Actividades','Placeholder de la descripción de diseño Actividades','diseño',NULL,'texto',NULL,NULL),(945,37,'Niveles de integración','Placeholder de la descripción de diseño Niveles de integración','diseño',NULL,'texto',NULL,NULL),(946,37,'Módulo Social','Placeholder de la descripción de diseño Módulo Social','diseño',NULL,'texto',NULL,NULL),(947,37,'Institucional','Placeholder de la descripción de contexto Institucional','contexto',NULL,'texto',NULL,NULL),(948,37,'Personal','Placeholder de la descripción de contexto Personal','contexto',NULL,'texto',NULL,NULL),(949,37,'Presupuesto','Placeholder de la descripción de contexto Presupuesto','contexto',NULL,'texto',NULL,NULL),(950,37,'Factores exógenos','Placeholder de la descripción de contexto Factores exógenos','contexto',NULL,'texto',NULL,NULL),(951,37,'Factores endógenos','Placeholder de la descripción de contexto Factores endógenos','contexto',NULL,'texto',NULL,NULL),(952,37,'Recursos humanos','Placeholder de la descripción de contexto Recursos humanos','contexto',NULL,'texto',NULL,NULL),(953,37,'Diagrama de gantt','Placeholder de la descripción de gestión Diagrama de gantt','gestión',NULL,'gantt',NULL,NULL),(954,37,'Calendario','Placeholder de la descripción de gestión Calendario','gestión',NULL,'calendario',NULL,NULL),(955,37,'Prueba piloto','Placeholder de la descripción de gestión Prueba piloto','gestión',NULL,'texto',NULL,NULL),(956,37,'Seguimiento','Placeholder de la descripción de gestión Seguimiento','gestión',NULL,'texto',NULL,NULL),(957,37,'Rendicion','Placeholder de la descripción de gestión Rendicion','gestión',NULL,'texto',NULL,NULL),(969,37,'una mas','','diseño',NULL,'texto',NULL,NULL),(970,37,'dos dos','','gestión',NULL,'texto',NULL,NULL),(971,37,'tres tres','','gestión',NULL,'texto',NULL,NULL),(972,37,'cuatro cuatro','','gestión',NULL,'texto',NULL,NULL),(973,37,'cinco cinco','','contexto',NULL,'texto',NULL,NULL),(974,37,'seis seis','','contexto',NULL,'texto',NULL,NULL),(975,38,'Contenido','Placeholder de la descripción de diseño Contenido','diseño','','texto',NULL,NULL),(976,38,'Idea','Placeholder de la descripción de diseño Idea','diseño',NULL,'texto',NULL,NULL),(977,38,'Recursos','Placeholder de la descripción de diseño Recursos','diseño',NULL,'texto',NULL,NULL),(978,38,'Estrategia pedagógica','Placeholder de la descripción de diseño Estrategia pedagógica','diseño','<p>hola</p>\n','texto',NULL,NULL),(979,38,'Creación','Placeholder de la descripción de diseño Creación','diseño','<p>dddddddddddddddddddd</p>\n','texto',NULL,NULL),(980,38,'Etapas','Placeholder de la descripción de diseño Etapas','diseño',NULL,'texto',NULL,NULL),(981,38,'Actividades','Placeholder de la descripción de diseño Actividades','diseño',NULL,'texto',NULL,NULL),(982,38,'Niveles de integración','Placeholder de la descripción de diseño Niveles de integración','diseño',NULL,'texto',NULL,NULL),(983,38,'Módulo Social','Placeholder de la descripción de diseño Módulo Social','diseño',NULL,'texto',NULL,NULL),(984,38,'Institucional','Placeholder de la descripción de contexto Institucional','contexto',NULL,'texto',NULL,NULL),(985,38,'Personal','Placeholder de la descripción de contexto Personal','contexto',NULL,'texto',NULL,NULL),(986,38,'Presupuesto','Placeholder de la descripción de contexto Presupuesto','contexto',NULL,'texto',NULL,NULL),(987,38,'Factores exógenos','Placeholder de la descripción de contexto Factores exógenos','contexto',NULL,'texto',NULL,NULL),(988,38,'Factores endógenos','Placeholder de la descripción de contexto Factores endógenos','contexto',NULL,'texto',NULL,NULL),(989,38,'Recursos humanos','Placeholder de la descripción de contexto Recursos humanos','contexto',NULL,'texto',NULL,NULL),(990,38,'Diagrama de gantt','Placeholder de la descripción de gestión Diagrama de gantt','gestión',NULL,'gantt',NULL,NULL),(991,38,'Calendario','Placeholder de la descripción de gestión Calendario','gestión',NULL,'calendario',NULL,NULL),(992,38,'Prueba piloto','Placeholder de la descripción de gestión Prueba piloto','gestión',NULL,'texto',NULL,NULL),(993,38,'Seguimiento','Placeholder de la descripción de gestión Seguimiento','gestión',NULL,'texto',NULL,NULL),(994,38,'Rendicion','Placeholder de la descripción de gestión Rendicion','gestión',NULL,'texto',NULL,NULL),(1006,39,'Contenido','Placeholder de la descripción de diseño Contenido','diseño',NULL,'texto',NULL,NULL),(1007,39,'Idea','Placeholder de la descripción de diseño Idea','diseño',NULL,'texto',NULL,NULL),(1008,39,'recursos','Moodle','diseño',NULL,'texto',NULL,NULL),(1009,39,'Estrategia pedagógica','Placeholder de la descripción de diseño Estrategia pedagógica','diseño',NULL,'texto',NULL,NULL),(1010,39,'Creación','Placeholder de la descripción de diseño Creación','diseño',NULL,'texto',NULL,NULL),(1011,39,'Etapas','Placeholder de la descripción de diseño Etapas','diseño',NULL,'texto',NULL,NULL),(1012,39,'Actividades','Placeholder de la descripción de diseño Actividades','diseño',NULL,'texto',NULL,NULL),(1013,39,'Niveles de integración','Placeholder de la descripción de diseño Niveles de integración','diseño',NULL,'texto',NULL,NULL),(1014,39,'Módulo Social','Placeholder de la descripción de diseño Módulo Social','diseño',NULL,'texto',NULL,NULL),(1015,39,'Institucional','Placeholder de la descripción de contexto Institucional','contexto',NULL,'texto',NULL,NULL),(1016,39,'Personal','Placeholder de la descripción de contexto Personal','contexto',NULL,'texto',NULL,NULL),(1017,39,'Presupuesto','Placeholder de la descripción de contexto Presupuesto','contexto',NULL,'texto',NULL,NULL),(1018,39,'Factores exógenos','Placeholder de la descripción de contexto Factores exógenos','contexto',NULL,'texto',NULL,NULL),(1019,39,'Factores endógenos','Placeholder de la descripción de contexto Factores endógenos','contexto',NULL,'texto',NULL,NULL),(1020,39,'Recursos humanos','Placeholder de la descripción de contexto Recursos humanos','contexto',NULL,'texto',NULL,NULL),(1021,39,'Diagrama de gantt','Placeholder de la descripción de gestión Diagrama de gantt','gestión',NULL,'gantt',NULL,NULL),(1022,39,'Calendario','Placeholder de la descripción de gestión Calendario','gestión',NULL,'calendario',NULL,NULL),(1023,39,'Prueba piloto','Placeholder de la descripción de gestión Prueba piloto','gestión',NULL,'texto',NULL,NULL),(1024,39,'Seguimiento','Placeholder de la descripción de gestión Seguimiento','gestión',NULL,'texto',NULL,NULL),(1025,39,'Rendicion','Placeholder de la descripción de gestión Rendicion','gestión',NULL,'texto',NULL,NULL),(1038,40,'Idea','Placeholder de la descripción de diseño Idea','diseño',NULL,'texto',NULL,NULL),(1039,40,'Recursos','Placeholder de la descripción de diseño Recursos','diseño',NULL,'texto',NULL,NULL),(1040,40,'Estrategia pedagógica','Placeholder de la descripción de diseño Estrategia pedagógica','diseño','<p>Contenido de Estrategia pedagogica</p>\n','texto',NULL,NULL),(1041,40,'Creación','Placeholder de la descripción de diseño Creación','diseño',NULL,'texto',NULL,NULL),(1042,40,'Etapas','Placeholder de la descripción de diseño Etapas','diseño',NULL,'texto',NULL,NULL),(1043,40,'Actividades','Placeholder de la descripción de diseño Actividades','diseño',NULL,'texto',NULL,NULL),(1044,40,'Niveles de integración','Placeholder de la descripción de diseño Niveles de integración','diseño',NULL,'texto',NULL,NULL),(1045,40,'Módulo Social','Placeholder de la descripción de diseño Módulo Social','diseño',NULL,'texto',NULL,NULL),(1046,40,'Institucional','Placeholder de la descripción de contexto Institucional','contexto',NULL,'texto',NULL,NULL),(1047,40,'Personal','Placeholder de la descripción de contexto Personal','contexto',NULL,'texto',NULL,NULL),(1048,40,'Presupuesto','Placeholder de la descripción de contexto Presupuesto','contexto',NULL,'texto',NULL,NULL),(1049,40,'Factores exógenos','Placeholder de la descripción de contexto Factores exógenos','contexto',NULL,'texto',NULL,NULL),(1050,40,'Factores endógenos','Placeholder de la descripción de contexto Factores endógenos','contexto',NULL,'texto',NULL,NULL),(1051,40,'Recursos humanos','Placeholder de la descripción de contexto Recursos humanos','contexto',NULL,'texto',NULL,NULL),(1052,40,'Diagrama de gantt','Placeholder de la descripción de gestión Diagrama de gantt','gestión',NULL,'gantt',NULL,NULL),(1053,40,'Calendario','Placeholder de la descripción de gestión Calendario','gestión',NULL,'calendario',NULL,NULL),(1054,40,'Prueba piloto','Placeholder de la descripción de gestión Prueba piloto','gestión',NULL,'texto',NULL,NULL),(1055,40,'Seguimiento','Placeholder de la descripción de gestión Seguimiento','gestión',NULL,'texto',NULL,NULL),(1056,40,'Rendicion','Placeholder de la descripción de gestión Rendicion','gestión',NULL,'texto',NULL,NULL),(1068,40,'Nueva mia','descripcion','diseño',NULL,'texto',NULL,NULL),(1069,41,'Contenido','Placeholder de la descripción de diseño Contenido','diseño',NULL,'texto',NULL,NULL),(1070,41,'Idea','Placeholder de la descripción de diseño Idea','diseño',NULL,'texto',NULL,NULL),(1071,41,'Recursos','Placeholder de la descripción de diseño Recursos','diseño',NULL,'texto',NULL,NULL),(1072,41,'Estrategia pedagógica','Placeholder de la descripción de diseño Estrategia pedagógica','diseño',NULL,'texto',NULL,NULL),(1073,41,'Creación','Placeholder de la descripción de diseño Creación','diseño',NULL,'texto',NULL,NULL),(1074,41,'Etapas','Placeholder de la descripción de diseño Etapas','diseño',NULL,'texto',NULL,NULL),(1075,41,'Actividades','Placeholder de la descripción de diseño Actividades','diseño',NULL,'texto',NULL,NULL),(1076,41,'Niveles de integración','Placeholder de la descripción de diseño Niveles de integración','diseño',NULL,'texto',NULL,NULL),(1077,41,'Módulo Social','Placeholder de la descripción de diseño Módulo Social','diseño',NULL,'texto',NULL,NULL),(1078,41,'Institucional','Placeholder de la descripción de contexto Institucional','contexto',NULL,'texto',NULL,NULL),(1079,41,'Personal','Placeholder de la descripción de contexto Personal','contexto',NULL,'texto',NULL,NULL),(1080,41,'Presupuesto','Placeholder de la descripción de contexto Presupuesto','contexto',NULL,'texto',NULL,NULL),(1081,41,'Factores exógenos','Placeholder de la descripción de contexto Factores exógenos','contexto',NULL,'texto',NULL,NULL),(1082,41,'Factores endógenos','Placeholder de la descripción de contexto Factores endógenos','contexto',NULL,'texto',NULL,NULL),(1083,41,'Recursos humanos','Placeholder de la descripción de contexto Recursos humanos','contexto',NULL,'texto',NULL,NULL),(1084,41,'Diagrama de gantt','Placeholder de la descripción de gestión Diagrama de gantt','gestión',NULL,'gantt',NULL,NULL),(1085,41,'Calendario','Placeholder de la descripción de gestión Calendario','gestión',NULL,'calendario',NULL,NULL),(1086,41,'Prueba piloto','Placeholder de la descripción de gestión Prueba piloto','gestión',NULL,'texto',NULL,NULL),(1087,41,'Seguimiento','Placeholder de la descripción de gestión Seguimiento','gestión',NULL,'texto',NULL,NULL),(1088,41,'Rendicion','Placeholder de la descripción de gestión Rendicion','gestión',NULL,'texto',NULL,NULL),(1100,42,'Contenido','Placeholder de la descripción de diseño Contenido','diseño',NULL,'texto',NULL,NULL),(1101,42,'Idea','Placeholder de la descripción de diseño Idea','diseño',NULL,'texto',NULL,NULL),(1102,42,'Recursos','Placeholder de la descripción de diseño Recursos','diseño',NULL,'texto',NULL,NULL),(1103,42,'Estrategia pedagógica','Placeholder de la descripción de diseño Estrategia pedagógica','diseño',NULL,'texto',NULL,NULL),(1104,42,'Creación','Placeholder de la descripción de diseño Creación','diseño',NULL,'texto',NULL,NULL),(1105,42,'Etapas','Placeholder de la descripción de diseño Etapas','diseño',NULL,'texto',NULL,NULL),(1106,42,'Actividades','Placeholder de la descripción de diseño Actividades','diseño',NULL,'texto',NULL,NULL),(1107,42,'Niveles de integración','Placeholder de la descripción de diseño Niveles de integración','diseño',NULL,'texto',NULL,NULL),(1108,42,'Módulo Social','Placeholder de la descripción de diseño Módulo Social','diseño',NULL,'texto',NULL,NULL),(1109,42,'Institucional','Placeholder de la descripción de contexto Institucional','contexto',NULL,'texto',NULL,NULL),(1110,42,'Personal','Placeholder de la descripción de contexto Personal','contexto',NULL,'texto',NULL,NULL),(1111,42,'Presupuesto','Placeholder de la descripción de contexto Presupuesto','contexto',NULL,'texto',NULL,NULL),(1112,42,'Factores exógenos','Placeholder de la descripción de contexto Factores exógenos','contexto',NULL,'texto',NULL,NULL),(1113,42,'Factores endógenos','Placeholder de la descripción de contexto Factores endógenos','contexto',NULL,'texto',NULL,NULL),(1114,42,'Recursos humanos','Placeholder de la descripción de contexto Recursos humanos','contexto',NULL,'texto',NULL,NULL),(1115,42,'Diagrama de gantt','Placeholder de la descripción de gestión Diagrama de gantt','gestión',NULL,'gantt',NULL,NULL),(1116,42,'Calendario','Placeholder de la descripción de gestión Calendario','gestión',NULL,'calendario',NULL,NULL),(1117,42,'Prueba piloto','Placeholder de la descripción de gestión Prueba piloto','gestión',NULL,'texto',NULL,NULL),(1118,42,'Seguimiento','Placeholder de la descripción de gestión Seguimiento','gestión',NULL,'texto',NULL,NULL),(1119,42,'Rendicion','Placeholder de la descripción de gestión Rendicion','gestión',NULL,'texto',NULL,NULL),(1131,43,'Contenido','Placeholder de la descripción de diseño Contenido','diseño',NULL,'texto',NULL,NULL),(1132,43,'Idea','Placeholder de la descripción de diseño Idea','diseño',NULL,'texto',NULL,NULL),(1133,43,'Recursos','Placeholder de la descripción de diseño Recursos','diseño',NULL,'texto',NULL,NULL),(1134,43,'Estrategia pedagógica','Placeholder de la descripción de diseño Estrategia pedagógica','diseño',NULL,'texto',NULL,NULL),(1135,43,'Creación','Placeholder de la descripción de diseño Creación','diseño',NULL,'texto',NULL,NULL),(1136,43,'Etapas','Placeholder de la descripción de diseño Etapas','diseño',NULL,'texto',NULL,NULL),(1137,43,'Actividades','Placeholder de la descripción de diseño Actividades','diseño',NULL,'texto',NULL,NULL),(1138,43,'Niveles de integración','Placeholder de la descripción de diseño Niveles de integración','diseño',NULL,'texto',NULL,NULL),(1139,43,'Módulo Social','Placeholder de la descripción de diseño Módulo Social','diseño',NULL,'texto',NULL,NULL),(1140,43,'Institucional','Placeholder de la descripción de contexto Institucional','contexto',NULL,'texto',NULL,NULL),(1141,43,'Personal','Placeholder de la descripción de contexto Personal','contexto',NULL,'texto',NULL,NULL),(1142,43,'Presupuesto','Placeholder de la descripción de contexto Presupuesto','contexto',NULL,'texto',NULL,NULL),(1143,43,'Factores exógenos','Placeholder de la descripción de contexto Factores exógenos','contexto',NULL,'texto',NULL,NULL),(1144,43,'Factores endógenos','Placeholder de la descripción de contexto Factores endógenos','contexto',NULL,'texto',NULL,NULL),(1145,43,'Recursos humanos','Placeholder de la descripción de contexto Recursos humanos','contexto',NULL,'texto',NULL,NULL),(1146,43,'Diagrama de gantt','Placeholder de la descripción de gestión Diagrama de gantt','gestión',NULL,'gantt',NULL,NULL),(1147,43,'Calendario','Placeholder de la descripción de gestión Calendario','gestión',NULL,'calendario',NULL,NULL),(1148,43,'Prueba piloto','Placeholder de la descripción de gestión Prueba piloto','gestión',NULL,'texto',NULL,NULL),(1149,43,'Seguimiento','Placeholder de la descripción de gestión Seguimiento','gestión',NULL,'texto',NULL,NULL),(1150,43,'Rendicion','Placeholder de la descripción de gestión Rendicion','gestión',NULL,'texto',NULL,NULL),(1151,44,'Contenido','Placeholder de la descripción de diseño Contenido','diseño',NULL,'texto',NULL,NULL),(1152,44,'Idea','Placeholder de la descripción de diseño Idea','diseño',NULL,'texto',NULL,NULL),(1153,44,'Recursos','Placeholder de la descripción de diseño Recursos','diseño',NULL,'texto',NULL,NULL),(1154,44,'Estrategia pedagógica','Placeholder de la descripción de diseño Estrategia pedagógica','diseño',NULL,'texto',NULL,NULL),(1155,44,'Creación','Placeholder de la descripción de diseño Creación','diseño',NULL,'texto',NULL,NULL),(1156,44,'Etapas','Placeholder de la descripción de diseño Etapas','diseño',NULL,'texto',NULL,NULL),(1157,44,'Actividades','Placeholder de la descripción de diseño Actividades','diseño',NULL,'texto',NULL,NULL),(1158,44,'Niveles de integración','Placeholder de la descripción de diseño Niveles de integración','diseño',NULL,'texto',NULL,NULL),(1159,44,'Módulo Social','Placeholder de la descripción de diseño Módulo Social','diseño',NULL,'texto',NULL,NULL),(1160,44,'Institucional','Placeholder de la descripción de contexto Institucional','contexto',NULL,'texto',NULL,NULL),(1161,44,'Personal','Placeholder de la descripción de contexto Personal','contexto',NULL,'texto',NULL,NULL),(1162,44,'Presupuesto','Placeholder de la descripción de contexto Presupuesto','contexto',NULL,'texto',NULL,NULL),(1163,44,'Factores exógenos','Placeholder de la descripción de contexto Factores exógenos','contexto',NULL,'texto',NULL,NULL),(1164,44,'Factores endógenos','Placeholder de la descripción de contexto Factores endógenos','contexto',NULL,'texto',NULL,NULL),(1165,44,'Recursos humanos','Placeholder de la descripción de contexto Recursos humanos','contexto',NULL,'texto',NULL,NULL),(1166,44,'Diagrama de gantt','Placeholder de la descripción de gestión Diagrama de gantt','gestión',NULL,'gantt',NULL,NULL),(1167,44,'Calendario','Placeholder de la descripción de gestión Calendario','gestión',NULL,'calendario',NULL,NULL),(1168,44,'Prueba piloto','Placeholder de la descripción de gestión Prueba piloto','gestión',NULL,'texto',NULL,NULL),(1169,44,'Seguimiento','Placeholder de la descripción de gestión Seguimiento','gestión',NULL,'texto',NULL,NULL),(1170,44,'Rendicion','Placeholder de la descripción de gestión Rendicion','gestión',NULL,'texto',NULL,NULL),(1182,45,'Contenido','Placeholder de la descripción de diseño Contenido','diseño',NULL,'texto',NULL,NULL),(1183,45,'Idea','Placeholder de la descripción de diseño Idea','diseño',NULL,'texto',NULL,NULL),(1184,45,'Recursos','Placeholder de la descripción de diseño Recursos','diseño',NULL,'texto',NULL,NULL),(1185,45,'Estrategia pedagógica','Placeholder de la descripción de diseño Estrategia pedagógica','diseño',NULL,'texto',NULL,NULL),(1186,45,'Creación','Placeholder de la descripción de diseño Creación','diseño',NULL,'texto',NULL,NULL),(1187,45,'Etapas','Placeholder de la descripción de diseño Etapas','diseño',NULL,'texto',NULL,NULL),(1188,45,'Actividades','Placeholder de la descripción de diseño Actividades','diseño',NULL,'texto',NULL,NULL),(1189,45,'Niveles de integración','Placeholder de la descripción de diseño Niveles de integración','diseño',NULL,'texto',NULL,NULL),(1190,45,'Módulo Social','Placeholder de la descripción de diseño Módulo Social','diseño',NULL,'texto',NULL,NULL),(1191,45,'Institucional','Placeholder de la descripción de contexto Institucional','contexto',NULL,'texto',NULL,NULL),(1192,45,'Personal','Placeholder de la descripción de contexto Personal','contexto',NULL,'texto',NULL,NULL),(1193,45,'Presupuesto','Placeholder de la descripción de contexto Presupuesto','contexto',NULL,'texto',NULL,NULL),(1194,45,'Factores exógenos','Placeholder de la descripción de contexto Factores exógenos','contexto',NULL,'texto',NULL,NULL),(1195,45,'Factores endógenos','Placeholder de la descripción de contexto Factores endógenos','contexto',NULL,'texto',NULL,NULL),(1196,45,'Recursos humanos','Placeholder de la descripción de contexto Recursos humanos','contexto',NULL,'texto',NULL,NULL),(1197,45,'Diagrama de gantt','Placeholder de la descripción de gestión Diagrama de gantt','gestión',NULL,'gantt',NULL,NULL),(1198,45,'Calendario','Placeholder de la descripción de gestión Calendario','gestión',NULL,'calendario',NULL,NULL),(1199,45,'Prueba piloto','Placeholder de la descripción de gestión Prueba piloto','gestión',NULL,'texto',NULL,NULL),(1200,45,'Seguimiento','Placeholder de la descripción de gestión Seguimiento','gestión',NULL,'texto',NULL,NULL),(1201,45,'Rendicion','Placeholder de la descripción de gestión Rendicion','gestión',NULL,'texto',NULL,NULL),(1213,46,'Contenido','Placeholder de la descripción de diseño Contenido','diseño',NULL,'texto',NULL,NULL),(1214,46,'Idea','Placeholder de la descripción de diseño Idea','diseño',NULL,'texto',NULL,NULL),(1215,46,'Recursos','Placeholder de la descripción de diseño Recursos','diseño',NULL,'texto',NULL,NULL),(1216,46,'Estrategia pedagógica','Placeholder de la descripción de diseño Estrategia pedagógica','diseño',NULL,'texto',NULL,NULL),(1217,46,'Creación','Placeholder de la descripción de diseño Creación','diseño',NULL,'texto',NULL,NULL),(1218,46,'Etapas','Placeholder de la descripción de diseño Etapas','diseño',NULL,'texto',NULL,NULL),(1219,46,'Actividades','Placeholder de la descripción de diseño Actividades','diseño',NULL,'texto',NULL,NULL),(1220,46,'Niveles de integración','Placeholder de la descripción de diseño Niveles de integración','diseño',NULL,'texto',NULL,NULL),(1221,46,'Módulo Social','Placeholder de la descripción de diseño Módulo Social','diseño',NULL,'texto',NULL,NULL),(1222,46,'Institucional','Placeholder de la descripción de contexto Institucional','contexto',NULL,'texto',NULL,NULL),(1223,46,'Personal','Placeholder de la descripción de contexto Personal','contexto',NULL,'texto',NULL,NULL),(1224,46,'Presupuesto','Placeholder de la descripción de contexto Presupuesto','contexto',NULL,'texto',NULL,NULL),(1225,46,'Factores exógenos','Placeholder de la descripción de contexto Factores exógenos','contexto',NULL,'texto',NULL,NULL),(1226,46,'Factores endógenos','Placeholder de la descripción de contexto Factores endógenos','contexto',NULL,'texto',NULL,NULL),(1227,46,'Recursos humanos','Placeholder de la descripción de contexto Recursos humanos','contexto',NULL,'texto',NULL,NULL),(1228,46,'Diagrama de gantt','Placeholder de la descripción de gestión Diagrama de gantt','gestión',NULL,'gantt',NULL,NULL),(1229,46,'Calendario','Placeholder de la descripción de gestión Calendario','gestión',NULL,'calendario',NULL,NULL),(1230,46,'Prueba piloto','Placeholder de la descripción de gestión Prueba piloto','gestión',NULL,'texto',NULL,NULL),(1231,46,'Seguimiento','Placeholder de la descripción de gestión Seguimiento','gestión',NULL,'texto',NULL,NULL),(1232,46,'Rendicion','Placeholder de la descripción de gestión Rendicion','gestión',NULL,'texto',NULL,NULL),(1244,47,'Contenido','Placeholder de la descripción de diseño Contenido','diseño',NULL,'texto',NULL,NULL),(1245,47,'Idea','Placeholder de la descripción de diseño Idea','diseño',NULL,'texto',NULL,NULL),(1246,47,'Recursos','Placeholder de la descripción de diseño Recursos','diseño',NULL,'texto',NULL,NULL),(1247,47,'Estrategia pedagógica','Placeholder de la descripción de diseño Estrategia pedagógica','diseño',NULL,'texto',NULL,NULL),(1248,47,'Creación','Placeholder de la descripción de diseño Creación','diseño',NULL,'texto',NULL,NULL),(1249,47,'Etapas','Placeholder de la descripción de diseño Etapas','diseño',NULL,'texto',NULL,NULL),(1250,47,'Actividades','Placeholder de la descripción de diseño Actividades','diseño',NULL,'texto',NULL,NULL),(1251,47,'Niveles de integración','Placeholder de la descripción de diseño Niveles de integración','diseño',NULL,'texto',NULL,NULL),(1252,47,'Módulo Social','Placeholder de la descripción de diseño Módulo Social','diseño',NULL,'texto',NULL,NULL),(1253,47,'Institucional','Placeholder de la descripción de contexto Institucional','contexto',NULL,'texto',NULL,NULL),(1254,47,'Personal','Placeholder de la descripción de contexto Personal','contexto',NULL,'texto',NULL,NULL),(1255,47,'Presupuesto','Placeholder de la descripción de contexto Presupuesto','contexto',NULL,'texto',NULL,NULL),(1256,47,'Factores exógenos','Placeholder de la descripción de contexto Factores exógenos','contexto',NULL,'texto',NULL,NULL),(1257,47,'Factores endógenos','Placeholder de la descripción de contexto Factores endógenos','contexto',NULL,'texto',NULL,NULL),(1258,47,'Recursos humanos','Placeholder de la descripción de contexto Recursos humanos','contexto',NULL,'texto',NULL,NULL),(1259,47,'Diagrama de gantt','Placeholder de la descripción de gestión Diagrama de gantt','gestión',NULL,'gantt',NULL,NULL),(1260,47,'Calendario','Placeholder de la descripción de gestión Calendario','gestión',NULL,'calendario',NULL,NULL),(1261,47,'Prueba piloto','Placeholder de la descripción de gestión Prueba piloto','gestión',NULL,'texto',NULL,NULL),(1262,47,'Seguimiento','Placeholder de la descripción de gestión Seguimiento','gestión',NULL,'texto',NULL,NULL),(1263,47,'Rendicion','Placeholder de la descripción de gestión Rendicion','gestión',NULL,'texto',NULL,NULL),(1275,48,'Contenido','Placeholder de la descripción de diseño Contenido','diseño',NULL,'texto',NULL,NULL),(1276,48,'Idea','Placeholder de la descripción de diseño Idea','diseño',NULL,'texto',NULL,NULL),(1277,48,'Recursos','Placeholder de la descripción de diseño Recursos','diseño',NULL,'texto',NULL,NULL),(1278,48,'Estrategia de comunicación','Placeholder de la descripción de diseño Estrategia pedagógica','diseño',NULL,'texto',NULL,NULL),(1280,48,'Etapas','Placeholder de la descripción de diseño Etapas','diseño',NULL,'texto',NULL,NULL),(1281,48,'Actividades','Placeholder de la descripción de diseño Actividades','diseño',NULL,'texto',NULL,NULL),(1282,48,'Niveles de integración','Placeholder de la descripción de diseño Niveles de integración','diseño',NULL,'texto',NULL,NULL),(1284,48,'Institucional','Placeholder de la descripción de contexto Institucional','contexto',NULL,'texto',NULL,NULL),(1285,48,'Personal','Placeholder de la descripción de contexto Personal','contexto',NULL,'texto',NULL,NULL),(1286,48,'Presupuesto','Placeholder de la descripción de contexto Presupuesto','contexto',NULL,'texto',NULL,NULL),(1287,48,'Factores exógenos','Placeholder de la descripción de contexto Factores exógenos','contexto',NULL,'texto',NULL,NULL),(1288,48,'Factores endógenos','Placeholder de la descripción de contexto Factores endógenos','contexto',NULL,'texto',NULL,NULL),(1289,48,'Recursos humanos','Placeholder de la descripción de contexto Recursos humanos','contexto',NULL,'texto',NULL,NULL),(1290,48,'Diagrama de gantt','Placeholder de la descripción de gestión Diagrama de gantt','gestión',NULL,'gantt',NULL,NULL),(1291,48,'Calendario','Placeholder de la descripción de gestión Calendario','gestión',NULL,'calendario',NULL,NULL),(1292,48,'Prueba piloto','Placeholder de la descripción de gestión Prueba piloto','gestión',NULL,'texto',NULL,NULL),(1293,48,'Seguimiento','Placeholder de la descripción de gestión Seguimiento','gestión',NULL,'texto',NULL,NULL),(1294,48,'Rendicion','Placeholder de la descripción de gestión Rendicion','gestión',NULL,'texto',NULL,NULL),(1306,48,'Logística','','gestión',NULL,'texto',NULL,NULL),(1307,49,'Contenido','Placeholder de la descripción de diseño Contenido','diseño',NULL,'texto',NULL,NULL),(1308,49,'Idea','Placeholder de la descripción de diseño Idea','diseño',NULL,'texto',NULL,NULL),(1309,49,'Recursos','Placeholder de la descripción de diseño Recursos','diseño',NULL,'texto',NULL,NULL),(1310,49,'Estrategia pedagógica','Placeholder de la descripción de diseño Estrategia pedagógica','diseño',NULL,'texto',NULL,NULL),(1311,49,'Creación','Placeholder de la descripción de diseño Creación','diseño',NULL,'texto',NULL,NULL),(1312,49,'Etapas','Placeholder de la descripción de diseño Etapas','diseño',NULL,'texto',NULL,NULL),(1313,49,'Actividades','Placeholder de la descripción de diseño Actividades','diseño',NULL,'texto',NULL,NULL),(1314,49,'Niveles de integración','Placeholder de la descripción de diseño Niveles de integración','diseño',NULL,'texto',NULL,NULL),(1315,49,'Módulo Social','Placeholder de la descripción de diseño Módulo Social','diseño',NULL,'texto',NULL,NULL),(1316,49,'Institucional','Placeholder de la descripción de contexto Institucional','contexto',NULL,'texto',NULL,NULL),(1317,49,'Personal','Placeholder de la descripción de contexto Personal','contexto',NULL,'texto',NULL,NULL),(1318,49,'Presupuesto','Placeholder de la descripción de contexto Presupuesto','contexto',NULL,'texto',NULL,NULL),(1319,49,'Factores exógenos','Placeholder de la descripción de contexto Factores exógenos','contexto',NULL,'texto',NULL,NULL),(1320,49,'Factores endógenos','Placeholder de la descripción de contexto Factores endógenos','contexto',NULL,'texto',NULL,NULL),(1321,49,'Recursos humanos','Placeholder de la descripción de contexto Recursos humanos','contexto',NULL,'texto',NULL,NULL),(1322,49,'Diagrama de gantt','Placeholder de la descripción de gestión Diagrama de gantt','gestión',NULL,'gantt',NULL,NULL),(1323,49,'Calendario','Placeholder de la descripción de gestión Calendario','gestión',NULL,'calendario',NULL,NULL),(1324,49,'Prueba piloto','Placeholder de la descripción de gestión Prueba piloto','gestión',NULL,'texto',NULL,NULL),(1325,49,'Seguimiento','Placeholder de la descripción de gestión Seguimiento','gestión',NULL,'texto',NULL,NULL),(1326,49,'Rendicion','Placeholder de la descripción de gestión Rendicion','gestión',NULL,'texto',NULL,NULL),(1338,50,'Contenido','Placeholder de la descripción de diseño Contenido','diseño',NULL,'texto',NULL,NULL),(1339,50,'Idea','Placeholder de la descripción de diseño Idea','diseño',NULL,'texto',NULL,NULL),(1340,50,'Recursos','Placeholder de la descripción de diseño Recursos','diseño',NULL,'texto',NULL,NULL),(1341,50,'Estrategia pedagógica','Placeholder de la descripción de diseño Estrategia pedagógica','diseño',NULL,'texto',NULL,NULL),(1342,50,'Creación','Placeholder de la descripción de diseño Creación','diseño',NULL,'texto',NULL,NULL),(1343,50,'Etapas','Placeholder de la descripción de diseño Etapas','diseño',NULL,'texto',NULL,NULL),(1344,50,'Actividades','Placeholder de la descripción de diseño Actividades','diseño',NULL,'texto',NULL,NULL),(1345,50,'Niveles de integración','Placeholder de la descripción de diseño Niveles de integración','diseño',NULL,'texto',NULL,NULL),(1346,50,'Módulo Social','Placeholder de la descripción de diseño Módulo Social','diseño',NULL,'texto',NULL,NULL),(1347,50,'Institucional','Placeholder de la descripción de contexto Institucional','contexto',NULL,'texto',NULL,NULL),(1348,50,'Personal','Placeholder de la descripción de contexto Personal','contexto',NULL,'texto',NULL,NULL),(1349,50,'Presupuesto','Placeholder de la descripción de contexto Presupuesto','contexto',NULL,'texto',NULL,NULL),(1350,50,'Factores exógenos','Placeholder de la descripción de contexto Factores exógenos','contexto',NULL,'texto',NULL,NULL),(1351,50,'Factores endógenos','Placeholder de la descripción de contexto Factores endógenos','contexto',NULL,'texto',NULL,NULL),(1352,50,'Recursos humanos','Placeholder de la descripción de contexto Recursos humanos','contexto',NULL,'texto',NULL,NULL),(1353,50,'Diagrama de gantt','Placeholder de la descripción de gestión Diagrama de gantt','gestión',NULL,'gantt',NULL,NULL),(1354,50,'Calendario','Placeholder de la descripción de gestión Calendario','gestión',NULL,'calendario',NULL,NULL),(1355,50,'Prueba piloto','Placeholder de la descripción de gestión Prueba piloto','gestión',NULL,'texto',NULL,NULL),(1356,50,'Seguimiento','Placeholder de la descripción de gestión Seguimiento','gestión',NULL,'texto',NULL,NULL),(1357,50,'Rendicion','Placeholder de la descripción de gestión Rendicion','gestión',NULL,'texto',NULL,NULL),(1369,51,'Contenido','Placeholder de la descripción de diseño Contenido','diseño',NULL,'texto',NULL,NULL),(1370,51,'Idea','Placeholder de la descripción de diseño Idea','diseño',NULL,'texto',NULL,NULL),(1371,51,'Recursos','Placeholder de la descripción de diseño Recursos','diseño',NULL,'texto',NULL,NULL),(1372,51,'Estrategia pedagógica','Placeholder de la descripción de diseño Estrategia pedagógica','diseño',NULL,'texto',NULL,NULL),(1373,51,'Creación','Placeholder de la descripción de diseño Creación','diseño',NULL,'texto',NULL,NULL),(1374,51,'Etapas','Placeholder de la descripción de diseño Etapas','diseño',NULL,'texto',NULL,NULL),(1375,51,'Actividades','Placeholder de la descripción de diseño Actividades','diseño',NULL,'texto',NULL,NULL),(1376,51,'Niveles de integración','Placeholder de la descripción de diseño Niveles de integración','diseño',NULL,'texto',NULL,NULL),(1377,51,'Módulo Social','Placeholder de la descripción de diseño Módulo Social','diseño',NULL,'texto',NULL,NULL),(1378,51,'Institucional','Placeholder de la descripción de contexto Institucional','contexto',NULL,'texto',NULL,NULL),(1379,51,'Personal','Placeholder de la descripción de contexto Personal','contexto',NULL,'texto',NULL,NULL),(1380,51,'Presupuesto','Placeholder de la descripción de contexto Presupuesto','contexto',NULL,'texto',NULL,NULL),(1381,51,'Factores exógenos','Placeholder de la descripción de contexto Factores exógenos','contexto',NULL,'texto',NULL,NULL),(1382,51,'Factores endógenos','Placeholder de la descripción de contexto Factores endógenos','contexto',NULL,'texto',NULL,NULL),(1383,51,'Recursos humanos','Placeholder de la descripción de contexto Recursos humanos','contexto',NULL,'texto',NULL,NULL),(1384,51,'Diagrama de gantt','Placeholder de la descripción de gestión Diagrama de gantt','gestión',NULL,'gantt',NULL,NULL),(1385,51,'Calendario','Placeholder de la descripción de gestión Calendario','gestión',NULL,'calendario',NULL,NULL),(1386,51,'Prueba piloto','Placeholder de la descripción de gestión Prueba piloto','gestión',NULL,'texto',NULL,NULL),(1387,51,'Seguimiento','Placeholder de la descripción de gestión Seguimiento','gestión',NULL,'texto',NULL,NULL),(1388,51,'Rendicion','Placeholder de la descripción de gestión Rendicion','gestión',NULL,'texto',NULL,NULL),(1400,52,'Contenido','Placeholder de la descripción de diseño Contenido','diseño',NULL,'texto',NULL,NULL),(1401,52,'Idea','Placeholder de la descripción de diseño Idea','diseño',NULL,'texto',NULL,NULL),(1402,52,'Recursos','Placeholder de la descripción de diseño Recursos','diseño',NULL,'texto',NULL,NULL),(1403,52,'Estrategia pedagógica','Placeholder de la descripción de diseño Estrategia pedagógica','diseño',NULL,'texto',NULL,NULL),(1404,52,'Creación','Placeholder de la descripción de diseño Creación','diseño',NULL,'texto',NULL,NULL),(1405,52,'Etapas','Placeholder de la descripción de diseño Etapas','diseño',NULL,'texto',NULL,NULL),(1406,52,'Actividades','Placeholder de la descripción de diseño Actividades','diseño',NULL,'texto',NULL,NULL),(1407,52,'Niveles de integración','Placeholder de la descripción de diseño Niveles de integración','diseño',NULL,'texto',NULL,NULL),(1408,52,'Módulo Social','Placeholder de la descripción de diseño Módulo Social','diseño',NULL,'texto',NULL,NULL),(1409,52,'Institucional','Placeholder de la descripción de contexto Institucional','contexto',NULL,'texto',NULL,NULL),(1410,52,'Personal','Placeholder de la descripción de contexto Personal','contexto',NULL,'texto',NULL,NULL),(1411,52,'Presupuesto','Placeholder de la descripción de contexto Presupuesto','contexto',NULL,'texto',NULL,NULL),(1412,52,'Factores exógenos','Placeholder de la descripción de contexto Factores exógenos','contexto',NULL,'texto',NULL,NULL),(1413,52,'Factores endógenos','Placeholder de la descripción de contexto Factores endógenos','contexto',NULL,'texto',NULL,NULL),(1414,52,'Recursos humanos','Placeholder de la descripción de contexto Recursos humanos','contexto',NULL,'texto',NULL,NULL),(1415,52,'Diagrama de gantt','Placeholder de la descripción de gestión Diagrama de gantt','gestión',NULL,'gantt',NULL,NULL),(1416,52,'Calendario','Placeholder de la descripción de gestión Calendario','gestión',NULL,'calendario',NULL,NULL),(1417,52,'Prueba piloto','Placeholder de la descripción de gestión Prueba piloto','gestión',NULL,'texto',NULL,NULL),(1418,52,'Seguimiento','Placeholder de la descripción de gestión Seguimiento','gestión',NULL,'texto',NULL,NULL),(1419,52,'Rendicion','Placeholder de la descripción de gestión Rendicion','gestión',NULL,'texto',NULL,NULL),(1431,53,'Contenido','Placeholder de la descripción de diseño Contenido','diseño',NULL,'texto',NULL,NULL),(1432,53,'Idea','Placeholder de la descripción de diseño Idea','diseño',NULL,'texto',NULL,NULL),(1433,53,'Recursos','Placeholder de la descripción de diseño Recursos','diseño',NULL,'texto',NULL,NULL),(1434,53,'Estrategia pedagógica','Placeholder de la descripción de diseño Estrategia pedagógica','diseño',NULL,'texto',NULL,NULL),(1435,53,'Creación','Placeholder de la descripción de diseño Creación','diseño',NULL,'texto',NULL,NULL),(1436,53,'Etapas','Placeholder de la descripción de diseño Etapas','diseño',NULL,'texto',NULL,NULL),(1437,53,'Actividades','Placeholder de la descripción de diseño Actividades','diseño',NULL,'texto',NULL,NULL),(1438,53,'Niveles de integración','Placeholder de la descripción de diseño Niveles de integración','diseño',NULL,'texto',NULL,NULL),(1439,53,'Módulo Social','Placeholder de la descripción de diseño Módulo Social','diseño',NULL,'texto',NULL,NULL),(1440,53,'Institucional','Placeholder de la descripción de contexto Institucional','contexto',NULL,'texto',NULL,NULL),(1441,53,'Personal','Placeholder de la descripción de contexto Personal','contexto',NULL,'texto',NULL,NULL),(1442,53,'Presupuesto','Placeholder de la descripción de contexto Presupuesto','contexto',NULL,'texto',NULL,NULL),(1443,53,'Factores exógenos','Placeholder de la descripción de contexto Factores exógenos','contexto',NULL,'texto',NULL,NULL),(1444,53,'Factores endógenos','Placeholder de la descripción de contexto Factores endógenos','contexto',NULL,'texto',NULL,NULL),(1445,53,'Recursos humanos','Placeholder de la descripción de contexto Recursos humanos','contexto',NULL,'texto',NULL,NULL),(1446,53,'Diagrama de gantt','Placeholder de la descripción de gestión Diagrama de gantt','gestión',NULL,'gantt',NULL,NULL),(1447,53,'Calendario','Placeholder de la descripción de gestión Calendario','gestión',NULL,'calendario',NULL,NULL),(1448,53,'Prueba piloto','Placeholder de la descripción de gestión Prueba piloto','gestión',NULL,'texto',NULL,NULL),(1449,53,'Seguimiento','Placeholder de la descripción de gestión Seguimiento','gestión',NULL,'texto',NULL,NULL),(1450,53,'Rendicion','Placeholder de la descripción de gestión Rendicion','gestión',NULL,'texto',NULL,NULL),(1462,54,'Contenido','Placeholder de la descripción de diseño Contenido','diseño',NULL,'texto',NULL,NULL),(1463,54,'Idea','Placeholder de la descripción de diseño Idea','diseño',NULL,'texto',NULL,NULL),(1464,54,'Recursos','Placeholder de la descripción de diseño Recursos','diseño',NULL,'texto',NULL,NULL),(1465,54,'Estrategia pedagógica','Placeholder de la descripción de diseño Estrategia pedagógica','diseño',NULL,'texto',NULL,NULL),(1466,54,'Creación','Placeholder de la descripción de diseño Creación','diseño',NULL,'texto',NULL,NULL),(1467,54,'Etapas','Placeholder de la descripción de diseño Etapas','diseño',NULL,'texto',NULL,NULL),(1468,54,'Actividades','Placeholder de la descripción de diseño Actividades','diseño',NULL,'texto',NULL,NULL),(1469,54,'Niveles de integración','Placeholder de la descripción de diseño Niveles de integración','diseño',NULL,'texto',NULL,NULL),(1470,54,'Módulo Social','Placeholder de la descripción de diseño Módulo Social','diseño',NULL,'texto',NULL,NULL),(1471,54,'Institucional','Placeholder de la descripción de contexto Institucional','contexto',NULL,'texto',NULL,NULL),(1472,54,'Personal','Placeholder de la descripción de contexto Personal','contexto',NULL,'texto',NULL,NULL),(1473,54,'Presupuesto','Placeholder de la descripción de contexto Presupuesto','contexto',NULL,'texto',NULL,NULL),(1474,54,'Factores exógenos','Placeholder de la descripción de contexto Factores exógenos','contexto',NULL,'texto',NULL,NULL),(1475,54,'Factores endógenos','Placeholder de la descripción de contexto Factores endógenos','contexto',NULL,'texto',NULL,NULL),(1476,54,'Recursos humanos','Placeholder de la descripción de contexto Recursos humanos','contexto',NULL,'texto',NULL,NULL),(1477,54,'Diagrama de gantt','Placeholder de la descripción de gestión Diagrama de gantt','gestión',NULL,'gantt',NULL,NULL),(1478,54,'Calendario','Placeholder de la descripción de gestión Calendario','gestión',NULL,'calendario',NULL,NULL),(1479,54,'Prueba piloto','Placeholder de la descripción de gestión Prueba piloto','gestión',NULL,'texto',NULL,NULL),(1480,54,'Seguimiento','Placeholder de la descripción de gestión Seguimiento','gestión',NULL,'texto',NULL,NULL),(1481,54,'Rendicion','Placeholder de la descripción de gestión Rendicion','gestión',NULL,'texto',NULL,NULL),(1493,55,'Contenido','Placeholder de la descripción de diseño Contenido','diseño',NULL,'texto',NULL,NULL),(1494,55,'Idea','Placeholder de la descripción de diseño Idea','diseño',NULL,'texto',NULL,NULL),(1495,55,'Recursos','Placeholder de la descripción de diseño Recursos','diseño',NULL,'texto',NULL,NULL),(1496,55,'Estrategia pedagógica','Placeholder de la descripción de diseño Estrategia pedagógica','diseño',NULL,'texto',NULL,NULL),(1497,55,'Creación','Placeholder de la descripción de diseño Creación','diseño',NULL,'texto',NULL,NULL),(1498,55,'Etapas','Placeholder de la descripción de diseño Etapas','diseño',NULL,'texto',NULL,NULL),(1499,55,'Actividades','Placeholder de la descripción de diseño Actividades','diseño',NULL,'texto',NULL,NULL),(1500,55,'Niveles de integración','Placeholder de la descripción de diseño Niveles de integración','diseño',NULL,'texto',NULL,NULL),(1501,55,'Módulo Social','Placeholder de la descripción de diseño Módulo Social','diseño',NULL,'texto',NULL,NULL),(1502,55,'Institucional','Placeholder de la descripción de contexto Institucional','contexto',NULL,'texto',NULL,NULL),(1503,55,'Personal','Placeholder de la descripción de contexto Personal','contexto',NULL,'texto',NULL,NULL),(1504,55,'Presupuesto','Placeholder de la descripción de contexto Presupuesto','contexto',NULL,'texto',NULL,NULL),(1505,55,'Factores exógenos','Placeholder de la descripción de contexto Factores exógenos','contexto',NULL,'texto',NULL,NULL),(1506,55,'Factores endógenos','Placeholder de la descripción de contexto Factores endógenos','contexto',NULL,'texto',NULL,NULL),(1507,55,'Recursos humanos','Placeholder de la descripción de contexto Recursos humanos','contexto',NULL,'texto',NULL,NULL),(1508,55,'Diagrama de gantt','Placeholder de la descripción de gestión Diagrama de gantt','gestión',NULL,'gantt',NULL,NULL),(1509,55,'Calendario','Placeholder de la descripción de gestión Calendario','gestión',NULL,'calendario',NULL,NULL),(1510,55,'Prueba piloto','Placeholder de la descripción de gestión Prueba piloto','gestión',NULL,'texto',NULL,NULL),(1511,55,'Seguimiento','Placeholder de la descripción de gestión Seguimiento','gestión',NULL,'texto',NULL,NULL),(1512,55,'Rendicion','Placeholder de la descripción de gestión Rendicion','gestión',NULL,'texto',NULL,NULL),(1524,56,'Contenido prueba','Incluya aquí los temas y el recorte particular que realizará para este proyecto','diseño','<p>Aqu&iacute; debe figurar el recorte de los contenidos realizado por el profesor</p>\n','texto',NULL,NULL),(1525,56,'Idea','Placeholder de la descripción de diseño Idea','diseño',NULL,'texto',NULL,NULL),(1526,56,'Recursos','Placeholder de la descripción de diseño Recursos','diseño',NULL,'texto',NULL,NULL),(1527,56,'Estrategia pedagógica','Placeholder de la descripción de diseño Estrategia pedagógica','diseño',NULL,'texto',NULL,NULL),(1528,56,'Creación','Placeholder de la descripción de diseño Creación','diseño',NULL,'texto',NULL,NULL),(1529,56,'Etapas','Placeholder de la descripción de diseño Etapas','diseño',NULL,'texto',NULL,NULL),(1530,56,'Actividades','Placeholder de la descripción de diseño Actividades','diseño',NULL,'texto',NULL,NULL),(1531,56,'Niveles de integración','Placeholder de la descripción de diseño Niveles de integración','diseño',NULL,'texto',NULL,NULL),(1532,56,'Módulo Social','Placeholder de la descripción de diseño Módulo Social','diseño',NULL,'texto',NULL,NULL),(1533,56,'Institucional','Placeholder de la descripción de contexto Institucional','contexto',NULL,'texto',NULL,NULL),(1534,56,'Personal','Placeholder de la descripción de contexto Personal','contexto',NULL,'texto',NULL,NULL),(1535,56,'Presupuesto','Placeholder de la descripción de contexto Presupuesto','contexto',NULL,'texto',NULL,NULL),(1536,56,'Factores exógenos','Placeholder de la descripción de contexto Factores exógenos','contexto',NULL,'texto',NULL,NULL),(1537,56,'Factores endógenos','Placeholder de la descripción de contexto Factores endógenos','contexto',NULL,'texto',NULL,NULL),(1538,56,'Recursos humanos','Placeholder de la descripción de contexto Recursos humanos','contexto',NULL,'texto',NULL,NULL),(1539,56,'Diagrama de gantt','Placeholder de la descripción de gestión Diagrama de gantt','gestión',NULL,'gantt',NULL,NULL),(1540,56,'Calendario','Placeholder de la descripción de gestión Calendario','gestión',NULL,'calendario',NULL,NULL),(1541,56,'Prueba piloto','Placeholder de la descripción de gestión Prueba piloto','gestión',NULL,'texto',NULL,NULL),(1542,56,'Seguimiento','Placeholder de la descripción de gestión Seguimiento','gestión',NULL,'texto',NULL,NULL),(1543,56,'Rendicion','Placeholder de la descripción de gestión Rendicion','gestión',NULL,'texto',NULL,NULL),(1556,57,'Contenido','Placeholder de la descripción de diseño Contenido','diseño',NULL,'texto',NULL,NULL),(1557,57,'Idea','Placeholder de la descripción de diseño Idea','diseño',NULL,'texto',NULL,NULL),(1558,57,'Recursos','Placeholder de la descripción de diseño Recursos','diseño',NULL,'texto',NULL,NULL),(1559,57,'Estrategia pedagógica','Placeholder de la descripción de diseño Estrategia pedagógica','diseño',NULL,'texto',NULL,NULL),(1560,57,'Creación','Placeholder de la descripción de diseño Creación','diseño',NULL,'texto',NULL,NULL),(1561,57,'Etapas','Placeholder de la descripción de diseño Etapas','diseño',NULL,'texto',NULL,NULL),(1562,57,'Actividades','Placeholder de la descripción de diseño Actividades','diseño',NULL,'texto',NULL,NULL),(1563,57,'Niveles de integración','Placeholder de la descripción de diseño Niveles de integración','diseño',NULL,'texto',NULL,NULL),(1564,57,'Módulo Social','Placeholder de la descripción de diseño Módulo Social','diseño',NULL,'texto',NULL,NULL),(1565,57,'Institucional','Placeholder de la descripción de contexto Institucional','contexto',NULL,'texto',NULL,NULL),(1566,57,'Personal','Placeholder de la descripción de contexto Personal','contexto',NULL,'texto',NULL,NULL),(1567,57,'Presupuesto','Placeholder de la descripción de contexto Presupuesto','contexto',NULL,'texto',NULL,NULL),(1568,57,'Factores exógenos','Placeholder de la descripción de contexto Factores exógenos','contexto',NULL,'texto',NULL,NULL),(1569,57,'Factores endógenos','Placeholder de la descripción de contexto Factores endógenos','contexto',NULL,'texto',NULL,NULL),(1570,57,'Recursos humanos','Placeholder de la descripción de contexto Recursos humanos','contexto',NULL,'texto',NULL,NULL),(1571,57,'Diagrama de gantt','Placeholder de la descripción de gestión Diagrama de gantt','gestión',NULL,'gantt',NULL,NULL),(1572,57,'Calendario','Placeholder de la descripción de gestión Calendario','gestión',NULL,'calendario',NULL,NULL),(1573,57,'Prueba piloto','Placeholder de la descripción de gestión Prueba piloto','gestión',NULL,'texto',NULL,NULL),(1574,57,'Seguimiento','Placeholder de la descripción de gestión Seguimiento','gestión',NULL,'texto',NULL,NULL),(1575,57,'Rendicion','Placeholder de la descripción de gestión Rendicion','gestión',NULL,'texto',NULL,NULL),(1587,58,'Contenido','Placeholder de la descripción de diseño Contenido','diseño',NULL,'texto',NULL,NULL),(1588,58,'Idea','Placeholder de la descripción de diseño Idea','diseño',NULL,'texto',NULL,NULL),(1589,58,'Recursos','Placeholder de la descripción de diseño Recursos','diseño',NULL,'texto',NULL,NULL),(1590,58,'Estrategia pedagógica','Placeholder de la descripción de diseño Estrategia pedagógica','diseño',NULL,'texto',NULL,NULL),(1591,58,'Creación','Placeholder de la descripción de diseño Creación','diseño',NULL,'texto',NULL,NULL),(1592,58,'Etapas','Placeholder de la descripción de diseño Etapas','diseño',NULL,'texto',NULL,NULL),(1593,58,'Actividades','Placeholder de la descripción de diseño Actividades','diseño',NULL,'texto',NULL,NULL),(1594,58,'Niveles de integración','Placeholder de la descripción de diseño Niveles de integración','diseño',NULL,'texto',NULL,NULL),(1595,58,'Módulo Social','Placeholder de la descripción de diseño Módulo Social','diseño',NULL,'texto',NULL,NULL),(1596,58,'Institucional','Placeholder de la descripción de contexto Institucional','contexto',NULL,'texto',NULL,NULL),(1597,58,'Personal','Placeholder de la descripción de contexto Personal','contexto',NULL,'texto',NULL,NULL),(1598,58,'Presupuesto','Placeholder de la descripción de contexto Presupuesto','contexto',NULL,'texto',NULL,NULL),(1599,58,'Factores exógenos','Placeholder de la descripción de contexto Factores exógenos','contexto',NULL,'texto',NULL,NULL),(1600,58,'Factores endógenos','Placeholder de la descripción de contexto Factores endógenos','contexto',NULL,'texto',NULL,NULL),(1601,58,'Recursos humanos','Placeholder de la descripción de contexto Recursos humanos','contexto',NULL,'texto',NULL,NULL),(1602,58,'Diagrama de gantt','Placeholder de la descripción de gestión Diagrama de gantt','gestión',NULL,'gantt',NULL,NULL),(1603,58,'Calendario','Placeholder de la descripción de gestión Calendario','gestión',NULL,'calendario',NULL,NULL),(1604,58,'Prueba piloto','Placeholder de la descripción de gestión Prueba piloto','gestión',NULL,'texto',NULL,NULL),(1605,58,'Seguimiento','Placeholder de la descripción de gestión Seguimiento','gestión',NULL,'texto',NULL,NULL),(1606,58,'Rendicion','Placeholder de la descripción de gestión Rendicion','gestión',NULL,'texto',NULL,NULL),(1618,59,'Contenido','Placeholder de la descripción de diseño Contenido','diseño',NULL,'texto',NULL,NULL),(1619,59,'Idea','Placeholder de la descripción de diseño Idea','diseño',NULL,'texto',NULL,NULL),(1620,59,'Recursos','Placeholder de la descripción de diseño Recursos','diseño',NULL,'texto',NULL,NULL),(1621,59,'Estrategia pedagógica','Placeholder de la descripción de diseño Estrategia pedagógica','diseño',NULL,'texto',NULL,NULL),(1622,59,'Creación','Placeholder de la descripción de diseño Creación','diseño',NULL,'texto',NULL,NULL),(1623,59,'Etapas','Placeholder de la descripción de diseño Etapas','diseño',NULL,'texto',NULL,NULL),(1624,59,'Actividades','Placeholder de la descripción de diseño Actividades','diseño',NULL,'texto',NULL,NULL),(1625,59,'Niveles de integración','Placeholder de la descripción de diseño Niveles de integración','diseño',NULL,'texto',NULL,NULL),(1626,59,'Módulo Social','Placeholder de la descripción de diseño Módulo Social','diseño',NULL,'texto',NULL,NULL),(1627,59,'Institucional','Placeholder de la descripción de contexto Institucional','contexto',NULL,'texto',NULL,NULL),(1628,59,'Personal','Placeholder de la descripción de contexto Personal','contexto',NULL,'texto',NULL,NULL),(1629,59,'Presupuesto','Placeholder de la descripción de contexto Presupuesto','contexto',NULL,'texto',NULL,NULL),(1630,59,'Factores exógenos','Placeholder de la descripción de contexto Factores exógenos','contexto',NULL,'texto',NULL,NULL),(1631,59,'Factores endógenos','Placeholder de la descripción de contexto Factores endógenos','contexto',NULL,'texto',NULL,NULL),(1632,59,'Recursos humanos','Placeholder de la descripción de contexto Recursos humanos','contexto',NULL,'texto',NULL,NULL),(1633,59,'Diagrama de gantt','Placeholder de la descripción de gestión Diagrama de gantt','gestión',NULL,'gantt',NULL,NULL),(1634,59,'Calendario','Placeholder de la descripción de gestión Calendario','gestión',NULL,'calendario',NULL,NULL),(1635,59,'Prueba piloto','Placeholder de la descripción de gestión Prueba piloto','gestión',NULL,'texto',NULL,NULL),(1636,59,'Seguimiento','Placeholder de la descripción de gestión Seguimiento','gestión',NULL,'texto',NULL,NULL),(1637,59,'Rendicion','Placeholder de la descripción de gestión Rendicion','gestión',NULL,'texto',NULL,NULL),(1649,60,'Contenido','Placeholder de la descripción de diseño Contenido','diseño',NULL,'texto',NULL,NULL),(1650,60,'Idea','Placeholder de la descripción de diseño Idea','diseño',NULL,'texto',NULL,NULL),(1651,60,'Recursos','Placeholder de la descripción de diseño Recursos','diseño',NULL,'texto',NULL,NULL),(1652,60,'Estrategia pedagógica','Placeholder de la descripción de diseño Estrategia pedagógica','diseño',NULL,'texto',NULL,NULL),(1653,60,'Creación','Placeholder de la descripción de diseño Creación','diseño',NULL,'texto',NULL,NULL),(1654,60,'Etapas','Placeholder de la descripción de diseño Etapas','diseño',NULL,'texto',NULL,NULL),(1655,60,'Actividades','Placeholder de la descripción de diseño Actividades','diseño',NULL,'texto',NULL,NULL),(1656,60,'Niveles de integración','Placeholder de la descripción de diseño Niveles de integración','diseño',NULL,'texto',NULL,NULL),(1657,60,'Módulo Social','Placeholder de la descripción de diseño Módulo Social','diseño',NULL,'texto',NULL,NULL),(1658,60,'Institucional','Placeholder de la descripción de contexto Institucional','contexto',NULL,'texto',NULL,NULL),(1659,60,'Personal','Placeholder de la descripción de contexto Personal','contexto',NULL,'texto',NULL,NULL),(1660,60,'Presupuesto','Placeholder de la descripción de contexto Presupuesto','contexto',NULL,'texto',NULL,NULL),(1661,60,'Factores exógenos','Placeholder de la descripción de contexto Factores exógenos','contexto',NULL,'texto',NULL,NULL),(1662,60,'Factores endógenos','Placeholder de la descripción de contexto Factores endógenos','contexto',NULL,'texto',NULL,NULL),(1663,60,'Recursos humanos','Placeholder de la descripción de contexto Recursos humanos','contexto',NULL,'texto',NULL,NULL),(1664,60,'Diagrama de gantt','Placeholder de la descripción de gestión Diagrama de gantt','gestión',NULL,'gantt',NULL,NULL),(1665,60,'Calendario','Placeholder de la descripción de gestión Calendario','gestión',NULL,'calendario',NULL,NULL),(1666,60,'Prueba piloto','Placeholder de la descripción de gestión Prueba piloto','gestión',NULL,'texto',NULL,NULL),(1667,60,'Seguimiento','Placeholder de la descripción de gestión Seguimiento','gestión',NULL,'texto',NULL,NULL),(1668,60,'Rendicion','Placeholder de la descripción de gestión Rendicion','gestión',NULL,'texto',NULL,NULL),(1680,61,'Contenido','Placeholder de la descripción de diseño Contenido','diseño',NULL,'texto',NULL,NULL),(1681,61,'Idea','Placeholder de la descripción de diseño Idea','diseño',NULL,'texto',NULL,NULL),(1682,61,'Recursos','Placeholder de la descripción de diseño Recursos','diseño',NULL,'texto',NULL,NULL),(1683,61,'Estrategia pedagógica','Placeholder de la descripción de diseño Estrategia pedagógica','diseño',NULL,'texto',NULL,NULL),(1684,61,'Creación','Placeholder de la descripción de diseño Creación','diseño',NULL,'texto',NULL,NULL),(1685,61,'Etapas','Placeholder de la descripción de diseño Etapas','diseño',NULL,'texto',NULL,NULL),(1686,61,'Actividades','Placeholder de la descripción de diseño Actividades','diseño',NULL,'texto',NULL,NULL),(1687,61,'Niveles de integración','Placeholder de la descripción de diseño Niveles de integración','diseño',NULL,'texto',NULL,NULL),(1688,61,'Módulo Social','Placeholder de la descripción de diseño Módulo Social','diseño',NULL,'texto',NULL,NULL),(1689,61,'Institucional','Placeholder de la descripción de contexto Institucional','contexto',NULL,'texto',NULL,NULL),(1690,61,'Personal','Placeholder de la descripción de contexto Personal','contexto',NULL,'texto',NULL,NULL),(1691,61,'Presupuesto','Placeholder de la descripción de contexto Presupuesto','contexto',NULL,'texto',NULL,NULL),(1692,61,'Factores exógenos','Placeholder de la descripción de contexto Factores exógenos','contexto',NULL,'texto',NULL,NULL),(1693,61,'Factores endógenos','Placeholder de la descripción de contexto Factores endógenos','contexto',NULL,'texto',NULL,NULL),(1694,61,'Recursos humanos','Placeholder de la descripción de contexto Recursos humanos','contexto',NULL,'texto',NULL,NULL),(1695,61,'Diagrama de gantt','Placeholder de la descripción de gestión Diagrama de gantt','gestión',NULL,'gantt',NULL,NULL),(1696,61,'Calendario','Placeholder de la descripción de gestión Calendario','gestión',NULL,'calendario',NULL,NULL),(1697,61,'Prueba piloto','Placeholder de la descripción de gestión Prueba piloto','gestión',NULL,'texto',NULL,NULL),(1698,61,'Seguimiento','Placeholder de la descripción de gestión Seguimiento','gestión',NULL,'texto',NULL,NULL),(1699,61,'Rendicion','Placeholder de la descripción de gestión Rendicion','gestión',NULL,'texto',NULL,NULL);
/*!40000 ALTER TABLE `proyecto_subsecciones` ENABLE KEYS */;
UNLOCK TABLES;

--
-- Table structure for table `proyecto_subsecciones_default`
--

DROP TABLE IF EXISTS `proyecto_subsecciones_default`;
/*!40101 SET @saved_cs_client     = @@character_set_client */;
/*!40101 SET character_set_client = utf8 */;
CREATE TABLE `proyecto_subsecciones_default` (
  `id` int(10) unsigned NOT NULL AUTO_INCREMENT,
  `nombre` varchar(255) DEFAULT NULL,
  `descripcion` text,
  `seccion` enum('contexto','gestión','diseño') DEFAULT NULL,
  `tipo` enum('texto','gantt','calendario') DEFAULT 'texto',
  PRIMARY KEY (`id`)
) ENGINE=InnoDB AUTO_INCREMENT=41 DEFAULT CHARSET=latin1;
/*!40101 SET character_set_client = @saved_cs_client */;

--
-- Dumping data for table `proyecto_subsecciones_default`
--

LOCK TABLES `proyecto_subsecciones_default` WRITE;
/*!40000 ALTER TABLE `proyecto_subsecciones_default` DISABLE KEYS */;
INSERT INTO `proyecto_subsecciones_default` VALUES (21,'Contenido','Placeholder de la descripción de diseño Contenido','diseño','texto'),(22,'Idea','Placeholder de la descripción de diseño Idea','diseño','texto'),(23,'Recursos','Placeholder de la descripción de diseño Recursos','diseño','texto'),(24,'Estrategia pedagógica','Placeholder de la descripción de diseño Estrategia pedagógica','diseño','texto'),(25,'Creación','Placeholder de la descripción de diseño Creación','diseño','texto'),(26,'Etapas','Placeholder de la descripción de diseño Etapas','diseño','texto'),(27,'Actividades','Placeholder de la descripción de diseño Actividades','diseño','texto'),(28,'Niveles de integración','Placeholder de la descripción de diseño Niveles de integración','diseño','texto'),(29,'Módulo Social','Placeholder de la descripción de diseño Módulo Social','diseño','texto'),(30,'Institucional','Placeholder de la descripción de contexto Institucional','contexto','texto'),(31,'Personal','Placeholder de la descripción de contexto Personal','contexto','texto'),(32,'Presupuesto','Placeholder de la descripción de contexto Presupuesto','contexto','texto'),(33,'Factores exógenos','Placeholder de la descripción de contexto Factores exógenos','contexto','texto'),(34,'Factores endógenos','Placeholder de la descripción de contexto Factores endógenos','contexto','texto'),(35,'Recursos humanos','Placeholder de la descripción de contexto Recursos humanos','contexto','texto'),(36,'Diagrama de gantt','Placeholder de la descripción de gestión Diagrama de gantt','gestión','gantt'),(37,'Calendario','Placeholder de la descripción de gestión Calendario','gestión','calendario'),(38,'Prueba piloto','Placeholder de la descripción de gestión Prueba piloto','gestión','texto'),(39,'Seguimiento','Placeholder de la descripción de gestión Seguimiento','gestión','texto'),(40,'Rendicion','Placeholder de la descripción de gestión Rendicion','gestión','texto');
/*!40000 ALTER TABLE `proyecto_subsecciones_default` ENABLE KEYS */;
UNLOCK TABLES;

--
-- Table structure for table `proyectos`
--

DROP TABLE IF EXISTS `proyectos`;
/*!40101 SET @saved_cs_client     = @@character_set_client */;
/*!40101 SET character_set_client = utf8 */;
CREATE TABLE `proyectos` (
  `id` int(10) unsigned NOT NULL AUTO_INCREMENT,
  `nombre` varchar(255) NOT NULL,
  `id_user` int(10) unsigned NOT NULL,
  `descripcion` text,
  `deleted` tinyint(1) DEFAULT '0',
  `created_at` datetime NOT NULL,
  `updated_at` datetime NOT NULL,
  `status` enum('habilitado','deshabilitado') NOT NULL DEFAULT 'habilitado',
  `saved` tinyint(1) DEFAULT '0',
  PRIMARY KEY (`id`)
) ENGINE=InnoDB AUTO_INCREMENT=62 DEFAULT CHARSET=latin1;
/*!40101 SET character_set_client = @saved_cs_client */;

--
-- Dumping data for table `proyectos`
--

LOCK TABLES `proyectos` WRITE;
/*!40000 ALTER TABLE `proyectos` DISABLE KEYS */;
INSERT INTO `proyectos` VALUES (1,'test #1',1,NULL,1,'2013-12-11 18:57:26','2014-01-08 19:08:27','habilitado',1),(2,'Nuevo Fernanda',9,NULL,1,'2013-12-11 21:49:49','2013-12-11 21:52:43','habilitado',1),(3,'',9,NULL,0,'2013-12-17 14:06:43','2013-12-17 14:06:43','habilitado',0),(4,'',15,NULL,0,'2013-12-19 11:52:46','2013-12-19 11:52:46','habilitado',0),(5,'prueba',9,NULL,1,'2014-01-06 19:29:26','2014-01-07 15:33:41','habilitado',1),(6,'',9,NULL,0,'2014-01-06 20:08:03','2014-01-06 20:08:03','habilitado',0),(7,'',9,NULL,0,'2014-01-07 14:05:07','2014-01-07 14:05:07','habilitado',0),(8,'',15,NULL,0,'2014-01-08 19:08:54','2014-01-08 19:08:54','habilitado',0),(9,'',15,NULL,0,'2014-01-13 17:43:40','2014-01-13 17:43:40','habilitado',0),(10,'Prueba 8 de enero',15,NULL,0,'2014-01-13 17:45:06','2014-01-13 17:46:51','habilitado',1),(11,'',9,NULL,0,'2014-01-13 18:58:35','2014-01-13 18:58:35','habilitado',0),(12,'',9,NULL,0,'2014-01-13 19:50:12','2014-01-13 19:50:12','habilitado',0),(13,'',9,NULL,0,'2014-01-13 21:13:01','2014-01-13 21:13:01','habilitado',0),(14,'',20,NULL,0,'2014-01-17 11:13:49','2014-01-17 11:13:49','habilitado',0),(15,'',20,NULL,0,'2014-01-17 13:50:31','2014-01-17 13:50:31','habilitado',0),(16,'prueba angeles',20,NULL,0,'2014-01-17 13:54:16','2014-02-05 21:30:31','habilitado',1),(17,'',15,NULL,0,'2014-01-17 15:47:00','2014-01-17 15:47:00','habilitado',0),(18,'',21,NULL,0,'2014-01-17 15:47:01','2014-01-17 15:47:01','habilitado',0),(19,'',15,NULL,0,'2014-01-17 15:47:35','2014-01-17 15:47:35','habilitado',0),(20,'',21,NULL,0,'2014-01-17 15:47:39','2014-01-17 15:47:39','habilitado',0),(21,'',20,NULL,0,'2014-01-17 15:47:39','2014-01-17 15:47:39','habilitado',0),(22,'',1,NULL,0,'2014-01-29 10:22:27','2014-01-29 10:22:27','habilitado',0),(23,'',9,NULL,0,'2014-03-07 09:42:04','2014-03-07 09:42:04','habilitado',0),(24,'Gantttttttttttttttttttt',9,NULL,1,'2014-03-07 10:01:28','2014-03-07 10:01:45','habilitado',1),(25,'Proyecto de Fer',9,NULL,1,'2014-03-07 11:59:35','2014-03-07 12:00:54','habilitado',1),(26,'Prueba eliminar',9,NULL,1,'2014-03-07 13:00:08','2014-03-07 13:00:20','habilitado',1),(27,'fffffffffffffffffffffffffffffff',9,NULL,1,'2014-03-07 13:26:07','2014-03-07 13:26:13','habilitado',1),(28,'gggggggggggggggggggggggg',9,NULL,1,'2014-03-07 13:32:20','2014-03-07 13:32:28','habilitado',1),(29,'',15,NULL,0,'2014-03-07 15:08:28','2014-03-07 15:08:28','habilitado',0),(30,'',9,NULL,0,'2014-03-09 13:28:35','2014-03-09 13:28:35','habilitado',0),(31,'Secciones',9,NULL,1,'2014-03-16 12:04:47','2014-03-16 12:07:13','habilitado',1),(32,'empieza habilitado',1,NULL,1,'2014-03-20 19:09:35','2014-03-20 19:09:42','habilitado',1),(33,'probando secciones',9,NULL,1,'2014-03-21 21:43:20','2014-03-21 21:51:53','habilitado',1),(34,'',9,NULL,0,'2014-03-21 21:55:51','2014-03-21 21:55:51','habilitado',0),(35,'',9,NULL,0,'2014-03-24 14:50:52','2014-03-24 14:50:52','habilitado',0),(36,'dddddddddddddddddddddddd',9,NULL,1,'2014-03-24 15:03:24','2014-03-24 15:13:53','habilitado',1),(37,'',9,NULL,0,'2014-03-24 15:32:16','2014-03-24 15:32:16','habilitado',0),(38,'Prueba colaboración',9,NULL,1,'2014-03-24 20:49:12','2014-04-03 22:28:51','habilitado',1),(39,'',24,NULL,0,'2014-03-26 08:56:52','2014-03-26 08:56:52','habilitado',0),(40,'Nombre proyecto',1,NULL,1,'2014-04-04 12:48:05','2014-04-04 12:49:53','habilitado',1),(41,'',15,NULL,0,'2014-04-09 10:22:01','2014-04-09 10:22:01','habilitado',0),(42,'',15,NULL,0,'2014-04-14 13:01:19','2014-04-14 13:01:19','habilitado',0),(43,'',15,NULL,0,'2014-04-14 13:01:20','2014-04-14 13:01:20','habilitado',0),(44,'Especialización proyecto',21,NULL,0,'2014-05-08 15:20:31','2014-05-08 15:20:57','habilitado',1),(45,'',21,NULL,0,'2014-05-09 10:14:09','2014-05-09 10:14:09','habilitado',0),(46,'',15,NULL,0,'2014-05-15 21:16:36','2014-05-15 21:16:36','habilitado',0),(47,'',21,NULL,0,'2014-05-16 09:47:01','2014-05-16 09:47:01','habilitado',0),(48,'Jornada APUBA',21,NULL,1,'2014-05-16 13:31:09','2014-05-16 13:34:45','habilitado',1),(49,'',15,NULL,0,'2014-05-22 10:12:13','2014-05-22 10:12:13','habilitado',0),(50,'',21,NULL,0,'2014-05-22 12:13:01','2014-05-22 12:13:01','habilitado',0),(51,'',15,NULL,0,'2014-06-03 16:43:06','2014-06-03 16:43:06','habilitado',0),(52,'',15,NULL,0,'2014-06-09 12:57:02','2014-06-09 12:57:02','habilitado',0),(53,'',15,NULL,0,'2014-06-09 12:58:55','2014-06-09 12:58:55','habilitado',0),(54,'',15,NULL,0,'2014-07-05 10:34:22','2014-07-05 10:34:22','habilitado',0),(55,'',15,NULL,0,'2014-07-15 21:43:13','2014-07-15 21:43:13','habilitado',0),(56,'Angeles Prueba',15,NULL,0,'2014-09-01 14:06:33','2014-09-01 14:25:09','habilitado',1),(57,'',9,NULL,0,'2014-09-01 16:28:28','2014-09-01 16:28:28','habilitado',0),(58,'',9,NULL,0,'2014-09-01 16:29:22','2014-09-01 16:29:22','habilitado',0),(59,'Prueba colaboradores',9,NULL,1,'2014-09-01 16:31:52','2014-09-01 16:32:07','habilitado',1),(60,'',15,NULL,0,'2014-09-01 18:08:58','2014-09-01 18:08:58','habilitado',0),(61,'',32,NULL,0,'2014-09-03 12:56:19','2014-09-03 12:56:19','habilitado',0);
/*!40000 ALTER TABLE `proyectos` ENABLE KEYS */;
UNLOCK TABLES;

--
-- Table structure for table `proyectos_colaboradores`
--

DROP TABLE IF EXISTS `proyectos_colaboradores`;
/*!40101 SET @saved_cs_client     = @@character_set_client */;
/*!40101 SET character_set_client = utf8 */;
CREATE TABLE `proyectos_colaboradores` (
  `id` int(10) unsigned NOT NULL AUTO_INCREMENT,
  `proyecto_id` int(10) unsigned NOT NULL,
  `created_at` datetime DEFAULT NULL,
  `user_id` int(10) unsigned NOT NULL,
  PRIMARY KEY (`id`),
  UNIQUE KEY `proyecto_id_2` (`proyecto_id`,`user_id`),
  KEY `proyecto_id` (`proyecto_id`)
) ENGINE=InnoDB AUTO_INCREMENT=18 DEFAULT CHARSET=latin1;
/*!40101 SET character_set_client = @saved_cs_client */;

--
-- Dumping data for table `proyectos_colaboradores`
--

LOCK TABLES `proyectos_colaboradores` WRITE;
/*!40000 ALTER TABLE `proyectos_colaboradores` DISABLE KEYS */;
INSERT INTO `proyectos_colaboradores` VALUES (5,32,NULL,25),(8,36,NULL,26),(9,38,NULL,27),(11,38,NULL,29),(12,38,NULL,15),(13,40,NULL,9),(14,59,NULL,33),(15,59,NULL,34),(17,56,NULL,20);
/*!40000 ALTER TABLE `proyectos_colaboradores` ENABLE KEYS */;
UNLOCK TABLES;

--
-- Table structure for table `tareas`
--

DROP TABLE IF EXISTS `tareas`;
/*!40101 SET @saved_cs_client     = @@character_set_client */;
/*!40101 SET character_set_client = utf8 */;
CREATE TABLE `tareas` (
  `id` varchar(255) NOT NULL,
  `id_proyecto` int(11) DEFAULT NULL,
  `name` varchar(255) NOT NULL,
  `status` varchar(255) NOT NULL,
  `code` varchar(255) NOT NULL,
  `level` int(11) NOT NULL,
  `start` float NOT NULL,
  `duration` int(11) NOT NULL,
  `end` float NOT NULL,
  `startIsMilestone` tinyint(1) NOT NULL,
  `assigs` varchar(255) NOT NULL,
  `depends` varchar(255) NOT NULL,
  `endIsMilestone` tinyint(1) NOT NULL,
  `progress` int(11) NOT NULL,
  `collapsed` varchar(30) NOT NULL,
  `description` text NOT NULL,
  `inicio` date NOT NULL,
  `fin` date NOT NULL
) ENGINE=InnoDB DEFAULT CHARSET=latin1;
/*!40101 SET character_set_client = @saved_cs_client */;

--
-- Dumping data for table `tareas`
--

LOCK TABLES `tareas` WRITE;
/*!40000 ALTER TABLE `tareas` DISABLE KEYS */;
INSERT INTO `tareas` VALUES ('tmp_fk1394197660693',24,'tarea','STATUS_ACTIVE','',0,1394070000000,17,1396060000000,0,'','',0,0,'0','','2014-03-05','2014-03-28'),('-1',25,'Tarea de Fer','STATUS_ACTIVE','',0,1394420000000,1,1394510000000,0,'','',0,0,'0','','2014-03-09','2014-03-10'),('tmp_fk1394210133080',28,'tarea','STATUS_ACTIVE','',0,1394420000000,2,1394590000000,0,'','',0,0,'0','','2014-03-09','2014-03-11'),('tmp_fk1396627322386',40,'Nuevo','STATUS_ACTIVE','',0,1396840000000,1,1396930000000,0,'','',0,0,'0','','2014-04-06','2014-04-07');
/*!40000 ALTER TABLE `tareas` ENABLE KEYS */;
UNLOCK TABLES;

--
-- Table structure for table `users`
--

DROP TABLE IF EXISTS `users`;
/*!40101 SET @saved_cs_client     = @@character_set_client */;
/*!40101 SET character_set_client = utf8 */;
CREATE TABLE `users` (
  `id` mediumint(8) NOT NULL AUTO_INCREMENT,
  `email` varchar(500) DEFAULT NULL,
  `login` varchar(500) DEFAULT NULL,
  `password` varchar(60) NOT NULL,
  `last_login` date DEFAULT NULL,
  `forgot_password_hash` varchar(255) DEFAULT NULL,
  `created_at` timestamp NULL DEFAULT NULL,
  `updated_at` timestamp NULL DEFAULT NULL,
  `confirm_email_hash` varchar(255) DEFAULT NULL,
  `name` varchar(500) DEFAULT NULL,
  `deleted` tinyint(1) NOT NULL DEFAULT '0',
  PRIMARY KEY (`id`),
  UNIQUE KEY `email` (`email`),
  UNIQUE KEY `login` (`login`)
) ENGINE=InnoDB AUTO_INCREMENT=36 DEFAULT CHARSET=latin1;
/*!40101 SET character_set_client = @saved_cs_client */;

--
-- Dumping data for table `users`
--

LOCK TABLES `users` WRITE;
/*!40000 ALTER TABLE `users` DISABLE KEYS */;
INSERT INTO `users` VALUES (1,'ezequiel.golub+citep_profesor@gmail.com','ezequiel.golub+citep_profesor@gmail.com','$2a$12$DrDAnONJ2Bm5/9nUTGQap.dG822hQufwuIwQH3ZixbHoiCcTw2Bve','2014-08-04','','2013-08-07 01:52:42','2013-12-11 21:57:20','','Ezequiel Golub',0),(2,'$2a$12$vw.Bq275MRK7kZSAlmeH.eQiV14/3KUHB5l0GdeHkWUwHWq1QcxhCDISABLED','$2a$12$vw.Bq275MRK7kZSAlmeH.eQiV14/3KUHB5l0GdeHkWUwHWq1QcxhCDISABLED','$2a$12$vw.Bq275MRK7kZSAlmeH.eQiV14/3KUHB5l0GdeHkWUwHWq1QcxhC','2013-09-17',NULL,'2013-09-06 21:36:40','2013-09-17 14:25:10',NULL,'Fernanda Citep',1),(3,'$2a$12$4edbiRIbDdpQiEsc/2t4i.I87wkVbEmvM3l.T242CnG6jRNRoYKl6DISABLED','$2a$12$4edbiRIbDdpQiEsc/2t4i.I87wkVbEmvM3l.T242CnG6jRNRoYKl6DISABLED','$2a$12$4edbiRIbDdpQiEsc/2t4i.I87wkVbEmvM3l.T242CnG6jRNRoYKl6',NULL,NULL,'2013-09-09 14:12:41','2013-09-09 14:15:51',NULL,'Ferna14',1),(4,'$2a$12$nP.qGJ9DS/F65M..YtccwuCHDN9jGy9M.IWgOw5rPlRih9BFI.GLqDISABLED','$2a$12$nP.qGJ9DS/F65M..YtccwuCHDN9jGy9M.IWgOw5rPlRih9BFI.GLqDISABLED','$2a$12$nP.qGJ9DS/F65M..YtccwuCHDN9jGy9M.IWgOw5rPlRih9BFI.GLq',NULL,NULL,'2013-09-11 21:32:26','2013-09-11 21:32:55',NULL,'Verónica',1),(5,'$2a$12$F3D.iRcI1aJah048GeedDekXSteh3ipBBdzFYW0YvcC2sHOAXssu6DISABLED','$2a$12$F3D.iRcI1aJah048GeedDekXSteh3ipBBdzFYW0YvcC2sHOAXssu6DISABLED','$2a$12$F3D.iRcI1aJah048GeedDekXSteh3ipBBdzFYW0YvcC2sHOAXssu6',NULL,NULL,'2013-09-11 21:34:55','2013-09-11 21:35:19',NULL,'Verónica',1),(6,'$2a$12$tQTOLkJD2NzdXuEPV5CT7e2u72jFhobw9ewxSFHgLzy7MYY9RbCLiDISABLED','$2a$12$tQTOLkJD2NzdXuEPV5CT7e2u72jFhobw9ewxSFHgLzy7MYY9RbCLiDISABLED','$2a$12$tQTOLkJD2NzdXuEPV5CT7e2u72jFhobw9ewxSFHgLzy7MYY9RbCLi',NULL,NULL,'2013-09-11 21:38:42','2013-09-11 21:39:24',NULL,'Verónica',1),(7,'$2a$12$qDO.kTd9nf.ywCr9Ue7BUuLW.ZYNa6i0PSZOw79VJuz04oA/89k2mDISABLED','$2a$12$qDO.kTd9nf.ywCr9Ue7BUuLW.ZYNa6i0PSZOw79VJuz04oA/89k2mDISABLED','$2a$12$qDO.kTd9nf.ywCr9Ue7BUuLW.ZYNa6i0PSZOw79VJuz04oA/89k2m',NULL,NULL,'2013-09-16 19:05:18','2013-09-16 19:06:14',NULL,'Carlos Perez',1),(8,'$2a$12$Nh8c79CsQnGdA2oNUEWFb.YwZv4KXSGYL2BPiMXX7Z4bDhhY9sl3SDISABLED','$2a$12$Nh8c79CsQnGdA2oNUEWFb.YwZv4KXSGYL2BPiMXX7Z4bDhhY9sl3SDISABLED','$2a$12$Nh8c79CsQnGdA2oNUEWFb.YwZv4KXSGYL2BPiMXX7Z4bDhhY9sl3S','2013-09-17',NULL,'2013-09-17 13:50:16','2013-09-17 14:20:18',NULL,'Ezequiel Profesor!',1),(9,'mfperosi@hotmail.com','mfperosi@hotmail.com','$2a$12$J7b9lU/AeZlexjXlHo.Q7urRsxn3.Q3jOVcAAOgr5F6V146JGWWSa','2014-09-02','','2013-09-17 14:24:19','2014-04-04 20:55:03',NULL,'Fernanda Perosi',0),(10,'ezequiel.golub@gmail.comDISABLED','ezequiel.golub@gmail.comDISABLED','$2a$12$VaHAOkoKNGEdSzDjfqfoE.vYvfybU1DePMc/pIMpPJ/zcGrRbM6P2',NULL,NULL,'2013-09-19 21:01:07','2013-09-23 13:08:10',NULL,'ezequiel',1),(11,'$2a$12$gB1L7tG3pUJ6UCBLzTsdV.Sb.7S3ayl0NT9ZC.iuQWfPvo67KIS9ODISABLED','$2a$12$gB1L7tG3pUJ6UCBLzTsdV.Sb.7S3ayl0NT9ZC.iuQWfPvo67KIS9ODISABLED','$2a$12$gB1L7tG3pUJ6UCBLzTsdV.Sb.7S3ayl0NT9ZC.iuQWfPvo67KIS9O',NULL,NULL,'2013-09-20 11:00:17','2013-09-20 11:01:51',NULL,'Carla Perez',1),(12,'$2a$12$55vQv1ihyzmOmLEIxFOH2OBAhqYlTXvgWLeUzpUI4RpQcrMQ/mhfaDISABLED','$2a$12$55vQv1ihyzmOmLEIxFOH2OBAhqYlTXvgWLeUzpUI4RpQcrMQ/mhfaDISABLED','$2a$12$55vQv1ihyzmOmLEIxFOH2OBAhqYlTXvgWLeUzpUI4RpQcrMQ/mhfa',NULL,NULL,'2013-09-20 11:43:48','2013-09-20 11:44:24',NULL,'Ideored14',1),(13,'$2a$12$HLexOZkzVXDU91d19B0RCuJYV2NPJ4EzKSDz6dC2SNvHl.ESzYk8WDISABLED','$2a$12$HLexOZkzVXDU91d19B0RCuJYV2NPJ4EzKSDz6dC2SNvHl.ESzYk8WDISABLED','$2a$12$HLexOZkzVXDU91d19B0RCuJYV2NPJ4EzKSDz6dC2SNvHl.ESzYk8W',NULL,NULL,'2013-09-20 11:44:47','2013-09-20 11:49:41',NULL,'Fernanda',1),(15,'vperosi@gmail.com','vperosi@gmail.com','$2a$12$W6linMjxdP9uIK5liOn9VOBL8vZp76maq8N3vpDsR01lM9Hk3KrCy','2014-09-08',NULL,'2013-09-23 16:25:05','2014-01-08 20:28:33',NULL,'Verónica Perosi',0),(19,'info@mitrabajodedisenio.comDISABLED','info@mitrabajodedisenio.comDISABLED','$2a$12$2aQ8gQhYo.uDvCJEKPnseOtSGODZHitRFR8dxRMwBDNi3J1gvg1oe',NULL,NULL,'2014-01-13 23:50:00','2014-01-17 13:34:23',NULL,'Fernanda',1),(20,'asoletic@webar.com','asoletic@webar.com','$2a$12$Bi/0mbJ7P0Loi44PkeVXt.1LWSPXcNHE2D659yzI4oos1jc25IA.u','2014-09-02','','2014-01-17 14:09:50','2014-09-02 16:11:42',NULL,'Angeles Soletic',0),(21,'saandreoli@gmail.com','saandreoli@gmail.com','$2a$12$lIdL8TX9IqrCqs0QFfdrZO22o/tywh5q8nOBbD4sdc.Rb2DcmP4m.','2014-06-06','','2014-01-17 14:10:17','2014-05-20 12:29:12',NULL,'Silvia Andreoli',0),(23,'fperosi@hotmail.comDISABLED','fperosi@hotmail.comDISABLED','$2a$12$HTAkyqgY8vqPb/wtSks/3uvhI4rTOeVtnxaosqYLZc6rSJD7odmYy',NULL,'','2014-03-07 17:33:36','2014-03-13 15:43:31',NULL,'Fernanda 2',1),(24,'veronicaweber08@gmail.com','veronicaweber08@gmail.com','$2a$12$9ERiHlo5pEZwg9Cp8wvHY.QeEg2GNy0HyfcfTysgVNuUT5qWCvtii','2014-09-01','','2014-03-19 17:42:53','2014-03-25 19:05:30',NULL,'Verónica Weber',0),(25,'ezequie.lgolub@gmail.comDISABLED','ezequie.lgolub@gmail.comDISABLED','$2a$12$KsvMW3AQ2b/T6/hAdYNEA.vnv.tnFNDb1gLwHcBVakHN9BkE11V9a',NULL,NULL,'2014-03-21 23:06:05','2014-08-04 20:06:18',NULL,'eze gol',1),(26,'fperosi@hotmai.comDISABLED','fperosi@hotmai.comDISABLED','$2a$12$XD.rbZ8wcv0Kgx.lb62AluTUdP/zac9g/o.hmhtROuFtXAhlYN3HO',NULL,NULL,'2014-03-24 18:20:25','2014-03-24 21:35:20',NULL,'Fernanda Perosi',1),(27,'ideored@gmail.comDISABLED','ideored@gmail.comDISABLED','$2a$12$R744Gv8Usxmnf/4FU07hZugomtE3.RXjlLQdzkc1BCC8be4T4l/pW',NULL,NULL,'2014-03-24 23:50:09','2014-03-25 22:41:35',NULL,'Ideo Fer',1),(30,'mlbuccolo@rec.uba.ar','mlbuccolo@rec.uba.ar','$2a$12$QSrR5YD1CI7dMDpq6GWq9uaFz7Dyk00pTnqUnksVJEsSGWD.KZIhS','2014-05-07','','2014-04-04 16:10:34','2014-05-06 16:25:25',NULL,'Laura Buccolo',0),(31,'cgutierrez@rec.uba.ar','cgutierrez@rec.uba.ar','$2a$12$gpVHV2DMlu/Jk5IULgZSN.IdYPBNA.jz3YRre7/Evvh2xwHSSbFTO','2014-05-07',NULL,'2014-05-07 18:28:13','2014-05-07 18:28:13',NULL,'Clara Gutierrez',0),(32,'orzanco.mauge@gmail.com','orzanco.mauge@gmail.com','$2a$12$kvQHKDJV9aCxom9FkGlwyuyhw8SAi63JgVHhkciMJ00cD/doOehAe','2014-09-04',NULL,'2014-08-04 23:21:44','2014-09-03 15:56:00',NULL,'María Eugenia Orzanco ',0),(33,'fperosi@speedy.com.arDISABLED','fperosi@speedy.com.arDISABLED','$2a$12$1fuSNtGVuS0gdZrr6/3lb.h3Gk798bPIZjp8ltI6cSazCG8jqNLui',NULL,NULL,'2014-09-01 19:33:09','2014-09-01 19:38:16',NULL,'Fer Perosi',1),(34,'ideored@gmail.com','ideored@gmail.com','$2a$12$q7y5/wTke/BPk1Pb/wINMuBBr/8rD0cojyg0js9Bnl1DlV1VJyglS',NULL,NULL,'2014-09-01 19:33:50','2014-09-01 19:33:50',NULL,'Fer Perosi',0),(35,'fperosi@speedy.com.ar','fperosi@speedy.com.ar','$2a$12$9smQAr0xjjuYgUP7EbmFweKN3naHB2PYYHIo41SHWjX.2gcB1uGgy',NULL,NULL,'2014-09-01 20:32:17','2014-09-01 20:32:17',NULL,'Fer Perosi',0);
/*!40000 ALTER TABLE `users` ENABLE KEYS */;
UNLOCK TABLES;

--
-- Table structure for table `users_permissions`
--

DROP TABLE IF EXISTS `users_permissions`;
/*!40101 SET @saved_cs_client     = @@character_set_client */;
/*!40101 SET character_set_client = utf8 */;
CREATE TABLE `users_permissions` (
  `user_id` mediumint(8) NOT NULL,
  `permission_id` mediumint(8) NOT NULL,
  `created_at` timestamp NULL DEFAULT NULL,
  `updated_at` timestamp NULL DEFAULT NULL,
  KEY `user_id` (`user_id`),
  KEY `permission_id` (`permission_id`),
  CONSTRAINT `users_permissions_ibfk_1` FOREIGN KEY (`user_id`) REFERENCES `users` (`id`) ON DELETE CASCADE,
  CONSTRAINT `users_permissions_ibfk_2` FOREIGN KEY (`permission_id`) REFERENCES `permissions` (`id`) ON DELETE CASCADE
) ENGINE=InnoDB DEFAULT CHARSET=latin1;
/*!40101 SET character_set_client = @saved_cs_client */;

--
-- Dumping data for table `users_permissions`
--

LOCK TABLES `users_permissions` WRITE;
/*!40000 ALTER TABLE `users_permissions` DISABLE KEYS */;
INSERT INTO `users_permissions` VALUES (3,1,NULL,NULL),(3,2,NULL,NULL),(4,2,NULL,NULL),(5,2,NULL,NULL),(6,2,NULL,NULL),(7,1,NULL,NULL),(7,2,NULL,NULL),(2,1,NULL,NULL),(2,2,NULL,NULL),(8,2,NULL,NULL),(10,1,NULL,NULL),(11,1,NULL,NULL),(11,2,NULL,NULL),(12,1,NULL,NULL),(12,2,NULL,NULL),(13,1,NULL,NULL),(1,1,NULL,NULL),(1,2,NULL,NULL),(1,3,NULL,NULL),(1,4,NULL,NULL),(9,1,NULL,NULL),(9,2,NULL,NULL),(9,3,NULL,NULL),(9,4,NULL,NULL),(15,1,NULL,NULL),(15,2,NULL,NULL),(15,3,NULL,NULL),(15,4,NULL,NULL),(19,4,NULL,NULL),(20,4,NULL,NULL),(23,2,NULL,NULL),(24,4,NULL,NULL),(25,5,NULL,NULL),(9,5,NULL,NULL),(26,5,NULL,NULL),(27,5,NULL,NULL),(15,5,NULL,NULL),(30,1,NULL,NULL),(31,1,NULL,NULL),(21,1,NULL,NULL),(21,4,NULL,NULL),(32,2,NULL,NULL),(32,3,NULL,NULL),(32,4,NULL,NULL),(33,5,NULL,NULL),(34,5,NULL,NULL),(35,5,NULL,NULL),(20,5,NULL,NULL);
/*!40000 ALTER TABLE `users_permissions` ENABLE KEYS */;
UNLOCK TABLES;
/*!40103 SET TIME_ZONE=@OLD_TIME_ZONE */;

/*!40101 SET SQL_MODE=@OLD_SQL_MODE */;
/*!40014 SET FOREIGN_KEY_CHECKS=@OLD_FOREIGN_KEY_CHECKS */;
/*!40014 SET UNIQUE_CHECKS=@OLD_UNIQUE_CHECKS */;
/*!40101 SET CHARACTER_SET_CLIENT=@OLD_CHARACTER_SET_CLIENT */;
/*!40101 SET CHARACTER_SET_RESULTS=@OLD_CHARACTER_SET_RESULTS */;
/*!40101 SET COLLATION_CONNECTION=@OLD_COLLATION_CONNECTION */;
/*!40111 SET SQL_NOTES=@OLD_SQL_NOTES */;

-- Dump completed on 2014-09-12 11:22:23
